series,date,value
BNB,2017-11-30,1.997
BNB,2017-12-31,8.6356
BNB,2018-01-31,11.145
BNB,2018-02-28,10.4382
BNB,2018-03-31,11.0559
BNB,2018-04-30,14.3121
BNB,2018-05-31,14.1902
BNB,2018-06-30,14.6573
BNB,2018-07-31,13.7754
BNB,2018-08-31,11.0138
BNB,2018-09-30,10.0178
BNB,2018-10-31,9.365
BNB,2018-11-30,5.0786
BNB,2018-12-31,6.1647
BNB,2019-01-31,6.2684
BNB,2019-02-28,10.3652
BNB,2019-03-31,17.4017
BNB,2019-04-30,22.1278
BNB,2019-05-31,32.7482
BNB,2019-06-30,32.4425
BNB,2019-07-31,27.6446
BNB,2019-08-31,21.2659
BNB,2019-09-30,15.8627
BNB,2019-10-31,20.0002
BNB,2019-11-30,15.716
BNB,2019-12-31,13.7276
BNB,2020-01-31,18.211
BNB,2020-02-29,19.5841
BNB,2020-03-31,12.5816
BNB,2020-04-30,17.034
BNB,2020-05-31,17.0405
BNB,2020-06-30,15.4136
BNB,2020-07-31,20.6681
BNB,2020-08-31,23.1931
BNB,2020-09-30,29.2909
BNB,2020-10-31,28.4312
BNB,2020-11-30,31.3928
BNB,2020-12-31,37.376
BNB,2021-01-31,44.276
BNB,2021-02-28,209.5744
BNB,2021-03-31,302.0634
BNB,2021-04-30,624.0806
BNB,2021-05-31,354.3293
BNB,2021-06-30,303.2959
BNB,2021-07-31,333.5496
BNB,2021-08-31,464.4187
BNB,2021-09-30,387.0573
BNB,2021-10-31,524.3644
BNB,2021-11-30,622.6699
BNB,2021-12-31,511.7083
BNB,2022-01-31,375.2773
BNB,2022-02-28,395.6124
BNB,2022-03-31,428.9161
BNB,2022-04-30,377.7678
BNB,2022-05-31,320.4851
BNB,2022-06-30,219.3001
BNB,2022-07-31,283.5795
BNB,2022-08-31,279.2381
BNB,2022-09-30,284.1923
BNB,2022-10-31,326.3607
BNB,2022-11-30,300.7943
BNB,2022-12-31,246.3492
BNB,2023-01-31,312.3611
BNB,2023-02-28,301.4748
BNB,2023-03-31,317.04
BNB,2023-04-30,337.6455
BNB,2023-05-31,306.8667
BNB,2023-06-30,240.3698
BNB,2023-07-31,241.1207
BNB,2023-08-31,216.5978
BNB,2023-09-30,214.8213
BNB,2023-10-31,226.4399
BNB,2023-11-30,227.6838
BNB,2023-12-31,312.4357
BNB,2024-01-31,300.3511
BNB,2024-02-29,399.7787
BNB,2024-03-31,606.9086
BNB,2024-04-30,578.488
BNB,2024-05-31,593.5223
BNB,2024-06-30,581.7711
BNB,2024-07-31,576.3682
BNB,2024-08-31,532.897
BNB,2024-09-30,567.2601
BNB,2024-10-31,576.0345
BNB,2024-11-30,654.3292
BNB,2024-12-31,700.9869
BNB,2025-01-31,677.3754
BNB,2025-02-28,587.4516
BNB,2025-03-31,605.0728
BNB,2025-04-30,599.6817
BNB,2025-05-31,658.5013
BNB,2025-06-30,657.0253
BNB,2025-07-31,783.6668
BNB,2025-08-31,857.8168
BNB,2025-09-30,1008.4835
BNB,2025-10-31,1088.9554
BNB,2025-11-30,877.5768
BNB,2025-12-31,863.2574
BNB,2026-01-31,780.4846
BNB,2026-02-28,617.2464
BNB,2026-03-31,617.0492
BNB,2026-04-30,615.0667
BNB,2026-05-31,708.5842
BNB,2026-06-30,545.6862
BNB,2026-07-29,571.28
BTC,2014-09-30,386.944
BTC,2014-10-31,338.321
BTC,2014-11-30,378.047
BTC,2014-12-31,320.193
BTC,2015-01-31,217.464
BTC,2015-02-28,254.263
BTC,2015-03-31,244.224
BTC,2015-04-30,236.145
BTC,2015-05-31,230.19
BTC,2015-06-30,263.072
BTC,2015-07-31,284.65
BTC,2015-08-31,230.056
BTC,2015-09-30,236.06
BTC,2015-10-31,314.166
BTC,2015-11-30,377.321
BTC,2015-12-31,430.567
BTC,2016-01-31,368.767
BTC,2016-02-29,437.697
BTC,2016-03-31,416.729
BTC,2016-04-30,448.318
BTC,2016-05-31,531.386
BTC,2016-06-30,673.337
BTC,2016-07-31,624.681
BTC,2016-08-31,575.472
BTC,2016-09-30,609.735
BTC,2016-10-31,700.972
BTC,2016-11-30,745.691
BTC,2016-12-31,963.743
BTC,2017-01-31,970.403
BTC,2017-02-28,1179.97
BTC,2017-03-31,1071.79
BTC,2017-04-30,1347.89
BTC,2017-05-31,2286.4099
BTC,2017-06-30,2480.8401
BTC,2017-07-31,2875.3401
BTC,2017-08-31,4703.3901
BTC,2017-09-30,4338.71
BTC,2017-10-31,6468.3999
BTC,2017-11-30,10233.5996
BTC,2017-12-31,14156.4004
BTC,2018-01-31,10221.0996
BTC,2018-02-28,10397.9004
BTC,2018-03-31,6973.5298
BTC,2018-04-30,9240.5498
BTC,2018-05-31,7494.1699
BTC,2018-06-30,6404
BTC,2018-07-31,7780.4399
BTC,2018-08-31,7037.5801
BTC,2018-09-30,6625.5601
BTC,2018-10-31,6317.6099
BTC,2018-11-30,4017.2686
BTC,2018-12-31,3742.7004
BTC,2019-01-31,3457.7927
BTC,2019-02-28,3854.7854
BTC,2019-03-31,4105.4043
BTC,2019-04-30,5350.7266
BTC,2019-05-31,8574.502
BTC,2019-06-30,10817.1553
BTC,2019-07-31,10085.6279
BTC,2019-08-31,9630.6641
BTC,2019-09-30,8293.8682
BTC,2019-10-31,9199.585
BTC,2019-11-30,7569.6299
BTC,2019-12-31,7193.5991
BTC,2020-01-31,9350.5293
BTC,2020-02-29,8599.5088
BTC,2020-03-31,6438.6445
BTC,2020-04-30,8658.5537
BTC,2020-05-31,9461.0586
BTC,2020-06-30,9137.9932
BTC,2020-07-31,11323.4668
BTC,2020-08-31,11680.8203
BTC,2020-09-30,10784.4912
BTC,2020-10-31,13780.9951
BTC,2020-11-30,19625.8359
BTC,2020-12-31,29001.7207
BTC,2021-01-31,33114.3594
BTC,2021-02-28,45137.7695
BTC,2021-03-31,58918.832
BTC,2021-04-30,57750.1758
BTC,2021-05-31,37332.8555
BTC,2021-06-30,35040.8359
BTC,2021-07-31,41626.1953
BTC,2021-08-31,47166.6875
BTC,2021-09-30,43790.8945
BTC,2021-10-31,61318.957
BTC,2021-11-30,57005.4258
BTC,2021-12-31,46306.4453
BTC,2022-01-31,38483.125
BTC,2022-02-28,43193.2344
BTC,2022-03-31,45538.6758
BTC,2022-04-30,37714.875
BTC,2022-05-31,31792.3105
BTC,2022-06-30,19784.7266
BTC,2022-07-31,23336.8965
BTC,2022-08-31,20049.7637
BTC,2022-09-30,19431.7891
BTC,2022-10-31,20495.7734
BTC,2022-11-30,17168.5664
BTC,2022-12-31,16547.4961
BTC,2023-01-31,23139.2832
BTC,2023-02-28,23147.3535
BTC,2023-03-31,28478.4844
BTC,2023-04-30,29268.8066
BTC,2023-05-31,27219.6582
BTC,2023-06-30,30477.252
BTC,2023-07-31,29230.1113
BTC,2023-08-31,25931.4727
BTC,2023-09-30,26967.916
BTC,2023-10-31,34667.7812
BTC,2023-11-30,37712.7461
BTC,2023-12-31,42265.1875
BTC,2024-01-31,42582.6055
BTC,2024-02-29,61198.3828
BTC,2024-03-31,71333.6484
BTC,2024-04-30,60636.8555
BTC,2024-05-31,67491.4141
BTC,2024-06-30,62678.293
BTC,2024-07-31,64619.25
BTC,2024-08-31,58969.8984
BTC,2024-09-30,63329.5
BTC,2024-10-31,70215.1875
BTC,2024-11-30,96449.0547
BTC,2024-12-31,93429.2031
BTC,2025-01-31,102405.0234
BTC,2025-02-28,84373.0078
BTC,2025-03-31,82548.9141
BTC,2025-04-30,94207.3125
BTC,2025-05-31,104638.0938
BTC,2025-06-30,107135.3359
BTC,2025-07-31,115758.2031
BTC,2025-08-31,108236.7109
BTC,2025-09-30,114056.0859
BTC,2025-10-31,109556.1641
BTC,2025-11-30,90394.3125
BTC,2025-12-31,87508.8281
BTC,2026-01-31,78621.1172
BTC,2026-02-28,66995.8594
BTC,2026-03-31,68233.3125
BTC,2026-04-30,76304.3203
BTC,2026-05-31,73579.6875
BTC,2026-06-30,58558.8594
BTC,2026-07-29,64414.9609
Brent Crude Oil,2007-07-31,77.05
Brent Crude Oil,2007-08-31,72.69
Brent Crude Oil,2007-09-28,79.17
Brent Crude Oil,2007-10-31,90.63
Brent Crude Oil,2007-11-30,88.26
Brent Crude Oil,2007-12-31,93.85
Brent Crude Oil,2008-01-31,92.21
Brent Crude Oil,2008-02-29,100.1
Brent Crude Oil,2008-03-31,100.3
Brent Crude Oil,2008-04-30,111.36
Brent Crude Oil,2008-05-30,127.78
Brent Crude Oil,2008-06-30,139.83
Brent Crude Oil,2008-07-31,123.98
Brent Crude Oil,2008-08-29,114.05
Brent Crude Oil,2008-09-30,98.17
Brent Crude Oil,2008-10-31,65.32
Brent Crude Oil,2008-11-28,53.49
Brent Crude Oil,2008-12-31,45.59
Brent Crude Oil,2009-01-30,45.88
Brent Crude Oil,2009-02-27,47.2
Brent Crude Oil,2009-03-31,49.23
Brent Crude Oil,2009-04-14,51.96
Brent Crude Oil,2009-05-29,65.52
Brent Crude Oil,2009-06-30,69.3
Brent Crude Oil,2009-07-31,71.7
Brent Crude Oil,2009-08-31,69.65
Brent Crude Oil,2009-09-30,69.07
Brent Crude Oil,2009-10-30,75.2
Brent Crude Oil,2009-11-30,78.47
Brent Crude Oil,2009-12-31,77.93
Brent Crude Oil,2010-01-29,71.46
Brent Crude Oil,2010-02-26,77.59
Brent Crude Oil,2010-03-31,82.7
Brent Crude Oil,2010-04-30,87.44
Brent Crude Oil,2010-05-28,74.02
Brent Crude Oil,2010-06-30,75.01
Brent Crude Oil,2010-07-30,78.18
Brent Crude Oil,2010-08-31,74.64
Brent Crude Oil,2010-09-30,82.31
Brent Crude Oil,2010-10-29,83.15
Brent Crude Oil,2010-11-30,85.92
Brent Crude Oil,2010-12-31,94.75
Brent Crude Oil,2011-01-31,101.01
Brent Crude Oil,2011-02-28,111.8
Brent Crude Oil,2011-03-31,117.36
Brent Crude Oil,2011-04-29,125.89
Brent Crude Oil,2011-05-31,116.73
Brent Crude Oil,2011-06-30,112.48
Brent Crude Oil,2011-07-29,116.74
Brent Crude Oil,2011-08-31,114.85
Brent Crude Oil,2011-09-30,102.76
Brent Crude Oil,2011-10-31,109.56
Brent Crude Oil,2011-11-29,110.82
Brent Crude Oil,2011-12-30,107.38
Brent Crude Oil,2012-01-31,110.98
Brent Crude Oil,2012-02-29,122.66
Brent Crude Oil,2012-03-30,122.88
Brent Crude Oil,2012-04-30,119.47
Brent Crude Oil,2012-05-31,101.87
Brent Crude Oil,2012-06-29,97.8
Brent Crude Oil,2012-07-31,104.92
Brent Crude Oil,2012-08-31,114.57
Brent Crude Oil,2012-09-28,112.39
Brent Crude Oil,2012-10-31,108.7
Brent Crude Oil,2012-11-30,111.23
Brent Crude Oil,2012-12-31,111.11
Brent Crude Oil,2013-01-31,115.55
Brent Crude Oil,2013-02-28,111.38
Brent Crude Oil,2013-03-28,110.02
Brent Crude Oil,2013-04-30,102.37
Brent Crude Oil,2013-05-31,100.39
Brent Crude Oil,2013-06-28,102.16
Brent Crude Oil,2013-07-31,107.7
Brent Crude Oil,2013-08-30,114.01
Brent Crude Oil,2013-09-30,108.37
Brent Crude Oil,2013-10-31,108.84
Brent Crude Oil,2013-11-29,109.69
Brent Crude Oil,2013-12-31,110.8
Brent Crude Oil,2014-01-31,106.4
Brent Crude Oil,2014-02-28,109.07
Brent Crude Oil,2014-03-31,107.76
Brent Crude Oil,2014-04-30,108.07
Brent Crude Oil,2014-05-30,109.41
Brent Crude Oil,2014-06-30,112.36
Brent Crude Oil,2014-07-31,106.02
Brent Crude Oil,2014-08-29,103.19
Brent Crude Oil,2014-09-30,94.67
Brent Crude Oil,2014-10-31,85.86
Brent Crude Oil,2014-11-28,70.15
Brent Crude Oil,2014-12-31,57.33
Brent Crude Oil,2015-01-30,52.99
Brent Crude Oil,2015-02-27,62.58
Brent Crude Oil,2015-03-31,55.11
Brent Crude Oil,2015-04-30,66.78
Brent Crude Oil,2015-05-29,65.56
Brent Crude Oil,2015-06-30,63.59
Brent Crude Oil,2015-07-31,52.21
Brent Crude Oil,2015-08-31,54.15
Brent Crude Oil,2015-09-30,48.37
Brent Crude Oil,2015-10-30,49.56
Brent Crude Oil,2015-11-30,44.61
Brent Crude Oil,2015-12-31,37.28
Brent Crude Oil,2016-01-29,34.74
Brent Crude Oil,2016-02-29,35.97
Brent Crude Oil,2016-03-31,39.6
Brent Crude Oil,2016-04-29,48.13
Brent Crude Oil,2016-05-31,49.69
Brent Crude Oil,2016-06-30,49.68
Brent Crude Oil,2016-07-29,42.46
Brent Crude Oil,2016-08-31,47.04
Brent Crude Oil,2016-09-30,49.06
Brent Crude Oil,2016-10-31,48.3
Brent Crude Oil,2016-11-30,50.47
Brent Crude Oil,2016-12-30,56.13
Brent Crude Oil,2017-01-31,55.7
Brent Crude Oil,2017-02-28,55.59
Brent Crude Oil,2017-03-31,52.83
Brent Crude Oil,2017-04-28,51.73
Brent Crude Oil,2017-05-31,50.31
Brent Crude Oil,2017-06-30,47.92
Brent Crude Oil,2017-07-31,52.65
Brent Crude Oil,2017-08-31,52.38
Brent Crude Oil,2017-09-29,57.54
Brent Crude Oil,2017-10-31,61.37
Brent Crude Oil,2017-11-30,63.57
Brent Crude Oil,2017-12-29,66.6
Brent Crude Oil,2018-01-31,69.05
Brent Crude Oil,2018-02-28,65.78
Brent Crude Oil,2018-03-29,70.27
Brent Crude Oil,2018-04-30,75.17
Brent Crude Oil,2018-05-31,77.59
Brent Crude Oil,2018-06-29,79.44
Brent Crude Oil,2018-07-31,74.25
Brent Crude Oil,2018-08-31,77.42
Brent Crude Oil,2018-09-28,82.72
Brent Crude Oil,2018-10-31,75.47
Brent Crude Oil,2018-11-30,58.71
Brent Crude Oil,2018-12-31,53.8
Brent Crude Oil,2019-01-31,61.89
Brent Crude Oil,2019-02-28,66.03
Brent Crude Oil,2019-03-29,68.39
Brent Crude Oil,2019-04-30,72.8
Brent Crude Oil,2019-05-31,64.49
Brent Crude Oil,2019-06-28,66.55
Brent Crude Oil,2019-07-31,65.17
Brent Crude Oil,2019-08-30,60.43
Brent Crude Oil,2019-09-30,60.78
Brent Crude Oil,2019-10-31,60.23
Brent Crude Oil,2019-11-29,62.43
Brent Crude Oil,2019-12-31,66
Brent Crude Oil,2020-01-31,58.16
Brent Crude Oil,2020-02-28,50.52
Brent Crude Oil,2020-03-31,22.74
Brent Crude Oil,2020-04-30,25.27
Brent Crude Oil,2020-05-29,35.33
Brent Crude Oil,2020-06-30,41.15
Brent Crude Oil,2020-07-31,43.3
Brent Crude Oil,2020-08-31,45.28
Brent Crude Oil,2020-09-30,40.95
Brent Crude Oil,2020-10-30,37.46
Brent Crude Oil,2020-11-30,47.59
Brent Crude Oil,2020-12-31,51.8
Brent Crude Oil,2021-01-29,55.88
Brent Crude Oil,2021-02-26,66.13
Brent Crude Oil,2021-03-31,63.54
Brent Crude Oil,2021-04-30,67.25
Brent Crude Oil,2021-05-28,69.63
Brent Crude Oil,2021-06-30,75.13
Brent Crude Oil,2021-07-30,76.33
Brent Crude Oil,2021-08-31,72.99
Brent Crude Oil,2021-09-30,78.52
Brent Crude Oil,2021-10-29,84.38
Brent Crude Oil,2021-11-30,70.57
Brent Crude Oil,2021-12-31,77.78
Brent Crude Oil,2022-01-31,91.21
Brent Crude Oil,2022-02-28,100.99
Brent Crude Oil,2022-03-31,107.91
Brent Crude Oil,2022-04-29,109.34
Brent Crude Oil,2022-05-31,122.84
Brent Crude Oil,2022-06-30,114.81
Brent Crude Oil,2022-07-29,110.01
Brent Crude Oil,2022-08-31,96.49
Brent Crude Oil,2022-09-30,87.96
Brent Crude Oil,2022-10-31,94.83
Brent Crude Oil,2022-11-30,85.43
Brent Crude Oil,2022-12-30,85.91
Brent Crude Oil,2023-01-31,84.49
Brent Crude Oil,2023-02-28,83.89
Brent Crude Oil,2023-03-31,79.77
Brent Crude Oil,2023-04-28,79.54
Brent Crude Oil,2023-05-31,72.66
Brent Crude Oil,2023-06-30,74.9
Brent Crude Oil,2023-07-31,85.56
Brent Crude Oil,2023-08-31,86.86
Brent Crude Oil,2023-09-29,95.31
Brent Crude Oil,2023-10-31,87.41
Brent Crude Oil,2023-11-30,82.83
Brent Crude Oil,2023-12-29,77.04
Brent Crude Oil,2024-01-31,81.71
Brent Crude Oil,2024-02-29,83.62
Brent Crude Oil,2024-03-28,87.48
Brent Crude Oil,2024-04-30,87.86
Brent Crude Oil,2024-05-31,81.62
Brent Crude Oil,2024-06-28,86.41
Brent Crude Oil,2024-07-31,80.72
Brent Crude Oil,2024-08-30,78.8
Brent Crude Oil,2024-09-30,71.77
Brent Crude Oil,2024-10-31,73.16
Brent Crude Oil,2024-11-29,72.94
Brent Crude Oil,2024-12-31,74.64
Brent Crude Oil,2025-01-31,76.76
Brent Crude Oil,2025-02-28,73.18
Brent Crude Oil,2025-03-31,74.74
Brent Crude Oil,2025-04-30,63.12
Brent Crude Oil,2025-05-30,63.9
Brent Crude Oil,2025-06-30,67.61
Brent Crude Oil,2025-07-31,72.53
Brent Crude Oil,2025-08-29,68.12
Brent Crude Oil,2025-09-30,67.02
Brent Crude Oil,2025-10-31,65.07
Brent Crude Oil,2025-11-28,63.2
Brent Crude Oil,2025-12-31,60.85
Brent Crude Oil,2026-01-30,70.69
Brent Crude Oil,2026-02-27,72.48
Brent Crude Oil,2026-03-31,118.35
Brent Crude Oil,2026-04-30,114.01
Brent Crude Oil,2026-05-29,92.05
Brent Crude Oil,2026-06-30,72.92
Brent Crude Oil,2026-07-29,88.11
CNY/USD,2001-06-26,8.2768
CNY/USD,2001-07-30,8.2767
CNY/USD,2001-08-29,8.2769
CNY/USD,2001-09-26,8.2769
CNY/USD,2001-10-29,8.277
CNY/USD,2001-11-29,8.2774
CNY/USD,2001-12-28,8.2767
CNY/USD,2002-01-31,8.2765
CNY/USD,2002-02-28,8.2765
CNY/USD,2002-03-28,8.2774
CNY/USD,2002-04-30,8.2773
CNY/USD,2002-05-31,8.2765
CNY/USD,2002-06-28,8.2771
CNY/USD,2002-07-31,8.2767
CNY/USD,2002-08-30,8.2768
CNY/USD,2002-09-30,8.2669
CNY/USD,2002-10-31,8.277
CNY/USD,2002-11-29,8.2772
CNY/USD,2002-12-31,8.277
CNY/USD,2003-01-31,8.2769
CNY/USD,2003-02-28,8.2775
CNY/USD,2003-03-31,8.2774
CNY/USD,2003-04-29,8.277
CNY/USD,2003-12-30,8.2667
CNY/USD,2004-01-30,8.2668
CNY/USD,2004-02-27,8.2669
CNY/USD,2004-03-31,8.267
CNY/USD,2004-04-30,8.2671
CNY/USD,2004-05-28,8.2669
CNY/USD,2004-06-30,8.2666
CNY/USD,2004-07-30,8.2669
CNY/USD,2004-08-31,8.2666
CNY/USD,2004-09-30,8.2666
CNY/USD,2004-10-29,8.2665
CNY/USD,2004-11-30,8.2665
CNY/USD,2004-12-31,8.2665
CNY/USD,2005-01-31,8.2665
CNY/USD,2005-02-28,8.2665
CNY/USD,2005-03-31,8.2665
CNY/USD,2005-04-29,8.2665
CNY/USD,2005-05-31,8.2665
CNY/USD,2005-06-30,8.2665
CNY/USD,2005-07-29,8.0956
CNY/USD,2005-08-31,8.0898
CNY/USD,2005-09-30,8.0768
CNY/USD,2005-10-31,8.0732
CNY/USD,2005-11-30,8.0756
CNY/USD,2005-12-30,8.0682
CNY/USD,2006-01-31,8.062
CNY/USD,2006-02-28,8.0379
CNY/USD,2006-03-31,8.0075
CNY/USD,2006-04-28,8.0039
CNY/USD,2006-05-31,8.014
CNY/USD,2006-06-30,7.9825
CNY/USD,2006-07-31,7.96
CNY/USD,2006-08-31,7.9449
CNY/USD,2006-09-29,7.8973
CNY/USD,2006-10-31,7.869
CNY/USD,2006-11-30,7.8233
CNY/USD,2006-12-29,7.7975
CNY/USD,2007-01-31,7.7648
CNY/USD,2007-02-28,7.728
CNY/USD,2007-03-30,7.7208
CNY/USD,2007-04-30,7.6955
CNY/USD,2007-05-31,7.6375
CNY/USD,2007-06-29,7.6035
CNY/USD,2007-07-31,7.5625
CNY/USD,2007-08-31,7.535
CNY/USD,2007-09-28,7.496
CNY/USD,2007-10-31,7.4615
CNY/USD,2007-11-30,7.388
CNY/USD,2007-12-31,7.2941
CNY/USD,2008-01-31,7.173
CNY/USD,2008-02-29,7.1019
CNY/USD,2008-03-31,7.0024
CNY/USD,2008-04-30,6.9785
CNY/USD,2008-05-30,6.9325
CNY/USD,2008-06-30,6.8444
CNY/USD,2008-07-31,6.8215
CNY/USD,2008-08-29,6.8252
CNY/USD,2008-09-30,6.8351
CNY/USD,2008-10-31,6.8295
CNY/USD,2008-11-28,6.8159
CNY/USD,2008-12-31,6.8133
CNY/USD,2009-01-30,6.8297
CNY/USD,2009-02-27,6.8289
CNY/USD,2009-03-31,6.8263
CNY/USD,2009-04-30,6.8095
CNY/USD,2009-05-29,6.8183
CNY/USD,2009-06-30,6.8205
CNY/USD,2009-07-31,6.8221
CNY/USD,2009-08-31,6.8212
CNY/USD,2009-09-30,6.8164
CNY/USD,2009-10-30,6.8175
CNY/USD,2009-11-30,6.8172
CNY/USD,2009-12-31,6.8305
CNY/USD,2010-01-29,6.8169
CNY/USD,2010-02-26,6.8167
CNY/USD,2010-03-31,6.8159
CNY/USD,2010-04-30,6.816
CNY/USD,2010-05-31,6.8181
CNY/USD,2010-06-30,6.772
CNY/USD,2010-07-30,6.7652
CNY/USD,2010-08-31,6.7933
CNY/USD,2010-09-30,6.6784
CNY/USD,2010-10-29,6.6765
CNY/USD,2010-11-30,6.6505
CNY/USD,2010-12-31,6.6124
CNY/USD,2011-01-31,6.5725
CNY/USD,2011-02-28,6.563
CNY/USD,2011-03-31,6.5486
CNY/USD,2011-04-29,6.501
CNY/USD,2011-05-31,6.4738
CNY/USD,2011-06-30,6.463
CNY/USD,2011-07-29,6.443
CNY/USD,2011-08-31,6.3803
CNY/USD,2011-09-30,6.3875
CNY/USD,2011-10-31,6.3488
CNY/USD,2011-11-30,6.3651
CNY/USD,2011-12-30,6.309
CNY/USD,2012-01-31,6.3136
CNY/USD,2012-02-29,6.2984
CNY/USD,2012-03-30,6.306
CNY/USD,2012-04-30,6.3042
CNY/USD,2012-05-31,6.3507
CNY/USD,2012-06-29,6.3574
CNY/USD,2012-07-31,6.3796
CNY/USD,2012-08-31,6.3502
CNY/USD,2012-09-28,6.3024
CNY/USD,2012-10-31,6.2419
CNY/USD,2012-11-30,6.2314
CNY/USD,2012-12-31,6.2348
CNY/USD,2013-01-31,6.2195
CNY/USD,2013-02-28,6.2262
CNY/USD,2013-03-29,6.2126
CNY/USD,2013-04-30,6.1652
CNY/USD,2013-05-31,6.1209
CNY/USD,2013-06-28,6.2298
CNY/USD,2013-07-31,6.1217
CNY/USD,2013-08-30,6.1105
CNY/USD,2013-09-30,6.1099
CNY/USD,2013-10-31,6.0838
CNY/USD,2013-11-29,6.0824
CNY/USD,2013-12-31,6.0518
CNY/USD,2014-01-31,6.051
CNY/USD,2014-02-28,6.1184
CNY/USD,2014-03-31,6.2022
CNY/USD,2014-04-30,6.2481
CNY/USD,2014-05-30,6.228
CNY/USD,2014-06-30,6.2085
CNY/USD,2014-07-31,6.1615
CNY/USD,2014-08-29,6.1328
CNY/USD,2014-09-30,6.14
CNY/USD,2014-10-31,6.1045
CNY/USD,2014-11-28,6.1291
CNY/USD,2014-12-31,6.192
CNY/USD,2015-01-30,6.2366
CNY/USD,2015-02-27,6.2495
CNY/USD,2015-03-31,6.1965
CNY/USD,2015-04-30,6.1902
CNY/USD,2015-05-29,6.1912
CNY/USD,2015-06-30,6.1988
CNY/USD,2015-07-31,6.1997
CNY/USD,2015-08-31,6.3785
CNY/USD,2015-09-30,6.3536
CNY/USD,2015-10-30,6.3467
CNY/USD,2015-11-30,6.385
CNY/USD,2015-12-31,6.4812
CNY/USD,2016-01-29,6.5652
CNY/USD,2016-02-29,6.5304
CNY/USD,2016-03-31,6.4551
CNY/USD,2016-04-29,6.4659
CNY/USD,2016-05-31,6.5733
CNY/USD,2016-06-30,6.6268
CNY/USD,2016-07-29,6.6561
CNY/USD,2016-08-31,6.6804
CNY/USD,2016-09-30,6.6687
CNY/USD,2016-10-31,6.7834
CNY/USD,2016-11-30,6.8973
CNY/USD,2016-12-30,6.9453
CNY/USD,2017-01-31,6.8807
CNY/USD,2017-02-28,6.8701
CNY/USD,2017-03-31,6.889
CNY/USD,2017-04-28,6.8969
CNY/USD,2017-05-31,6.8558
CNY/USD,2017-06-30,6.7857
CNY/USD,2017-07-31,6.7389
CNY/USD,2017-08-31,6.5957
CNY/USD,2017-09-29,6.665
CNY/USD,2017-10-31,6.6424
CNY/USD,2017-11-30,6.6083
CNY/USD,2017-12-29,6.5316
CNY/USD,2018-01-31,6.3211
CNY/USD,2018-02-28,6.3167
CNY/USD,2018-03-30,6.2889
CNY/USD,2018-04-30,6.337
CNY/USD,2018-05-31,6.418
CNY/USD,2018-06-29,6.6274
CNY/USD,2018-07-31,6.8149
CNY/USD,2018-08-31,6.8431
CNY/USD,2018-09-28,6.8803
CNY/USD,2018-10-31,6.9663
CNY/USD,2018-11-30,6.9415
CNY/USD,2018-12-31,6.8772
CNY/USD,2019-01-31,6.7155
CNY/USD,2019-02-28,6.6862
CNY/USD,2019-03-29,6.7381
CNY/USD,2019-04-30,6.7324
CNY/USD,2019-05-31,6.9009
CNY/USD,2019-06-28,6.8671
CNY/USD,2019-07-31,6.8836
CNY/USD,2019-08-30,7.1436
CNY/USD,2019-09-30,7.1218
CNY/USD,2019-10-31,7.0544
CNY/USD,2019-11-29,7.0344
CNY/USD,2019-12-31,6.9857
CNY/USD,2020-01-31,6.9357
CNY/USD,2020-02-28,7.0035
CNY/USD,2020-03-31,7.0992
CNY/USD,2020-04-30,7.0754
CNY/USD,2020-05-29,7.1452
CNY/USD,2020-06-30,7.0796
CNY/USD,2020-07-31,7.0073
CNY/USD,2020-08-31,6.8644
CNY/USD,2020-09-30,6.8154
CNY/USD,2020-10-30,6.714
CNY/USD,2020-11-30,6.576
CNY/USD,2020-12-31,6.5222
CNY/USD,2021-01-29,6.4484
CNY/USD,2021-02-26,6.4538
CNY/USD,2021-03-31,6.571
CNY/USD,2021-04-30,6.4712
CNY/USD,2021-05-31,6.3674
CNY/USD,2021-06-30,6.4631
CNY/USD,2021-07-30,6.4553
CNY/USD,2021-08-31,6.4651
CNY/USD,2021-09-30,6.4696
CNY/USD,2021-10-29,6.3904
CNY/USD,2021-11-30,6.387
CNY/USD,2021-12-31,6.3721
CNY/USD,2022-01-31,6.351
CNY/USD,2022-02-28,6.316
CNY/USD,2022-03-31,6.3462
CNY/USD,2022-04-29,6.6253
CNY/USD,2022-05-31,6.6603
CNY/USD,2022-06-30,6.6998
CNY/USD,2022-07-29,6.7458
CNY/USD,2022-08-31,6.9108
CNY/USD,2022-09-30,7.1239
CNY/USD,2022-10-31,7.2514
CNY/USD,2022-11-30,7.1594
CNY/USD,2022-12-30,6.9631
CNY/USD,2023-01-31,6.7478
CNY/USD,2023-02-28,6.9439
CNY/USD,2023-03-31,6.8704
CNY/USD,2023-04-28,6.9223
CNY/USD,2023-05-31,7.079
CNY/USD,2023-06-30,7.2518
CNY/USD,2023-07-31,7.1028
CNY/USD,2023-08-31,7.2836
CNY/USD,2023-09-29,7.2999
CNY/USD,2023-10-31,7.3121
CNY/USD,2023-11-30,7.0789
CNY/USD,2023-12-29,7.107
CNY/USD,2024-01-31,7.0941
CNY/USD,2024-02-29,7.196
CNY/USD,2024-03-29,7.2265
CNY/USD,2024-04-30,7.2377
CNY/USD,2024-05-31,7.2335
CNY/USD,2024-06-28,7.2672
CNY/USD,2024-07-31,7.2507
CNY/USD,2024-08-30,7.0955
CNY/USD,2024-09-30,7.0103
CNY/USD,2024-10-31,7.1148
CNY/USD,2024-11-29,7.2429
CNY/USD,2024-12-31,7.2981
CNY/USD,2025-01-31,7.1809
CNY/USD,2025-02-28,7.2853
CNY/USD,2025-03-31,7.2628
CNY/USD,2025-04-30,7.269
CNY/USD,2025-05-30,7.2037
CNY/USD,2025-06-30,7.1721
CNY/USD,2025-07-31,7.1764
CNY/USD,2025-08-29,7.153
CNY/USD,2025-09-30,7.1194
CNY/USD,2025-10-31,7.1098
CNY/USD,2025-11-28,7.0758
CNY/USD,2025-12-31,6.9961
CNY/USD,2026-01-30,6.948
CNY/USD,2026-02-27,6.8409
CNY/USD,2026-03-31,6.9116
CNY/USD,2026-04-30,6.8375
CNY/USD,2026-05-29,6.7795
CNY/USD,2026-06-30,6.7936
CNY/USD,2026-07-29,6.7551
Copper,2000-08-31,0.885
Copper,2000-09-29,0.9155
Copper,2000-10-31,0.8465
Copper,2000-11-30,0.841
Copper,2000-12-29,0.8465
Copper,2001-01-31,0.8485
Copper,2001-02-28,0.81
Copper,2001-03-30,0.7585
Copper,2001-04-30,0.7665
Copper,2001-05-31,0.752
Copper,2001-06-29,0.7045
Copper,2001-07-31,0.678
Copper,2001-08-31,0.6785
Copper,2001-09-28,0.646
Copper,2001-10-31,0.622
Copper,2001-11-30,0.722
Copper,2001-12-31,0.653
Copper,2002-01-31,0.7305
Copper,2002-02-28,0.714
Copper,2002-03-28,0.7605
Copper,2002-04-30,0.7325
Copper,2002-05-31,0.7615
Copper,2002-06-28,0.7675
Copper,2002-07-31,0.6775
Copper,2002-08-30,0.687
Copper,2002-09-30,0.66
Copper,2002-10-31,0.714
Copper,2002-11-27,0.7495
Copper,2002-12-31,0.697
Copper,2003-01-31,0.7915
Copper,2003-02-28,0.775
Copper,2003-03-31,0.7125
Copper,2003-04-30,0.725
Copper,2003-05-30,0.78
Copper,2003-06-30,0.748
Copper,2003-07-31,0.818
Copper,2003-08-29,0.803
Copper,2003-09-30,0.813
Copper,2003-10-31,0.937
Copper,2003-11-26,0.907
Copper,2003-12-31,1.043
Copper,2004-01-30,1.143
Copper,2004-02-27,1.343
Copper,2004-03-31,1.3585
Copper,2004-04-30,1.2095
Copper,2004-05-28,1.278
Copper,2004-06-30,1.205
Copper,2004-07-30,1.308
Copper,2004-08-31,1.281
Copper,2004-09-30,1.4
Copper,2004-10-29,1.3475
Copper,2004-11-30,1.443
Copper,2004-12-30,1.487
Copper,2005-01-31,1.463
Copper,2005-02-28,1.5
Copper,2005-03-31,1.509
Copper,2005-04-29,1.498
Copper,2005-05-31,1.505
Copper,2005-06-30,1.5535
Copper,2005-07-29,1.6875
Copper,2005-08-31,1.695
Copper,2005-09-30,1.8015
Copper,2005-10-31,1.896
Copper,2005-11-30,2.075
Copper,2005-12-30,2.1615
Copper,2006-01-31,2.2355
Copper,2006-02-28,2.1855
Copper,2006-03-31,2.488
Copper,2006-04-28,3.3355
Copper,2006-05-31,3.7165
Copper,2006-06-30,3.4625
Copper,2006-07-31,3.61
Copper,2006-08-31,3.469
Copper,2006-09-29,3.459
Copper,2006-10-31,3.336
Copper,2006-11-30,3.1715
Copper,2006-12-29,2.854
Copper,2007-01-31,2.5835
Copper,2007-02-28,2.733
Copper,2007-03-30,3.1435
Copper,2007-04-30,3.5415
Copper,2007-05-31,3.3935
Copper,2007-06-29,3.4535
Copper,2007-07-31,3.6535
Copper,2007-08-31,3.411
Copper,2007-09-28,3.6305
Copper,2007-10-31,3.468
Copper,2007-11-30,3.157
Copper,2007-12-31,3.0305
Copper,2008-01-31,3.2895
Copper,2008-02-29,3.852
Copper,2008-03-31,3.8635
Copper,2008-04-30,3.934
Copper,2008-05-30,3.628
Copper,2008-06-30,3.8955
Copper,2008-07-31,3.7165
Copper,2008-08-29,3.4295
Copper,2008-09-30,2.888
Copper,2008-10-31,1.844
Copper,2008-11-28,1.6235
Copper,2008-12-31,1.395
Copper,2009-01-30,1.462
Copper,2009-02-27,1.526
Copper,2009-03-31,1.839
Copper,2009-04-30,2.053
Copper,2009-05-29,2.1975
Copper,2009-06-30,2.258
Copper,2009-07-31,2.6165
Copper,2009-08-31,2.808
Copper,2009-09-30,2.809
Copper,2009-10-30,2.9475
Copper,2009-11-30,3.1485
Copper,2009-12-31,3.3275
Copper,2010-01-29,3.046
Copper,2010-02-26,3.2685
Copper,2010-03-31,3.546
Copper,2010-04-30,3.3375
Copper,2010-05-28,3.097
Copper,2010-06-30,2.936
Copper,2010-07-30,3.307
Copper,2010-08-31,3.361
Copper,2010-09-30,3.646
Copper,2010-10-29,3.732
Copper,2010-11-30,3.823
Copper,2010-12-31,4.4395
Copper,2011-01-31,4.451
Copper,2011-02-28,4.478
Copper,2011-03-31,4.3
Copper,2011-04-29,4.1655
Copper,2011-05-31,4.1735
Copper,2011-06-30,4.272
Copper,2011-07-29,4.474
Copper,2011-08-31,4.187
Copper,2011-09-30,3.145
Copper,2011-10-31,3.629
Copper,2011-11-30,3.563
Copper,2011-12-30,3.4315
Copper,2012-01-31,3.7875
Copper,2012-02-29,3.8705
Copper,2012-03-30,3.824
Copper,2012-04-30,3.8335
Copper,2012-05-31,3.3625
Copper,2012-06-29,3.49
Copper,2012-07-31,3.4195
Copper,2012-08-31,3.454
Copper,2012-09-28,3.773
Copper,2012-10-31,3.527
Copper,2012-11-30,3.6295
Copper,2012-12-31,3.641
Copper,2013-01-31,3.7235
Copper,2013-02-28,3.5275
Copper,2013-03-28,3.395
Copper,2013-04-30,3.1875
Copper,2013-05-31,3.289
Copper,2013-06-28,3.0505
Copper,2013-07-31,3.1185
Copper,2013-08-30,3.225
Copper,2013-09-30,3.321
Copper,2013-10-31,3.2945
Copper,2013-11-29,3.2305
Copper,2013-12-31,3.4415
Copper,2014-01-31,3.2205
Copper,2014-02-28,3.2385
Copper,2014-03-31,3.0465
Copper,2014-04-30,3.0295
Copper,2014-05-30,3.136
Copper,2014-06-30,3.188
Copper,2014-07-31,3.223
Copper,2014-08-29,3.135
Copper,2014-09-30,3.0055
Copper,2014-10-31,3.061
Copper,2014-11-28,2.86
Copper,2014-12-31,2.8385
Copper,2015-01-30,2.528
Copper,2015-02-27,2.716
Copper,2015-03-31,2.747
Copper,2015-04-30,2.8865
Copper,2015-05-29,2.7595
Copper,2015-06-30,2.6235
Copper,2015-07-31,2.3675
Copper,2015-08-31,2.338
Copper,2015-09-30,2.3455
Copper,2015-10-30,2.3135
Copper,2015-11-30,2.0445
Copper,2015-12-31,2.1255
Copper,2016-01-29,2.064
Copper,2016-02-29,2.1285
Copper,2016-03-31,2.1815
Copper,2016-04-29,2.279
Copper,2016-05-31,2.0975
Copper,2016-06-30,2.1945
Copper,2016-07-29,2.2205
Copper,2016-08-31,2.0695
Copper,2016-09-30,2.202
Copper,2016-10-31,2.2005
Copper,2016-11-30,2.6215
Copper,2016-12-30,2.4975
Copper,2017-01-31,2.7215
Copper,2017-02-28,2.704
Copper,2017-03-31,2.6465
Copper,2017-04-28,2.5965
Copper,2017-05-31,2.577
Copper,2017-06-30,2.699
Copper,2017-07-31,2.888
Copper,2017-08-31,3.079
Copper,2017-09-29,2.9375
Copper,2017-10-31,3.092
Copper,2017-11-30,3.037
Copper,2017-12-29,3.2795
Copper,2018-01-31,3.184
Copper,2018-02-28,3.1075
Copper,2018-03-29,3.019
Copper,2018-04-30,3.0525
Copper,2018-05-31,3.058
Copper,2018-06-29,2.951
Copper,2018-07-31,2.819
Copper,2018-08-31,2.649
Copper,2018-09-28,2.787
Copper,2018-10-31,2.6635
Copper,2018-11-30,2.7775
Copper,2018-12-31,2.628
Copper,2019-01-31,2.789
Copper,2019-02-28,2.95
Copper,2019-03-29,2.936
Copper,2019-04-30,2.9015
Copper,2019-05-31,2.646
Copper,2019-06-28,2.7055
Copper,2019-07-31,2.658
Copper,2019-08-30,2.533
Copper,2019-09-30,2.5645
Copper,2019-10-31,2.633
Copper,2019-11-29,2.642
Copper,2019-12-31,2.794
Copper,2020-01-31,2.52
Copper,2020-02-28,2.546
Copper,2020-03-31,2.24
Copper,2020-04-30,2.354
Copper,2020-05-29,2.4265
Copper,2020-06-30,2.7135
Copper,2020-07-31,2.859
Copper,2020-08-31,3.041
Copper,2020-09-30,3.0285
Copper,2020-10-30,3.0435
Copper,2020-11-30,3.4205
Copper,2020-12-31,3.514
Copper,2021-01-29,3.5735
Copper,2021-02-26,4.0945
Copper,2021-03-31,4.003
Copper,2021-04-30,4.479
Copper,2021-05-28,4.6825
Copper,2021-06-30,4.2965
Copper,2021-07-30,4.4805
Copper,2021-08-31,4.36
Copper,2021-09-30,4.09
Copper,2021-10-29,4.3755
Copper,2021-11-30,4.278
Copper,2021-12-31,4.455
Copper,2022-01-31,4.318
Copper,2022-02-28,4.4445
Copper,2022-03-31,4.743
Copper,2022-04-29,4.395
Copper,2022-05-31,4.295
Copper,2022-06-30,3.7145
Copper,2022-07-29,3.584
Copper,2022-08-31,3.5185
Copper,2022-09-30,3.442
Copper,2022-10-31,3.4135
Copper,2022-11-30,3.7295
Copper,2022-12-30,3.8055
Copper,2023-01-31,4.2285
Copper,2023-02-28,4.0975
Copper,2023-03-31,4.1045
Copper,2023-04-28,3.87
Copper,2023-05-31,3.631
Copper,2023-06-30,3.741
Copper,2023-07-31,3.9945
Copper,2023-08-31,3.7725
Copper,2023-09-29,3.726
Copper,2023-10-31,3.6415
Copper,2023-11-30,3.829
Copper,2023-12-29,3.8805
Copper,2024-01-31,3.9025
Copper,2024-02-29,3.8345
Copper,2024-03-28,4.0035
Copper,2024-04-30,4.5645
Copper,2024-05-31,4.61
Copper,2024-06-28,4.3905
Copper,2024-07-31,4.16
Copper,2024-08-30,4.145
Copper,2024-09-30,4.496
Copper,2024-10-31,4.3135
Copper,2024-11-29,4.0805
Copper,2024-12-31,3.986
Copper,2025-01-31,4.262
Copper,2025-02-28,4.5145
Copper,2025-03-31,5.02
Copper,2025-04-30,4.56
Copper,2025-05-30,4.6525
Copper,2025-06-30,5.03
Copper,2025-07-31,4.3305
Copper,2025-08-29,4.5185
Copper,2025-09-30,4.805
Copper,2025-10-31,5.0655
Copper,2025-11-28,5.1855
Copper,2025-12-31,5.63
Copper,2026-01-30,5.897
Copper,2026-02-27,6.0045
Copper,2026-03-31,5.5875
Copper,2026-04-30,5.926
Copper,2026-05-29,6.3595
Copper,2026-06-30,6.1925
Copper,2026-07-29,6.316
Dollar Index (DXY),1990-01-31,92.41
Dollar Index (DXY),1990-02-28,93.29
Dollar Index (DXY),1990-03-30,93.69
Dollar Index (DXY),1990-04-30,93.07
Dollar Index (DXY),1990-05-31,92.98
Dollar Index (DXY),1990-06-29,91.15
Dollar Index (DXY),1990-07-31,87.17
Dollar Index (DXY),1990-08-31,86.56
Dollar Index (DXY),1990-09-28,86
Dollar Index (DXY),1990-10-31,83.28
Dollar Index (DXY),1990-11-30,82.93
Dollar Index (DXY),1990-12-31,83.07
Dollar Index (DXY),1991-01-31,82
Dollar Index (DXY),1991-02-28,84.08
Dollar Index (DXY),1991-03-29,92.02
Dollar Index (DXY),1991-04-30,91.54
Dollar Index (DXY),1991-05-31,93.13
Dollar Index (DXY),1991-06-28,96.06
Dollar Index (DXY),1991-07-31,93.49
Dollar Index (DXY),1991-08-30,93.49
Dollar Index (DXY),1991-09-30,89.9
Dollar Index (DXY),1991-10-31,89.93
Dollar Index (DXY),1991-11-29,88.19
Dollar Index (DXY),1991-12-31,83.52
Dollar Index (DXY),1992-01-31,87.49
Dollar Index (DXY),1992-02-28,88.99
Dollar Index (DXY),1992-03-31,89.65
Dollar Index (DXY),1992-04-30,89.62
Dollar Index (DXY),1992-05-29,87.22
Dollar Index (DXY),1992-06-30,83.72
Dollar Index (DXY),1992-07-31,81.91
Dollar Index (DXY),1992-08-31,78.88
Dollar Index (DXY),1992-09-30,81.1
Dollar Index (DXY),1992-10-30,87.63
Dollar Index (DXY),1992-11-30,90.84
Dollar Index (DXY),1992-12-31,92.36
Dollar Index (DXY),1993-01-29,92.46
Dollar Index (DXY),1993-02-26,94.05
Dollar Index (DXY),1993-03-31,91.87
Dollar Index (DXY),1993-04-30,89.49
Dollar Index (DXY),1993-05-31,89.08
Dollar Index (DXY),1993-06-30,93.63
Dollar Index (DXY),1993-07-30,95.37
Dollar Index (DXY),1993-08-31,93.95
Dollar Index (DXY),1993-09-30,92.82
Dollar Index (DXY),1993-10-29,95.08
Dollar Index (DXY),1993-11-30,96.21
Dollar Index (DXY),1993-12-31,96.84
Dollar Index (DXY),1994-01-31,95.59
Dollar Index (DXY),1994-02-28,94.55
Dollar Index (DXY),1994-03-31,93.06
Dollar Index (DXY),1994-04-29,92.12
Dollar Index (DXY),1994-05-31,92.52
Dollar Index (DXY),1994-06-30,89.62
Dollar Index (DXY),1994-07-29,89.87
Dollar Index (DXY),1994-08-31,89.67
Dollar Index (DXY),1994-09-30,87.88
Dollar Index (DXY),1994-10-31,85.69
Dollar Index (DXY),1994-11-30,89.13
Dollar Index (DXY),1994-12-30,88.73
Dollar Index (DXY),1995-01-31,87.99
Dollar Index (DXY),1995-02-28,85.93
Dollar Index (DXY),1995-03-31,81.9
Dollar Index (DXY),1995-04-28,81.8
Dollar Index (DXY),1995-05-31,82.57
Dollar Index (DXY),1995-06-30,81.58
Dollar Index (DXY),1995-07-31,81.57
Dollar Index (DXY),1995-08-31,85.57
Dollar Index (DXY),1995-09-29,84.29
Dollar Index (DXY),1995-10-31,83.66
Dollar Index (DXY),1995-11-30,85.26
Dollar Index (DXY),1995-12-29,84.76
Dollar Index (DXY),1996-01-31,87.38
Dollar Index (DXY),1996-02-29,86.29
Dollar Index (DXY),1996-03-29,86.52
Dollar Index (DXY),1996-04-30,88.02
Dollar Index (DXY),1996-05-31,87.78
Dollar Index (DXY),1996-06-28,87.82
Dollar Index (DXY),1996-07-31,85.9
Dollar Index (DXY),1996-08-30,86.36
Dollar Index (DXY),1996-09-30,87.94
Dollar Index (DXY),1996-10-31,87.43
Dollar Index (DXY),1996-11-29,87.92
Dollar Index (DXY),1996-12-31,88.18
Dollar Index (DXY),1997-01-31,93.04
Dollar Index (DXY),1997-02-28,94.89
Dollar Index (DXY),1997-03-31,94.72
Dollar Index (DXY),1997-04-30,97.18
Dollar Index (DXY),1997-05-30,94.85
Dollar Index (DXY),1997-06-30,95.67
Dollar Index (DXY),1997-07-31,99.64
Dollar Index (DXY),1997-08-29,99
Dollar Index (DXY),1997-09-30,97.11
Dollar Index (DXY),1997-10-31,95.64
Dollar Index (DXY),1997-11-28,97.79
Dollar Index (DXY),1997-12-31,99.65
Dollar Index (DXY),1998-01-30,100.79
Dollar Index (DXY),1998-02-27,99.82
Dollar Index (DXY),1998-03-31,101.5
Dollar Index (DXY),1998-04-30,99.71
Dollar Index (DXY),1998-05-29,100.45
Dollar Index (DXY),1998-06-30,101.17
Dollar Index (DXY),1998-07-31,101.2
Dollar Index (DXY),1998-08-31,100.2
Dollar Index (DXY),1998-09-30,96.17
Dollar Index (DXY),1998-10-30,93.73
Dollar Index (DXY),1998-11-30,96.2
Dollar Index (DXY),1998-12-31,94.17
Dollar Index (DXY),1999-01-29,96.08
Dollar Index (DXY),1999-02-26,98.68
Dollar Index (DXY),1999-03-31,100.1
Dollar Index (DXY),1999-04-30,101
Dollar Index (DXY),1999-05-28,102.51
Dollar Index (DXY),1999-06-30,102.85
Dollar Index (DXY),1999-07-30,99.75
Dollar Index (DXY),1999-08-31,99.95
Dollar Index (DXY),1999-09-30,98.54
Dollar Index (DXY),1999-10-29,99.06
Dollar Index (DXY),1999-11-30,101.99
Dollar Index (DXY),1999-12-31,101.87
Dollar Index (DXY),2000-01-31,105.13
Dollar Index (DXY),2000-02-29,105.92
Dollar Index (DXY),2000-03-31,105.44
Dollar Index (DXY),2000-04-28,110.14
Dollar Index (DXY),2000-05-31,108.74
Dollar Index (DXY),2000-06-30,106.84
Dollar Index (DXY),2000-07-31,109.57
Dollar Index (DXY),2000-08-31,112.6
Dollar Index (DXY),2000-09-29,113.25
Dollar Index (DXY),2000-10-31,116.65
Dollar Index (DXY),2000-11-30,115.24
Dollar Index (DXY),2000-12-29,109.56
Dollar Index (DXY),2001-01-31,110.52
Dollar Index (DXY),2001-02-28,112.01
Dollar Index (DXY),2001-03-30,117.37
Dollar Index (DXY),2001-04-30,115.85
Dollar Index (DXY),2001-05-31,119.07
Dollar Index (DXY),2001-06-29,119.43
Dollar Index (DXY),2001-07-31,117.18
Dollar Index (DXY),2001-08-31,113.42
Dollar Index (DXY),2001-09-28,113.48
Dollar Index (DXY),2001-10-31,114.86
Dollar Index (DXY),2001-11-30,116.13
Dollar Index (DXY),2001-12-31,116.75
Dollar Index (DXY),2002-01-31,120.24
Dollar Index (DXY),2002-02-28,119.16
Dollar Index (DXY),2002-03-28,118.62
Dollar Index (DXY),2002-04-30,115.19
Dollar Index (DXY),2002-05-31,111.81
Dollar Index (DXY),2002-06-28,106.11
Dollar Index (DXY),2002-07-31,107.41
Dollar Index (DXY),2002-08-30,106.98
Dollar Index (DXY),2002-09-30,106.87
Dollar Index (DXY),2002-10-31,106.64
Dollar Index (DXY),2002-11-29,106.41
Dollar Index (DXY),2002-12-31,101.85
Dollar Index (DXY),2003-01-31,99.91
Dollar Index (DXY),2003-02-28,99.71
Dollar Index (DXY),2003-03-31,99.06
Dollar Index (DXY),2003-04-30,97.19
Dollar Index (DXY),2003-05-30,93.27
Dollar Index (DXY),2003-06-30,94.73
Dollar Index (DXY),2003-07-31,96.89
Dollar Index (DXY),2003-08-29,98.1
Dollar Index (DXY),2003-09-30,92.85
Dollar Index (DXY),2003-10-31,92.73
Dollar Index (DXY),2003-11-28,90.21
Dollar Index (DXY),2003-12-31,86.92
Dollar Index (DXY),2004-01-30,87.2
Dollar Index (DXY),2004-02-27,87.31
Dollar Index (DXY),2004-03-31,87.61
Dollar Index (DXY),2004-04-30,90.48
Dollar Index (DXY),2004-05-28,88.95
Dollar Index (DXY),2004-06-30,88.8
Dollar Index (DXY),2004-07-30,89.96
Dollar Index (DXY),2004-08-31,88.94
Dollar Index (DXY),2004-09-30,87.36
Dollar Index (DXY),2004-10-29,84.91
Dollar Index (DXY),2004-11-30,81.82
Dollar Index (DXY),2004-12-31,80.85
Dollar Index (DXY),2005-01-31,83.6
Dollar Index (DXY),2005-02-28,82.51
Dollar Index (DXY),2005-03-31,84.06
Dollar Index (DXY),2005-04-29,84.43
Dollar Index (DXY),2005-05-31,87.76
Dollar Index (DXY),2005-06-30,89.11
Dollar Index (DXY),2005-07-29,89.35
Dollar Index (DXY),2005-08-31,87.58
Dollar Index (DXY),2005-09-30,89.52
Dollar Index (DXY),2005-10-31,90.07
Dollar Index (DXY),2005-11-30,91.57
Dollar Index (DXY),2005-12-30,91.17
Dollar Index (DXY),2006-01-31,88.96
Dollar Index (DXY),2006-02-28,90.11
Dollar Index (DXY),2006-03-31,89.73
Dollar Index (DXY),2006-04-28,86.11
Dollar Index (DXY),2006-05-31,84.72
Dollar Index (DXY),2006-06-30,85.22
Dollar Index (DXY),2006-07-31,85.3
Dollar Index (DXY),2006-08-31,85.05
Dollar Index (DXY),2006-09-29,85.97
Dollar Index (DXY),2006-10-31,85.32
Dollar Index (DXY),2006-11-30,82.92
Dollar Index (DXY),2006-12-29,83.72
Dollar Index (DXY),2007-01-31,84.61
Dollar Index (DXY),2007-02-28,83.57
Dollar Index (DXY),2007-03-30,82.93
Dollar Index (DXY),2007-04-30,81.45
Dollar Index (DXY),2007-05-31,82.3
Dollar Index (DXY),2007-06-29,81.92
Dollar Index (DXY),2007-07-31,80.77
Dollar Index (DXY),2007-08-31,80.79
Dollar Index (DXY),2007-09-28,77.72
Dollar Index (DXY),2007-10-31,76.48
Dollar Index (DXY),2007-11-30,76.15
Dollar Index (DXY),2007-12-31,76.7
Dollar Index (DXY),2008-01-31,75.18
Dollar Index (DXY),2008-02-29,73.71
Dollar Index (DXY),2008-03-31,71.8
Dollar Index (DXY),2008-04-30,72.51
Dollar Index (DXY),2008-05-30,72.88
Dollar Index (DXY),2008-06-30,72.46
Dollar Index (DXY),2008-07-31,73.23
Dollar Index (DXY),2008-08-29,77.38
Dollar Index (DXY),2008-09-30,79.45
Dollar Index (DXY),2008-10-31,85.63
Dollar Index (DXY),2008-11-28,86.52
Dollar Index (DXY),2008-12-31,81.31
Dollar Index (DXY),2009-01-30,86
Dollar Index (DXY),2009-02-27,88.01
Dollar Index (DXY),2009-03-31,85.43
Dollar Index (DXY),2009-04-30,84.61
Dollar Index (DXY),2009-05-29,80.43
Dollar Index (DXY),2009-06-30,80.13
Dollar Index (DXY),2009-07-31,78.35
Dollar Index (DXY),2009-08-31,78.17
Dollar Index (DXY),2009-09-30,76.65
Dollar Index (DXY),2009-10-30,76.3
Dollar Index (DXY),2009-11-30,74.88
Dollar Index (DXY),2009-12-31,77.86
Dollar Index (DXY),2010-01-29,79.46
Dollar Index (DXY),2010-02-26,80.36
Dollar Index (DXY),2010-03-31,81.07
Dollar Index (DXY),2010-04-30,81.87
Dollar Index (DXY),2010-05-28,86.48
Dollar Index (DXY),2010-06-30,86.02
Dollar Index (DXY),2010-07-30,81.54
Dollar Index (DXY),2010-08-31,83.2
Dollar Index (DXY),2010-09-30,78.72
Dollar Index (DXY),2010-10-29,77.27
Dollar Index (DXY),2010-11-30,81.2
Dollar Index (DXY),2010-12-31,79.03
Dollar Index (DXY),2011-01-31,77.74
Dollar Index (DXY),2011-02-28,76.89
Dollar Index (DXY),2011-03-31,75.86
Dollar Index (DXY),2011-04-29,72.93
Dollar Index (DXY),2011-05-31,74.64
Dollar Index (DXY),2011-06-30,74.3
Dollar Index (DXY),2011-07-29,73.9
Dollar Index (DXY),2011-08-31,74.13
Dollar Index (DXY),2011-09-30,78.55
Dollar Index (DXY),2011-10-31,76.17
Dollar Index (DXY),2011-11-30,78.39
Dollar Index (DXY),2011-12-30,80.17
Dollar Index (DXY),2012-01-31,79.28
Dollar Index (DXY),2012-02-29,78.73
Dollar Index (DXY),2012-03-30,78.93
Dollar Index (DXY),2012-04-30,78.79
Dollar Index (DXY),2012-05-31,83.04
Dollar Index (DXY),2012-06-29,81.65
Dollar Index (DXY),2012-07-31,82.64
Dollar Index (DXY),2012-08-31,81.25
Dollar Index (DXY),2012-09-28,79.94
Dollar Index (DXY),2012-10-31,79.92
Dollar Index (DXY),2012-11-30,80.15
Dollar Index (DXY),2012-12-31,79.77
Dollar Index (DXY),2013-01-31,79.21
Dollar Index (DXY),2013-02-28,81.98
Dollar Index (DXY),2013-03-28,82.99
Dollar Index (DXY),2013-04-30,81.73
Dollar Index (DXY),2013-05-31,83.38
Dollar Index (DXY),2013-06-28,83.17
Dollar Index (DXY),2013-07-31,81.45
Dollar Index (DXY),2013-08-30,82.09
Dollar Index (DXY),2013-09-30,80.22
Dollar Index (DXY),2013-10-31,80.2
Dollar Index (DXY),2013-11-29,80.68
Dollar Index (DXY),2013-12-31,80.04
Dollar Index (DXY),2014-01-31,81.27
Dollar Index (DXY),2014-02-28,79.78
Dollar Index (DXY),2014-03-31,80.1
Dollar Index (DXY),2014-04-30,79.49
Dollar Index (DXY),2014-05-30,80.37
Dollar Index (DXY),2014-06-30,79.78
Dollar Index (DXY),2014-07-31,81.46
Dollar Index (DXY),2014-08-29,82.75
Dollar Index (DXY),2014-09-30,85.94
Dollar Index (DXY),2014-10-31,86.88
Dollar Index (DXY),2014-11-28,88.36
Dollar Index (DXY),2014-12-31,90.27
Dollar Index (DXY),2015-01-30,94.8
Dollar Index (DXY),2015-02-27,95.25
Dollar Index (DXY),2015-03-31,98.36
Dollar Index (DXY),2015-04-30,94.6
Dollar Index (DXY),2015-05-29,96.91
Dollar Index (DXY),2015-06-30,95.49
Dollar Index (DXY),2015-07-31,97.37
Dollar Index (DXY),2015-08-31,95.95
Dollar Index (DXY),2015-09-30,96.35
Dollar Index (DXY),2015-10-30,96.95
Dollar Index (DXY),2015-11-30,100.17
Dollar Index (DXY),2015-12-31,98.63
Dollar Index (DXY),2016-01-29,99.61
Dollar Index (DXY),2016-02-29,98.21
Dollar Index (DXY),2016-03-31,94.59
Dollar Index (DXY),2016-04-29,93.08
Dollar Index (DXY),2016-05-31,95.89
Dollar Index (DXY),2016-06-30,96.14
Dollar Index (DXY),2016-07-29,95.53
Dollar Index (DXY),2016-08-31,96.02
Dollar Index (DXY),2016-09-30,95.46
Dollar Index (DXY),2016-10-31,98.45
Dollar Index (DXY),2016-11-30,101.5
Dollar Index (DXY),2016-12-30,102.39
Dollar Index (DXY),2017-01-31,99.51
Dollar Index (DXY),2017-02-28,101.12
Dollar Index (DXY),2017-03-31,100.35
Dollar Index (DXY),2017-04-28,99.05
Dollar Index (DXY),2017-05-31,96.92
Dollar Index (DXY),2017-06-30,95.66
Dollar Index (DXY),2017-07-31,92.86
Dollar Index (DXY),2017-08-31,92.67
Dollar Index (DXY),2017-09-29,93.08
Dollar Index (DXY),2017-10-31,94.55
Dollar Index (DXY),2017-11-30,93.01
Dollar Index (DXY),2017-12-29,92.12
Dollar Index (DXY),2018-01-31,89.13
Dollar Index (DXY),2018-02-28,90.61
Dollar Index (DXY),2018-03-29,90.15
Dollar Index (DXY),2018-04-30,91.84
Dollar Index (DXY),2018-05-31,93.99
Dollar Index (DXY),2018-06-29,94.63
Dollar Index (DXY),2018-07-31,94.49
Dollar Index (DXY),2018-08-31,95.14
Dollar Index (DXY),2018-09-28,95.19
Dollar Index (DXY),2018-10-31,97.13
Dollar Index (DXY),2018-11-30,97.27
Dollar Index (DXY),2018-12-31,96.17
Dollar Index (DXY),2019-01-31,95.58
Dollar Index (DXY),2019-02-28,96.16
Dollar Index (DXY),2019-03-29,97.28
Dollar Index (DXY),2019-04-30,97.48
Dollar Index (DXY),2019-05-31,97.75
Dollar Index (DXY),2019-06-28,96.13
Dollar Index (DXY),2019-07-31,98.52
Dollar Index (DXY),2019-08-30,98.92
Dollar Index (DXY),2019-09-30,99.38
Dollar Index (DXY),2019-10-31,97.35
Dollar Index (DXY),2019-11-29,98.27
Dollar Index (DXY),2019-12-31,96.39
Dollar Index (DXY),2020-01-31,97.39
Dollar Index (DXY),2020-02-28,98.13
Dollar Index (DXY),2020-03-31,99.05
Dollar Index (DXY),2020-04-30,99.02
Dollar Index (DXY),2020-05-29,98.34
Dollar Index (DXY),2020-06-30,97.39
Dollar Index (DXY),2020-07-31,93.49
Dollar Index (DXY),2020-08-31,92.14
Dollar Index (DXY),2020-09-30,93.89
Dollar Index (DXY),2020-10-30,94.04
Dollar Index (DXY),2020-11-30,91.87
Dollar Index (DXY),2020-12-31,89.94
Dollar Index (DXY),2021-01-29,90.58
Dollar Index (DXY),2021-02-26,90.93
Dollar Index (DXY),2021-03-31,93.23
Dollar Index (DXY),2021-04-30,91.28
Dollar Index (DXY),2021-05-28,90.03
Dollar Index (DXY),2021-06-30,92.44
Dollar Index (DXY),2021-07-30,92.17
Dollar Index (DXY),2021-08-31,92.63
Dollar Index (DXY),2021-09-30,94.25
Dollar Index (DXY),2021-10-29,94.12
Dollar Index (DXY),2021-11-30,95.99
Dollar Index (DXY),2021-12-31,95.67
Dollar Index (DXY),2022-01-31,96.54
Dollar Index (DXY),2022-02-28,96.71
Dollar Index (DXY),2022-03-31,98.31
Dollar Index (DXY),2022-04-29,102.96
Dollar Index (DXY),2022-05-31,101.75
Dollar Index (DXY),2022-06-30,104.69
Dollar Index (DXY),2022-07-29,105.9
Dollar Index (DXY),2022-08-31,108.7
Dollar Index (DXY),2022-09-30,112.12
Dollar Index (DXY),2022-10-31,111.53
Dollar Index (DXY),2022-11-30,105.95
Dollar Index (DXY),2022-12-30,103.52
Dollar Index (DXY),2023-01-31,102.1
Dollar Index (DXY),2023-02-28,104.87
Dollar Index (DXY),2023-03-31,102.51
Dollar Index (DXY),2023-04-28,101.67
Dollar Index (DXY),2023-05-31,104.32
Dollar Index (DXY),2023-06-30,102.91
Dollar Index (DXY),2023-07-31,101.86
Dollar Index (DXY),2023-08-31,103.62
Dollar Index (DXY),2023-09-29,106.17
Dollar Index (DXY),2023-10-31,106.66
Dollar Index (DXY),2023-11-30,103.5
Dollar Index (DXY),2023-12-29,101.33
Dollar Index (DXY),2024-01-31,103.27
Dollar Index (DXY),2024-02-29,104.16
Dollar Index (DXY),2024-03-28,104.55
Dollar Index (DXY),2024-04-30,106.22
Dollar Index (DXY),2024-05-31,104.67
Dollar Index (DXY),2024-06-28,105.87
Dollar Index (DXY),2024-07-31,104.1
Dollar Index (DXY),2024-08-30,101.7
Dollar Index (DXY),2024-09-30,100.78
Dollar Index (DXY),2024-10-31,103.98
Dollar Index (DXY),2024-11-29,105.74
Dollar Index (DXY),2024-12-31,108.49
Dollar Index (DXY),2025-01-31,108.37
Dollar Index (DXY),2025-02-28,107.61
Dollar Index (DXY),2025-03-31,104.21
Dollar Index (DXY),2025-04-30,99.47
Dollar Index (DXY),2025-05-30,99.33
Dollar Index (DXY),2025-06-30,96.88
Dollar Index (DXY),2025-07-31,100.03
Dollar Index (DXY),2025-08-29,97.77
Dollar Index (DXY),2025-09-30,97.77
Dollar Index (DXY),2025-10-31,99.8
Dollar Index (DXY),2025-11-28,99.46
Dollar Index (DXY),2025-12-31,98.28
Dollar Index (DXY),2026-01-30,96.99
Dollar Index (DXY),2026-02-27,97.61
Dollar Index (DXY),2026-03-31,99.96
Dollar Index (DXY),2026-04-30,98.08
Dollar Index (DXY),2026-05-29,98.91
Dollar Index (DXY),2026-06-30,101.19
Dollar Index (DXY),2026-07-29,101.415
ETH,2017-11-30,447.114
ETH,2017-12-31,756.733
ETH,2018-01-31,1118.3101
ETH,2018-02-28,855.199
ETH,2018-03-31,396.457
ETH,2018-04-30,669.924
ETH,2018-05-31,577.645
ETH,2018-06-30,455.18
ETH,2018-07-31,433.867
ETH,2018-08-31,283.004
ETH,2018-09-30,232.848
ETH,2018-10-31,197.381
ETH,2018-11-30,113.1714
ETH,2018-12-31,133.3683
ETH,2019-01-31,107.061
ETH,2019-02-28,136.7462
ETH,2019-03-31,141.5141
ETH,2019-04-30,162.166
ETH,2019-05-31,268.1136
ETH,2019-06-30,290.696
ETH,2019-07-31,218.6541
ETH,2019-08-31,172.4698
ETH,2019-09-30,179.8722
ETH,2019-10-31,183.9669
ETH,2019-11-30,152.5397
ETH,2019-12-31,129.6109
ETH,2020-01-31,180.1602
ETH,2020-02-29,219.8485
ETH,2020-03-31,133.5936
ETH,2020-04-30,207.6021
ETH,2020-05-31,230.9757
ETH,2020-06-30,226.315
ETH,2020-07-31,345.5547
ETH,2020-08-31,435.0797
ETH,2020-09-30,359.9379
ETH,2020-10-31,386.5903
ETH,2020-11-30,614.8425
ETH,2020-12-31,737.8034
ETH,2021-01-31,1314.9862
ETH,2021-02-28,1416.049
ETH,2021-03-31,1918.3621
ETH,2021-04-30,2773.207
ETH,2021-05-31,2714.9453
ETH,2021-06-30,2274.5476
ETH,2021-07-31,2536.21
ETH,2021-08-31,3433.7327
ETH,2021-09-30,3001.679
ETH,2021-10-31,4288.0742
ETH,2021-11-30,4631.479
ETH,2021-12-31,3682.6328
ETH,2022-01-31,2688.2788
ETH,2022-02-28,2919.2012
ETH,2022-03-31,3281.6428
ETH,2022-04-30,2730.1868
ETH,2022-05-31,1942.328
ETH,2022-06-30,1067.2988
ETH,2022-07-31,1681.5173
ETH,2022-08-31,1553.6849
ETH,2022-09-30,1327.9786
ETH,2022-10-31,1572.7145
ETH,2022-11-30,1295.6886
ETH,2022-12-31,1196.7712
ETH,2023-01-31,1586.5354
ETH,2023-02-28,1605.8951
ETH,2023-03-31,1822.0221
ETH,2023-04-30,1876.9243
ETH,2023-05-31,1874.1305
ETH,2023-06-30,1933.189
ETH,2023-07-31,1856.1624
ETH,2023-08-31,1645.6392
ETH,2023-09-30,1671.1619
ETH,2023-10-31,1816.459
ETH,2023-11-30,2052.5562
ETH,2023-12-31,2281.4712
ETH,2024-01-31,2282.5444
ETH,2024-02-29,3341.9197
ETH,2024-03-31,3647.8564
ETH,2024-04-30,3012.2869
ETH,2024-05-31,3760.0266
ETH,2024-06-30,3432.8892
ETH,2024-07-31,3231.2957
ETH,2024-08-31,2513.3938
ETH,2024-09-30,2603.0627
ETH,2024-10-31,2515.7993
ETH,2024-11-30,3705.7053
ETH,2024-12-31,3332.5317
ETH,2025-01-31,3298.2651
ETH,2025-02-28,2237.9053
ETH,2025-03-31,1823.48
ETH,2025-04-30,1793.7754
ETH,2025-05-31,2529.0874
ETH,2025-06-30,2486.4644
ETH,2025-07-31,3696.7078
ETH,2025-08-31,4390.019
ETH,2025-09-30,4145.9575
ETH,2025-10-31,3847.0803
ETH,2025-11-30,2992.1125
ETH,2025-12-31,2967.0376
ETH,2026-01-31,2445.0918
ETH,2026-02-28,1965.0505
ETH,2026-03-31,2104.7083
ETH,2026-04-30,2256.2512
ETH,2026-05-31,2004.3416
ETH,2026-06-30,1569.5839
ETH,2026-07-29,1908.3101
EUR/USD,2003-12-31,0.7943
EUR/USD,2004-01-30,0.802
EUR/USD,2004-02-27,0.8004
EUR/USD,2004-03-31,0.8122
EUR/USD,2004-04-30,0.8345
EUR/USD,2004-05-31,0.8197
EUR/USD,2004-06-30,0.8207
EUR/USD,2004-07-30,0.8322
EUR/USD,2004-08-31,0.8212
EUR/USD,2004-09-30,0.8043
EUR/USD,2004-10-29,0.7817
EUR/USD,2004-11-30,0.752
EUR/USD,2004-12-31,0.7372
EUR/USD,2005-01-31,0.7662
EUR/USD,2005-02-28,0.7566
EUR/USD,2005-03-31,0.7712
EUR/USD,2005-04-29,0.7766
EUR/USD,2005-05-31,0.8125
EUR/USD,2005-06-30,0.8271
EUR/USD,2005-07-29,0.8248
EUR/USD,2005-08-31,0.8103
EUR/USD,2005-09-30,0.8314
EUR/USD,2005-10-31,0.8341
EUR/USD,2005-11-30,0.8471
EUR/USD,2005-12-30,0.8445
EUR/USD,2006-01-31,0.8231
EUR/USD,2006-02-28,0.8382
EUR/USD,2006-03-31,0.8254
EUR/USD,2006-04-28,0.7914
EUR/USD,2006-05-31,0.7803
EUR/USD,2006-06-30,0.7823
EUR/USD,2006-07-31,0.7828
EUR/USD,2006-08-31,0.7807
EUR/USD,2006-09-29,0.7898
EUR/USD,2006-10-31,0.7833
EUR/USD,2006-11-30,0.7547
EUR/USD,2006-12-29,0.7577
EUR/USD,2007-01-31,0.7679
EUR/USD,2007-02-28,0.7559
EUR/USD,2007-03-30,0.7486
EUR/USD,2007-04-30,0.7325
EUR/USD,2007-05-31,0.7432
EUR/USD,2007-06-29,0.7388
EUR/USD,2007-07-31,0.7314
EUR/USD,2007-08-31,0.733
EUR/USD,2007-09-28,0.701
EUR/USD,2007-10-31,0.691
EUR/USD,2007-11-30,0.6805
EUR/USD,2007-12-31,0.6849
EUR/USD,2008-01-31,0.6727
EUR/USD,2008-02-29,0.6582
EUR/USD,2008-03-31,0.6346
EUR/USD,2008-04-30,0.6401
EUR/USD,2008-05-30,0.6435
EUR/USD,2008-06-30,0.6349
EUR/USD,2008-07-31,0.6413
EUR/USD,2008-08-29,0.6816
EUR/USD,2008-09-30,0.7094
EUR/USD,2008-10-31,0.7873
EUR/USD,2008-11-28,0.7875
EUR/USD,2008-12-31,0.7153
EUR/USD,2009-01-30,0.779
EUR/USD,2009-02-27,0.7887
EUR/USD,2009-03-31,0.7549
EUR/USD,2009-04-30,0.7556
EUR/USD,2009-05-29,0.7064
EUR/USD,2009-06-30,0.7123
EUR/USD,2009-07-31,0.7013
EUR/USD,2009-08-31,0.6972
EUR/USD,2009-09-30,0.6824
EUR/USD,2009-10-30,0.6787
EUR/USD,2009-11-30,0.6649
EUR/USD,2009-12-31,0.698
EUR/USD,2010-01-29,0.7211
EUR/USD,2010-02-26,0.7336
EUR/USD,2010-03-31,0.7403
EUR/USD,2010-04-30,0.752
EUR/USD,2010-05-31,0.8138
EUR/USD,2010-06-30,0.8177
EUR/USD,2010-07-30,0.7669
EUR/USD,2010-08-31,0.7895
EUR/USD,2010-09-30,0.7338
EUR/USD,2010-10-29,0.7258
EUR/USD,2010-11-30,0.7631
EUR/USD,2010-12-31,0.7518
EUR/USD,2011-01-31,0.7368
EUR/USD,2011-02-28,0.7281
EUR/USD,2011-03-31,0.7082
EUR/USD,2011-04-29,0.6737
EUR/USD,2011-05-31,0.6982
EUR/USD,2011-06-30,0.6907
EUR/USD,2011-07-29,0.6977
EUR/USD,2011-08-31,0.6928
EUR/USD,2011-09-30,0.7361
EUR/USD,2011-10-31,0.7072
EUR/USD,2011-11-30,0.7505
EUR/USD,2011-12-30,0.7718
EUR/USD,2012-01-31,0.7611
EUR/USD,2012-02-29,0.7419
EUR/USD,2012-03-30,0.7511
EUR/USD,2012-04-30,0.7552
EUR/USD,2012-05-31,0.8081
EUR/USD,2012-06-29,0.8038
EUR/USD,2012-07-31,0.8157
EUR/USD,2012-08-31,0.7993
EUR/USD,2012-09-28,0.7744
EUR/USD,2012-10-31,0.7714
EUR/USD,2012-11-30,0.7708
EUR/USD,2012-12-31,0.756
EUR/USD,2013-01-31,0.737
EUR/USD,2013-02-28,0.7604
EUR/USD,2013-03-29,0.7803
EUR/USD,2013-04-30,0.7636
EUR/USD,2013-05-31,0.7666
EUR/USD,2013-06-28,0.7671
EUR/USD,2013-07-31,0.7539
EUR/USD,2013-08-30,0.7555
EUR/USD,2013-09-30,0.741
EUR/USD,2013-10-31,0.7286
EUR/USD,2013-11-29,0.7351
EUR/USD,2013-12-31,0.7241
EUR/USD,2014-01-31,0.7375
EUR/USD,2014-02-28,0.7295
EUR/USD,2014-03-31,0.7272
EUR/USD,2014-04-30,0.7239
EUR/USD,2014-05-30,0.7351
EUR/USD,2014-06-30,0.7329
EUR/USD,2014-07-31,0.7465
EUR/USD,2014-08-29,0.7584
EUR/USD,2014-09-30,0.788
EUR/USD,2014-10-31,0.7928
EUR/USD,2014-11-28,0.8024
EUR/USD,2014-12-31,0.8222
EUR/USD,2015-01-30,0.8822
EUR/USD,2015-02-27,0.8924
EUR/USD,2015-03-31,0.9233
EUR/USD,2015-04-30,0.8997
EUR/USD,2015-05-29,0.9124
EUR/USD,2015-06-30,0.891
EUR/USD,2015-07-31,0.9141
EUR/USD,2015-08-31,0.8917
EUR/USD,2015-09-30,0.8884
EUR/USD,2015-10-30,0.9096
EUR/USD,2015-11-30,0.9449
EUR/USD,2015-12-31,0.9146
EUR/USD,2016-01-29,0.9143
EUR/USD,2016-02-29,0.9154
EUR/USD,2016-03-31,0.8823
EUR/USD,2016-04-29,0.8806
EUR/USD,2016-05-31,0.897
EUR/USD,2016-06-30,0.8986
EUR/USD,2016-07-29,0.9022
EUR/USD,2016-08-31,0.8966
EUR/USD,2016-09-30,0.8913
EUR/USD,2016-10-31,0.9104
EUR/USD,2016-11-30,0.9391
EUR/USD,2016-12-30,0.9456
EUR/USD,2017-01-31,0.9338
EUR/USD,2017-02-28,0.9448
EUR/USD,2017-03-31,0.9357
EUR/USD,2017-04-28,0.9204
EUR/USD,2017-05-31,0.8951
EUR/USD,2017-06-30,0.874
EUR/USD,2017-07-31,0.8513
EUR/USD,2017-08-31,0.8408
EUR/USD,2017-09-29,0.8488
EUR/USD,2017-10-31,0.8582
EUR/USD,2017-11-30,0.8437
EUR/USD,2017-12-29,0.8374
EUR/USD,2018-01-31,0.8058
EUR/USD,2018-02-28,0.8176
EUR/USD,2018-03-30,0.8128
EUR/USD,2018-04-30,0.8249
EUR/USD,2018-05-31,0.8571
EUR/USD,2018-06-29,0.8648
EUR/USD,2018-07-31,0.8542
EUR/USD,2018-08-31,0.8573
EUR/USD,2018-09-28,0.8593
EUR/USD,2018-10-31,0.8813
EUR/USD,2018-11-30,0.8777
EUR/USD,2018-12-31,0.8741
EUR/USD,2019-01-31,0.8705
EUR/USD,2019-02-28,0.8787
EUR/USD,2019-03-29,0.8905
EUR/USD,2019-04-30,0.894
EUR/USD,2019-05-31,0.8984
EUR/USD,2019-06-28,0.8793
EUR/USD,2019-07-31,0.8962
EUR/USD,2019-08-30,0.904
EUR/USD,2019-09-30,0.9139
EUR/USD,2019-10-31,0.8965
EUR/USD,2019-11-29,0.9081
EUR/USD,2019-12-31,0.8927
EUR/USD,2020-01-31,0.9067
EUR/USD,2020-02-28,0.9093
EUR/USD,2020-03-31,0.9066
EUR/USD,2020-04-30,0.9194
EUR/USD,2020-05-29,0.9026
EUR/USD,2020-06-30,0.8891
EUR/USD,2020-07-31,0.8423
EUR/USD,2020-08-31,0.839
EUR/USD,2020-09-30,0.8516
EUR/USD,2020-10-30,0.8563
EUR/USD,2020-11-30,0.8353
EUR/USD,2020-12-31,0.813
EUR/USD,2021-01-29,0.8251
EUR/USD,2021-02-26,0.8223
EUR/USD,2021-03-31,0.853
EUR/USD,2021-04-30,0.8246
EUR/USD,2021-05-31,0.8203
EUR/USD,2021-06-30,0.8402
EUR/USD,2021-07-30,0.8408
EUR/USD,2021-08-31,0.8477
EUR/USD,2021-09-30,0.8619
EUR/USD,2021-10-29,0.8559
EUR/USD,2021-11-30,0.8855
EUR/USD,2021-12-31,0.883
EUR/USD,2022-01-31,0.8967
EUR/USD,2022-02-28,0.8944
EUR/USD,2022-03-31,0.8959
EUR/USD,2022-04-29,0.952
EUR/USD,2022-05-31,0.9282
EUR/USD,2022-06-30,0.9572
EUR/USD,2022-07-29,0.9811
EUR/USD,2022-08-31,0.9975
EUR/USD,2022-09-30,1.0173
EUR/USD,2022-10-31,1.0045
EUR/USD,2022-11-30,0.9686
EUR/USD,2022-12-30,0.938
EUR/USD,2023-01-31,0.9216
EUR/USD,2023-02-28,0.9424
EUR/USD,2023-03-31,0.917
EUR/USD,2023-04-28,0.9064
EUR/USD,2023-05-31,0.9317
EUR/USD,2023-06-30,0.9201
EUR/USD,2023-07-31,0.9071
EUR/USD,2023-08-31,0.9147
EUR/USD,2023-09-29,0.9467
EUR/USD,2023-10-31,0.9421
EUR/USD,2023-11-30,0.9113
EUR/USD,2023-12-29,0.9035
EUR/USD,2024-01-31,0.9222
EUR/USD,2024-02-29,0.9226
EUR/USD,2024-03-29,0.9264
EUR/USD,2024-04-30,0.9332
EUR/USD,2024-05-31,0.9229
EUR/USD,2024-06-28,0.9338
EUR/USD,2024-07-31,0.9245
EUR/USD,2024-08-30,0.9025
EUR/USD,2024-09-30,0.8953
EUR/USD,2024-10-31,0.9209
EUR/USD,2024-11-29,0.9467
EUR/USD,2024-12-31,0.961
EUR/USD,2025-01-31,0.9618
EUR/USD,2025-02-28,0.962
EUR/USD,2025-03-31,0.9239
EUR/USD,2025-04-30,0.878
EUR/USD,2025-05-30,0.8789
EUR/USD,2025-06-30,0.8527
EUR/USD,2025-07-31,0.8749
EUR/USD,2025-08-29,0.8561
EUR/USD,2025-09-30,0.8524
EUR/USD,2025-10-31,0.8641
EUR/USD,2025-11-28,0.8621
EUR/USD,2025-12-31,0.8513
EUR/USD,2026-01-30,0.8357
EUR/USD,2026-02-27,0.8472
EUR/USD,2026-03-31,0.8726
EUR/USD,2026-04-30,0.8558
EUR/USD,2026-05-29,0.8582
EUR/USD,2026-06-30,0.8755
EUR/USD,2026-07-30,0.8717
Gold,2000-08-31,278.3
Gold,2000-09-29,273.6
Gold,2000-10-31,264.9
Gold,2000-11-30,270.1
Gold,2000-12-29,272
Gold,2001-01-31,265.6
Gold,2001-02-28,266.8
Gold,2001-03-30,257.9
Gold,2001-04-30,264
Gold,2001-05-31,265.3
Gold,2001-06-29,270.6
Gold,2001-07-31,266.2
Gold,2001-08-31,274.4
Gold,2001-09-28,292.4
Gold,2001-10-31,279.5
Gold,2001-11-30,273.9
Gold,2001-12-31,278.7
Gold,2002-01-31,282.1
Gold,2002-02-28,296.7
Gold,2002-03-28,302.6
Gold,2002-04-30,308.9
Gold,2002-05-31,326.5
Gold,2002-06-28,313.5
Gold,2002-07-31,303.2
Gold,2002-08-30,312.4
Gold,2002-09-30,323.9
Gold,2002-10-31,318
Gold,2002-11-27,316.8
Gold,2002-12-31,347.6
Gold,2003-01-31,368.3
Gold,2003-02-28,350.2
Gold,2003-03-31,335.9
Gold,2003-04-30,339.1
Gold,2003-05-30,364.5
Gold,2003-06-30,346
Gold,2003-07-31,354
Gold,2003-08-29,375.7
Gold,2003-09-30,385.4
Gold,2003-10-31,384.5
Gold,2003-11-26,396.8
Gold,2003-12-31,415.7
Gold,2004-01-30,402.2
Gold,2004-02-27,396.4
Gold,2004-03-31,427.3
Gold,2004-04-30,387
Gold,2004-05-28,394
Gold,2004-06-30,392.6
Gold,2004-07-30,391
Gold,2004-08-31,410.4
Gold,2004-09-30,418.7
Gold,2004-10-29,428.5
Gold,2004-11-30,451.3
Gold,2004-12-30,437.5
Gold,2005-01-31,421.8
Gold,2005-02-28,436.5
Gold,2005-03-31,428.7
Gold,2005-04-29,435
Gold,2005-05-31,416.3
Gold,2005-06-30,435.9
Gold,2005-07-29,429.9
Gold,2005-08-31,433.8
Gold,2005-09-30,469
Gold,2005-10-31,465.1
Gold,2005-11-30,494.6
Gold,2005-12-30,517.1
Gold,2006-01-31,570.8
Gold,2006-02-28,561.6
Gold,2006-03-31,581.8
Gold,2006-04-28,651.8
Gold,2006-05-31,642.5
Gold,2006-06-30,613.5
Gold,2006-07-31,634.2
Gold,2006-08-31,625.9
Gold,2006-09-29,598.6
Gold,2006-10-31,604.1
Gold,2006-11-30,646.9
Gold,2006-12-29,635.2
Gold,2007-01-31,652
Gold,2007-02-28,669.4
Gold,2007-03-30,663
Gold,2007-04-30,680.5
Gold,2007-05-31,661
Gold,2007-06-29,648.1
Gold,2007-07-31,666.9
Gold,2007-08-31,673
Gold,2007-09-28,742.8
Gold,2007-10-31,792
Gold,2007-11-30,782.2
Gold,2007-12-31,834.9
Gold,2008-01-31,922.7
Gold,2008-02-29,972.1
Gold,2008-03-31,916.2
Gold,2008-04-30,862.8
Gold,2008-05-30,887.3
Gold,2008-06-30,926.2
Gold,2008-07-31,913.9
Gold,2008-08-29,829.3
Gold,2008-09-30,874.2
Gold,2008-10-31,716.8
Gold,2008-11-28,816.2
Gold,2008-12-31,883.6
Gold,2009-01-30,927.3
Gold,2009-02-27,941.5
Gold,2009-03-31,922.6
Gold,2009-04-30,890.7
Gold,2009-05-29,978.8
Gold,2009-06-30,927.1
Gold,2009-07-31,953.7
Gold,2009-08-31,951.7
Gold,2009-09-30,1008
Gold,2009-10-30,1039.7
Gold,2009-11-30,1181.1
Gold,2009-12-31,1095.2
Gold,2010-01-29,1083
Gold,2010-02-26,1118.3
Gold,2010-03-31,1113.3
Gold,2010-04-30,1180.1
Gold,2010-05-28,1212.2
Gold,2010-06-30,1245.5
Gold,2010-07-30,1181.7
Gold,2010-08-31,1248.3
Gold,2010-09-30,1307.8
Gold,2010-10-29,1357.1
Gold,2010-11-30,1385
Gold,2010-12-31,1421.1
Gold,2011-01-31,1333.8
Gold,2011-02-28,1409.3
Gold,2011-03-31,1438.9
Gold,2011-04-29,1556
Gold,2011-05-31,1535.9
Gold,2011-06-30,1502.3
Gold,2011-07-29,1628.3
Gold,2011-08-31,1828.5
Gold,2011-09-30,1620.4
Gold,2011-10-31,1724.2
Gold,2011-11-30,1745.5
Gold,2011-12-30,1565.8
Gold,2012-01-31,1737.8
Gold,2012-02-29,1709.9
Gold,2012-03-30,1669.3
Gold,2012-04-30,1663.4
Gold,2012-05-31,1562.6
Gold,2012-06-29,1603.5
Gold,2012-07-31,1610.5
Gold,2012-08-31,1684.6
Gold,2012-09-28,1771.1
Gold,2012-10-31,1717.5
Gold,2012-11-30,1710.9
Gold,2012-12-31,1674.8
Gold,2013-01-31,1660.6
Gold,2013-02-28,1577.7
Gold,2013-03-28,1594.8
Gold,2013-04-30,1472.2
Gold,2013-05-31,1392.6
Gold,2013-06-28,1223.8
Gold,2013-07-31,1312.4
Gold,2013-08-30,1396.1
Gold,2013-09-30,1326.5
Gold,2013-10-31,1323.6
Gold,2013-11-29,1250.6
Gold,2013-12-31,1201.9
Gold,2014-01-31,1240.1
Gold,2014-02-28,1321.4
Gold,2014-03-31,1283.4
Gold,2014-04-30,1295.6
Gold,2014-05-30,1245.6
Gold,2014-06-30,1321.8
Gold,2014-07-31,1281.3
Gold,2014-08-29,1285.8
Gold,2014-09-30,1210.5
Gold,2014-10-31,1171.1
Gold,2014-11-28,1175.2
Gold,2014-12-31,1183.9
Gold,2015-01-30,1278.5
Gold,2015-02-27,1212.6
Gold,2015-03-31,1183.1
Gold,2015-04-30,1182.4
Gold,2015-05-29,1189.4
Gold,2015-06-30,1171.5
Gold,2015-07-31,1094.9
Gold,2015-08-31,1131.6
Gold,2015-09-30,1115.5
Gold,2015-10-30,1141.5
Gold,2015-11-30,1065.8
Gold,2015-12-31,1060.3
Gold,2016-01-29,1116.4
Gold,2016-02-29,1233.9
Gold,2016-03-31,1234.2
Gold,2016-04-29,1289.2
Gold,2016-05-31,1214.8
Gold,2016-06-30,1318.4
Gold,2016-07-29,1349
Gold,2016-08-31,1306.9
Gold,2016-09-30,1313.3
Gold,2016-10-31,1271.5
Gold,2016-11-30,1170.8
Gold,2016-12-30,1150
Gold,2017-01-31,1208.6
Gold,2017-02-28,1252.6
Gold,2017-03-31,1247.3
Gold,2017-04-28,1266.1
Gold,2017-05-31,1272
Gold,2017-06-30,1240.7
Gold,2017-07-31,1266.6
Gold,2017-08-31,1316.2
Gold,2017-09-29,1281.5
Gold,2017-10-31,1267
Gold,2017-11-30,1273.2
Gold,2017-12-29,1306.3
Gold,2018-01-31,1339
Gold,2018-02-28,1315.5
Gold,2018-03-29,1322.8
Gold,2018-04-30,1316.2
Gold,2018-05-31,1300.1
Gold,2018-06-29,1251.3
Gold,2018-07-31,1223.7
Gold,2018-08-31,1200.3
Gold,2018-09-28,1191.5
Gold,2018-10-31,1212.3
Gold,2018-11-30,1220.2
Gold,2018-12-31,1278.3
Gold,2019-01-31,1319.7
Gold,2019-02-28,1312.8
Gold,2019-03-29,1293
Gold,2019-04-30,1282.8
Gold,2019-05-31,1305.8
Gold,2019-06-28,1409.7
Gold,2019-07-31,1426.1
Gold,2019-08-30,1519.1
Gold,2019-09-30,1465.7
Gold,2019-10-31,1511.4
Gold,2019-11-29,1465.6
Gold,2019-12-31,1519.5
Gold,2020-01-31,1582.9
Gold,2020-02-28,1564.1
Gold,2020-03-31,1583.4
Gold,2020-04-30,1684.2
Gold,2020-05-29,1736.9
Gold,2020-06-30,1793
Gold,2020-07-31,1962.8
Gold,2020-08-31,1967.6
Gold,2020-09-30,1887.5
Gold,2020-10-30,1877.4
Gold,2020-11-30,1775.7
Gold,2020-12-31,1893.1
Gold,2021-01-29,1847.3
Gold,2021-02-26,1728.1
Gold,2021-03-31,1713.8
Gold,2021-04-30,1767.3
Gold,2021-05-28,1902.5
Gold,2021-06-30,1770.8
Gold,2021-07-30,1812.6
Gold,2021-08-31,1815
Gold,2021-09-30,1755.3
Gold,2021-10-29,1783
Gold,2021-11-30,1773.6
Gold,2021-12-31,1827.5
Gold,2022-01-31,1795
Gold,2022-02-28,1899.4
Gold,2022-03-31,1949.2
Gold,2022-04-29,1909.3
Gold,2022-05-31,1842.7
Gold,2022-06-30,1804.1
Gold,2022-07-29,1762.9
Gold,2022-08-31,1712.8
Gold,2022-09-30,1662.4
Gold,2022-10-31,1635.9
Gold,2022-11-30,1746
Gold,2022-12-30,1819.7
Gold,2023-01-31,1929.5
Gold,2023-02-28,1828.9
Gold,2023-03-31,1969
Gold,2023-04-28,1990.1
Gold,2023-05-31,1963.9
Gold,2023-06-30,1921.1
Gold,2023-07-31,1970.5
Gold,2023-08-31,1938.2
Gold,2023-09-29,1848.1
Gold,2023-10-31,1985.2
Gold,2023-11-30,2038.1
Gold,2023-12-29,2062.3999
Gold,2024-01-31,2048.3999
Gold,2024-02-29,2045.7
Gold,2024-03-28,2217.3999
Gold,2024-04-30,2291.3999
Gold,2024-05-31,2322.8999
Gold,2024-06-28,2327.7
Gold,2024-07-31,2426.5
Gold,2024-08-30,2493.8
Gold,2024-09-30,2636.1001
Gold,2024-10-31,2738.3
Gold,2024-11-29,2657
Gold,2024-12-31,2629.2
Gold,2025-01-31,2812.5
Gold,2025-02-28,2836.8
Gold,2025-03-31,3122.8
Gold,2025-04-30,3305
Gold,2025-05-30,3288.8999
Gold,2025-06-30,3294.3999
Gold,2025-07-31,3293.2
Gold,2025-08-29,3473.7
Gold,2025-09-30,3840.8
Gold,2025-10-31,3982.2
Gold,2025-11-28,4218.2998
Gold,2025-12-31,4325.6001
Gold,2026-01-30,4713.8999
Gold,2026-02-27,5230.5
Gold,2026-03-31,4647.6001
Gold,2026-04-30,4614.7002
Gold,2026-05-29,4560.5
Gold,2026-06-30,4022.8999
Gold,2026-07-29,4091.6001
JPY/USD,1996-10-30,114.18
JPY/USD,1996-11-29,113.8
JPY/USD,1996-12-31,115.9
JPY/USD,1997-01-31,121.25
JPY/USD,1997-02-28,120.3
JPY/USD,1997-03-31,123.78
JPY/USD,1997-04-30,127.06
JPY/USD,1997-05-30,116.16
JPY/USD,1997-06-30,114.61
JPY/USD,1997-07-31,118.55
JPY/USD,1997-08-29,119.44
JPY/USD,1997-09-30,120.48
JPY/USD,1997-10-31,120.32
JPY/USD,1997-11-28,127.8
JPY/USD,1997-12-31,130.56
JPY/USD,1998-01-30,127
JPY/USD,1998-02-27,126.05
JPY/USD,1998-03-31,133.05
JPY/USD,1998-04-30,132.79
JPY/USD,1998-05-29,138.75
JPY/USD,1998-06-30,138.35
JPY/USD,1998-07-31,144.75
JPY/USD,1998-08-31,138.69
JPY/USD,1998-09-30,136.29
JPY/USD,1998-10-30,115.77
JPY/USD,1998-11-30,122.93
JPY/USD,1998-12-31,113.45
JPY/USD,1999-01-29,116.28
JPY/USD,1999-02-26,119.15
JPY/USD,1999-03-31,118.77
JPY/USD,1999-04-30,119.37
JPY/USD,1999-05-31,121.59
JPY/USD,1999-06-30,120.9
JPY/USD,1999-07-30,114.65
JPY/USD,1999-08-31,109.74
JPY/USD,1999-09-30,106.15
JPY/USD,1999-10-29,104
JPY/USD,1999-11-30,101.97
JPY/USD,1999-12-31,102.18
JPY/USD,2000-01-31,107.2
JPY/USD,2000-02-29,110.19
JPY/USD,2000-03-31,102.96
JPY/USD,2000-04-28,108.15
JPY/USD,2000-05-31,107.63
JPY/USD,2000-06-30,106.01
JPY/USD,2000-07-31,109.33
JPY/USD,2000-08-31,106.67
JPY/USD,2000-09-29,108.13
JPY/USD,2000-10-31,108.79
JPY/USD,2000-11-30,110.37
JPY/USD,2000-12-29,114.38
JPY/USD,2001-01-31,116.68
JPY/USD,2001-02-28,117.39
JPY/USD,2001-03-30,126.23
JPY/USD,2001-04-30,123.38
JPY/USD,2001-05-31,119.23
JPY/USD,2001-06-29,124.5
JPY/USD,2001-07-31,125.01
JPY/USD,2001-08-31,118.75
JPY/USD,2001-09-28,119.48
JPY/USD,2001-10-31,122.4
JPY/USD,2001-11-30,123.45
JPY/USD,2001-12-31,131.67
JPY/USD,2002-01-31,134.87
JPY/USD,2002-02-28,133.46
JPY/USD,2002-03-29,132.7
JPY/USD,2002-04-30,128.53
JPY/USD,2002-05-31,124.06
JPY/USD,2002-06-28,119.52
JPY/USD,2002-07-31,119.78
JPY/USD,2002-08-30,118.43
JPY/USD,2002-09-30,121.83
JPY/USD,2002-10-31,122.45
JPY/USD,2002-11-29,122.47
JPY/USD,2002-12-31,118.7
JPY/USD,2003-01-31,119.91
JPY/USD,2003-02-28,118.09
JPY/USD,2003-03-31,118.01
JPY/USD,2003-04-30,118.82
JPY/USD,2003-05-30,119.3
JPY/USD,2003-06-30,119.67
JPY/USD,2003-07-31,120.56
JPY/USD,2003-08-29,116.89
JPY/USD,2003-09-30,111.29
JPY/USD,2003-10-31,110
JPY/USD,2003-11-28,109.62
JPY/USD,2003-12-31,107.4
JPY/USD,2004-01-30,105.72
JPY/USD,2004-02-27,109.25
JPY/USD,2004-03-31,104.21
JPY/USD,2004-04-30,110.37
JPY/USD,2004-05-31,109.52
JPY/USD,2004-06-30,108.87
JPY/USD,2004-07-30,111.36
JPY/USD,2004-08-31,109.17
JPY/USD,2004-09-30,110.08
JPY/USD,2004-10-29,105.72
JPY/USD,2004-11-30,102.9
JPY/USD,2004-12-31,102.51
JPY/USD,2005-01-31,103.6
JPY/USD,2005-02-28,104.53
JPY/USD,2005-03-31,107.14
JPY/USD,2005-04-29,104.65
JPY/USD,2005-05-31,108.4
JPY/USD,2005-06-30,110.86
JPY/USD,2005-07-29,112.44
JPY/USD,2005-08-31,110.65
JPY/USD,2005-09-30,113.46
JPY/USD,2005-10-31,116.44
JPY/USD,2005-11-30,119.72
JPY/USD,2005-12-30,117.98
JPY/USD,2006-01-31,117.31
JPY/USD,2006-02-28,115.79
JPY/USD,2006-03-31,117.76
JPY/USD,2006-04-28,113.82
JPY/USD,2006-05-31,112.53
JPY/USD,2006-06-30,114.49
JPY/USD,2006-07-31,114.51
JPY/USD,2006-08-31,117.36
JPY/USD,2006-09-29,117.96
JPY/USD,2006-10-31,116.79
JPY/USD,2006-11-30,115.68
JPY/USD,2006-12-29,118.98
JPY/USD,2007-01-31,120.74
JPY/USD,2007-02-28,118.73
JPY/USD,2007-03-30,117.81
JPY/USD,2007-04-30,119.36
JPY/USD,2007-05-31,121.75
JPY/USD,2007-06-29,123.16
JPY/USD,2007-07-31,118.42
JPY/USD,2007-08-31,115.77
JPY/USD,2007-09-28,114.74
JPY/USD,2007-10-31,115.39
JPY/USD,2007-11-30,111.76
JPY/USD,2007-12-31,111.65
JPY/USD,2008-01-31,106.251
JPY/USD,2008-02-29,103.77
JPY/USD,2008-03-31,99.85
JPY/USD,2008-04-30,103.943
JPY/USD,2008-05-30,105.5
JPY/USD,2008-06-30,106.12
JPY/USD,2008-07-31,107.81
JPY/USD,2008-08-29,108.79
JPY/USD,2008-09-30,106.07
JPY/USD,2008-10-31,98.44
JPY/USD,2008-11-28,95.5
JPY/USD,2008-12-31,90.65
JPY/USD,2009-01-30,89.9
JPY/USD,2009-02-27,97.62
JPY/USD,2009-03-31,98.97
JPY/USD,2009-04-30,98.69
JPY/USD,2009-05-29,95.43
JPY/USD,2009-06-30,96.331
JPY/USD,2009-07-31,94.64
JPY/USD,2009-08-31,92.87
JPY/USD,2009-09-30,89.87
JPY/USD,2009-10-30,90.09
JPY/USD,2009-11-30,86.25
JPY/USD,2009-12-31,92.91
JPY/USD,2010-01-29,90.27
JPY/USD,2010-02-26,88.921
JPY/USD,2010-03-31,93.52
JPY/USD,2010-04-30,93.83
JPY/USD,2010-05-31,91.19
JPY/USD,2010-06-30,88.43
JPY/USD,2010-07-30,86.44
JPY/USD,2010-08-31,84.532
JPY/USD,2010-09-30,83.766
JPY/USD,2010-10-29,81.679
JPY/USD,2010-11-30,84.254
JPY/USD,2010-12-31,81.48
JPY/USD,2011-01-31,82.089
JPY/USD,2011-02-28,81.622
JPY/USD,2011-03-31,83.15
JPY/USD,2011-04-29,81.53
JPY/USD,2011-05-31,80.88
JPY/USD,2011-06-30,80.71
JPY/USD,2011-07-29,77.73
JPY/USD,2011-08-31,76.701
JPY/USD,2011-09-30,76.765
JPY/USD,2011-10-31,75.74
JPY/USD,2011-11-30,77.96
JPY/USD,2011-12-30,77.659
JPY/USD,2012-01-31,76.36
JPY/USD,2012-02-29,80.48
JPY/USD,2012-03-30,82.273
JPY/USD,2012-04-30,80.35
JPY/USD,2012-05-31,78.982
JPY/USD,2012-06-29,79.313
JPY/USD,2012-07-31,78.101
JPY/USD,2012-08-31,78.53
JPY/USD,2012-09-28,77.61
JPY/USD,2012-10-31,79.684
JPY/USD,2012-11-30,82.151
JPY/USD,2012-12-31,85.96
JPY/USD,2013-01-31,91.021
JPY/USD,2013-02-28,92.303
JPY/USD,2013-03-29,94.19
JPY/USD,2013-04-30,97.864
JPY/USD,2013-05-31,101.1
JPY/USD,2013-06-28,98.476
JPY/USD,2013-07-31,98.016
JPY/USD,2013-08-30,98.292
JPY/USD,2013-09-30,97.827
JPY/USD,2013-10-31,98.507
JPY/USD,2013-11-29,102.292
JPY/USD,2013-12-31,104.934
JPY/USD,2014-01-31,102.758
JPY/USD,2014-02-28,102.11
JPY/USD,2014-03-31,102.889
JPY/USD,2014-04-30,102.564
JPY/USD,2014-05-30,101.72
JPY/USD,2014-06-30,101.443
JPY/USD,2014-07-31,102.84
JPY/USD,2014-08-29,103.696
JPY/USD,2014-09-30,109.39
JPY/USD,2014-10-31,109.213
JPY/USD,2014-11-28,117.84
JPY/USD,2014-12-31,119.458
JPY/USD,2015-01-30,118.248
JPY/USD,2015-02-27,119.377
JPY/USD,2015-03-31,120.013
JPY/USD,2015-04-30,118.97
JPY/USD,2015-05-29,123.82
JPY/USD,2015-06-30,122.67
JPY/USD,2015-07-31,124.071
JPY/USD,2015-08-31,121.289
JPY/USD,2015-09-30,119.86
JPY/USD,2015-10-30,121
JPY/USD,2015-11-30,122.83
JPY/USD,2015-12-31,120.45
JPY/USD,2016-01-29,118.93
JPY/USD,2016-02-29,113.66
JPY/USD,2016-03-31,112.366
JPY/USD,2016-04-29,108.076
JPY/USD,2016-05-31,110.841
JPY/USD,2016-06-30,102.778
JPY/USD,2016-07-29,104.745
JPY/USD,2016-08-31,102.868
JPY/USD,2016-09-30,101.199
JPY/USD,2016-10-31,104.565
JPY/USD,2016-11-30,112.47
JPY/USD,2016-12-30,116.267
JPY/USD,2017-01-31,113.65
JPY/USD,2017-02-28,112.745
JPY/USD,2017-03-31,111.776
JPY/USD,2017-04-28,111.226
JPY/USD,2017-05-31,110.839
JPY/USD,2017-06-30,112.009
JPY/USD,2017-07-31,110.51
JPY/USD,2017-08-31,110.46
JPY/USD,2017-09-29,112.467
JPY/USD,2017-10-31,112.996
JPY/USD,2017-11-30,112.002
JPY/USD,2017-12-29,112.875
JPY/USD,2018-01-31,108.732
JPY/USD,2018-02-28,107.426
JPY/USD,2018-03-30,106.479
JPY/USD,2018-04-30,109.098
JPY/USD,2018-05-31,108.712
JPY/USD,2018-06-29,110.486
JPY/USD,2018-07-31,110.994
JPY/USD,2018-08-31,110.999
JPY/USD,2018-09-28,113.357
JPY/USD,2018-10-31,113.052
JPY/USD,2018-11-30,113.411
JPY/USD,2018-12-31,110.33
JPY/USD,2019-01-31,108.981
JPY/USD,2019-02-28,110.862
JPY/USD,2019-03-29,110.637
JPY/USD,2019-04-30,111.677
JPY/USD,2019-05-31,109.357
JPY/USD,2019-06-28,107.747
JPY/USD,2019-07-31,108.562
JPY/USD,2019-08-30,106.438
JPY/USD,2019-09-30,107.944
JPY/USD,2019-10-31,108.789
JPY/USD,2019-11-29,109.512
JPY/USD,2019-12-31,108.873
JPY/USD,2020-01-31,108.877
JPY/USD,2020-02-28,109.66
JPY/USD,2020-03-31,108.035
JPY/USD,2020-04-30,106.61
JPY/USD,2020-05-29,107.643
JPY/USD,2020-06-30,107.59
JPY/USD,2020-07-31,104.683
JPY/USD,2020-08-31,105.535
JPY/USD,2020-09-30,105.664
JPY/USD,2020-10-30,104.554
JPY/USD,2020-11-30,104.082
JPY/USD,2020-12-31,103.121
JPY/USD,2021-01-29,104.291
JPY/USD,2021-02-26,106.379
JPY/USD,2021-03-31,110.305
JPY/USD,2021-04-30,108.904
JPY/USD,2021-05-31,109.907
JPY/USD,2021-06-30,110.535
JPY/USD,2021-07-30,109.409
JPY/USD,2021-08-31,109.944
JPY/USD,2021-09-30,111.936
JPY/USD,2021-10-29,113.616
JPY/USD,2021-11-30,113.804
JPY/USD,2021-12-31,115.063
JPY/USD,2022-01-31,115.262
JPY/USD,2022-02-28,115.585
JPY/USD,2022-03-31,122.021
JPY/USD,2022-04-29,130.811
JPY/USD,2022-05-31,127.784
JPY/USD,2022-06-30,136.589
JPY/USD,2022-07-29,134.397
JPY/USD,2022-08-31,138.734
JPY/USD,2022-09-30,144.431
JPY/USD,2022-10-31,147.812
JPY/USD,2022-11-30,138.745
JPY/USD,2022-12-30,132.916
JPY/USD,2023-01-31,130.479
JPY/USD,2023-02-28,136.317
JPY/USD,2023-03-31,133.201
JPY/USD,2023-04-28,133.802
JPY/USD,2023-05-31,139.792
JPY/USD,2023-06-30,144.78
JPY/USD,2023-07-31,140.758
JPY/USD,2023-08-31,146.099
JPY/USD,2023-09-29,149.337
JPY/USD,2023-10-31,149.111
JPY/USD,2023-11-30,147.039
JPY/USD,2023-12-29,141.43
JPY/USD,2024-01-31,147.369
JPY/USD,2024-02-29,150.656
JPY/USD,2024-03-29,151.44
JPY/USD,2024-04-30,156.314
JPY/USD,2024-05-31,156.953
JPY/USD,2024-06-28,160.687
JPY/USD,2024-07-31,152.67
JPY/USD,2024-08-30,144.89
JPY/USD,2024-09-30,142.783
JPY/USD,2024-10-31,153.204
JPY/USD,2024-11-29,151.174
JPY/USD,2024-12-31,156.995
JPY/USD,2025-01-31,154.097
JPY/USD,2025-02-28,150.012
JPY/USD,2025-03-31,149.617
JPY/USD,2025-04-30,142.299
JPY/USD,2025-05-30,143.779
JPY/USD,2025-06-30,144.517
JPY/USD,2025-07-31,149.226
JPY/USD,2025-08-29,146.79
JPY/USD,2025-09-30,148.595
JPY/USD,2025-10-31,153.9
JPY/USD,2025-11-28,156.284
JPY/USD,2025-12-31,156.413
JPY/USD,2026-01-30,153.162
JPY/USD,2026-02-27,155.859
JPY/USD,2026-03-31,159.841
JPY/USD,2026-04-30,160.184
JPY/USD,2026-05-29,159.27
JPY/USD,2026-06-30,161.923
JPY/USD,2026-07-28,163.771
KOSDAQ,1996-07-31,1141.3
KOSDAQ,1996-08-31,1155.3
KOSDAQ,1996-09-30,1168.8
KOSDAQ,1996-10-31,1223.5
KOSDAQ,1996-11-30,1272.7
KOSDAQ,1996-12-27,1204.7
KOSDAQ,1997-01-31,1207.9
KOSDAQ,1997-02-28,1183.5
KOSDAQ,1997-03-31,1204.7
KOSDAQ,1997-04-30,1252.9
KOSDAQ,1997-05-31,1308.1
KOSDAQ,1997-06-30,1331.1
KOSDAQ,1997-07-31,1331.3
KOSDAQ,1997-08-30,1340.1
KOSDAQ,1997-09-30,1327.4
KOSDAQ,1997-10-31,1204.3
KOSDAQ,1997-11-29,1098.1
KOSDAQ,1997-12-27,972.5
KOSDAQ,1998-01-31,1031.2
KOSDAQ,1998-02-28,1032.7
KOSDAQ,1998-03-31,1030.6
KOSDAQ,1998-04-30,906
KOSDAQ,1998-05-30,782.9
KOSDAQ,1998-06-30,746.7
KOSDAQ,1998-07-31,698.1
KOSDAQ,1998-08-31,637.6
KOSDAQ,1998-09-30,610.3
KOSDAQ,1998-10-31,639.4
KOSDAQ,1998-11-30,641.3
KOSDAQ,1998-12-28,751.8
KOSDAQ,1999-01-29,761.6
KOSDAQ,1999-02-26,723
KOSDAQ,1999-03-31,797.9
KOSDAQ,1999-04-30,1191
KOSDAQ,1999-05-31,1454.8
KOSDAQ,1999-06-30,1795.5
KOSDAQ,1999-07-30,1929.7
KOSDAQ,1999-08-31,2009.6
KOSDAQ,1999-09-30,1571.2
KOSDAQ,1999-10-29,1793.8
KOSDAQ,1999-11-30,2292
KOSDAQ,1999-12-28,2561.4
KOSDAQ,2000-01-31,1903.7
KOSDAQ,2000-02-29,2663.7
KOSDAQ,2000-03-31,2212.7
KOSDAQ,2000-04-28,1581.8
KOSDAQ,2000-05-31,1441.5
KOSDAQ,2000-06-30,1518.6
KOSDAQ,2000-07-31,1158
KOSDAQ,2000-08-31,1085.9
KOSDAQ,2000-09-29,901.7
KOSDAQ,2000-10-31,746.8
KOSDAQ,2000-11-30,672.6
KOSDAQ,2000-12-26,525.8
KOSDAQ,2001-01-31,843.6
KOSDAQ,2001-02-28,767.6
KOSDAQ,2001-03-30,684.3
KOSDAQ,2001-04-30,789.7
KOSDAQ,2001-05-31,813.5
KOSDAQ,2001-06-29,768.7
KOSDAQ,2001-07-31,680.9
KOSDAQ,2001-08-31,618.4
KOSDAQ,2001-09-28,516.4
KOSDAQ,2001-10-31,625.5
KOSDAQ,2001-11-30,705.2
KOSDAQ,2001-12-28,722.1
KOSDAQ,2002-01-31,773.6
KOSDAQ,2002-02-28,787.1
KOSDAQ,2002-03-29,927.3
KOSDAQ,2002-04-30,733.4
KOSDAQ,2002-05-31,697.8
KOSDAQ,2002-06-28,608.5
KOSDAQ,2002-07-31,586.2
KOSDAQ,2002-08-30,591.1
KOSDAQ,2002-09-30,467.1
KOSDAQ,2002-10-31,480.5
KOSDAQ,2002-11-29,519
KOSDAQ,2002-12-30,443.6
KOSDAQ,2003-01-30,433.9
KOSDAQ,2003-02-28,417.8
KOSDAQ,2003-03-31,377.7
KOSDAQ,2003-04-30,428
KOSDAQ,2003-05-30,471.8
KOSDAQ,2003-06-30,497.5
KOSDAQ,2003-07-31,493.3
KOSDAQ,2003-08-29,495.4
KOSDAQ,2003-09-30,448.6
KOSDAQ,2003-10-31,463.8
KOSDAQ,2003-11-28,458.4
KOSDAQ,2003-12-30,448.7
KOSDAQ,2004-01-30,441.45
KOSDAQ,2004-02-27,428.68
KOSDAQ,2004-03-31,434.16
KOSDAQ,2004-04-30,453.47
KOSDAQ,2004-05-31,400.92
KOSDAQ,2004-06-30,385.18
KOSDAQ,2004-07-30,331.21
KOSDAQ,2004-08-31,355.66
KOSDAQ,2004-09-30,362.08
KOSDAQ,2004-10-29,357.04
KOSDAQ,2004-11-30,373.43
KOSDAQ,2004-12-30,380.33
KOSDAQ,2005-01-31,472.95
KOSDAQ,2005-02-28,498.38
KOSDAQ,2005-03-31,455.03
KOSDAQ,2005-04-29,424.4
KOSDAQ,2005-05-31,471.48
KOSDAQ,2005-06-30,503.21
KOSDAQ,2005-07-29,546.68
KOSDAQ,2005-08-31,503.95
KOSDAQ,2005-09-30,571.95
KOSDAQ,2005-10-31,587.46
KOSDAQ,2005-11-30,712.39
KOSDAQ,2005-12-29,701.79
KOSDAQ,2006-01-31,690.24
KOSDAQ,2006-02-28,682.36
KOSDAQ,2006-03-31,665.21
KOSDAQ,2006-04-28,685.44
KOSDAQ,2006-05-30,630.5
KOSDAQ,2006-06-30,590.68
KOSDAQ,2006-07-31,557.66
KOSDAQ,2006-08-31,572.83
KOSDAQ,2006-09-29,600.42
KOSDAQ,2006-10-31,586.1
KOSDAQ,2006-11-30,622.17
KOSDAQ,2006-12-28,606.15
KOSDAQ,2007-01-31,576.37
KOSDAQ,2007-02-28,600.93
KOSDAQ,2007-03-30,648.99
KOSDAQ,2007-04-30,675.88
KOSDAQ,2007-05-31,747.87
KOSDAQ,2007-06-29,778.69
KOSDAQ,2007-07-31,811.52
KOSDAQ,2007-08-31,775.13
KOSDAQ,2007-09-28,794.56
KOSDAQ,2007-10-31,810.07
KOSDAQ,2007-11-30,741.84
KOSDAQ,2007-12-28,704.23
KOSDAQ,2008-01-31,608.84
KOSDAQ,2008-02-29,655.94
KOSDAQ,2008-03-31,644.45
KOSDAQ,2008-04-30,647.02
KOSDAQ,2008-05-30,652.15
KOSDAQ,2008-06-30,590.19
KOSDAQ,2008-07-31,539.44
KOSDAQ,2008-08-29,470.28
KOSDAQ,2008-09-30,440.77
KOSDAQ,2008-10-31,308.03
KOSDAQ,2008-11-28,307.48
KOSDAQ,2008-12-30,332.05
KOSDAQ,2009-01-30,364.9
KOSDAQ,2009-02-27,363.21
KOSDAQ,2009-03-31,421.44
KOSDAQ,2009-04-30,500.98
KOSDAQ,2009-05-29,528.8
KOSDAQ,2009-06-30,485.15
KOSDAQ,2009-07-31,504.35
KOSDAQ,2009-08-31,514.7
KOSDAQ,2009-09-30,505.94
KOSDAQ,2009-10-30,486.46
KOSDAQ,2009-11-30,464.32
KOSDAQ,2009-12-30,513.57
KOSDAQ,2010-01-29,496.57
KOSDAQ,2010-02-26,507.03
KOSDAQ,2010-03-31,515.74
KOSDAQ,2010-04-30,523.75
KOSDAQ,2010-05-31,489.42
KOSDAQ,2010-06-30,489.98
KOSDAQ,2010-07-30,481.45
KOSDAQ,2010-08-31,464.71
KOSDAQ,2010-09-30,492.75
KOSDAQ,2010-10-29,526.45
KOSDAQ,2010-11-30,498.39
KOSDAQ,2010-12-30,510.69
KOSDAQ,2011-01-31,521.38
KOSDAQ,2011-02-28,504.46
KOSDAQ,2011-03-31,525.42
KOSDAQ,2011-04-29,511
KOSDAQ,2011-05-31,484.54
KOSDAQ,2011-06-30,479.55
KOSDAQ,2011-07-29,536.05
KOSDAQ,2011-08-31,493.44
KOSDAQ,2011-09-30,449.66
KOSDAQ,2011-10-31,490.69
KOSDAQ,2011-11-30,492.81
KOSDAQ,2011-12-29,500.18
KOSDAQ,2012-01-31,513.99
KOSDAQ,2012-02-29,542.3
KOSDAQ,2012-03-30,519.56
KOSDAQ,2012-04-30,478.89
KOSDAQ,2012-05-31,471.94
KOSDAQ,2012-06-29,489.16
KOSDAQ,2012-07-31,467.61
KOSDAQ,2012-08-31,508.35
KOSDAQ,2012-09-28,523.78
KOSDAQ,2012-10-31,508.31
KOSDAQ,2012-11-30,499.37
KOSDAQ,2012-12-28,496.32
KOSDAQ,2013-01-31,503.67
KOSDAQ,2013-02-28,535.87
KOSDAQ,2013-03-29,555.02
KOSDAQ,2013-04-30,563.87
KOSDAQ,2013-05-31,577.87
KOSDAQ,2013-06-28,519.06
KOSDAQ,2013-07-31,554.31
KOSDAQ,2013-08-30,516.74
KOSDAQ,2013-09-30,534.89
KOSDAQ,2013-10-31,532.44
KOSDAQ,2013-11-29,517.06
KOSDAQ,2013-12-30,499.99
KOSDAQ,2014-01-29,515.2
KOSDAQ,2014-02-28,528.96
KOSDAQ,2014-03-31,541.58
KOSDAQ,2014-04-30,559.34
KOSDAQ,2014-05-30,546.53
KOSDAQ,2014-06-30,537.06
KOSDAQ,2014-07-31,536.32
KOSDAQ,2014-08-29,570.2
KOSDAQ,2014-09-30,573.22
KOSDAQ,2014-10-31,558.7
KOSDAQ,2014-11-28,545.08
KOSDAQ,2014-12-30,542.97
KOSDAQ,2015-01-30,591.58
KOSDAQ,2015-02-27,624.56
KOSDAQ,2015-03-31,650.49
KOSDAQ,2015-04-30,689.01
KOSDAQ,2015-05-29,711.39
KOSDAQ,2015-06-30,742.27
KOSDAQ,2015-07-31,725.06
KOSDAQ,2015-08-31,687.11
KOSDAQ,2015-09-30,678.48
KOSDAQ,2015-10-30,683.63
KOSDAQ,2015-11-30,688.38
KOSDAQ,2015-12-30,682.35
KOSDAQ,2016-01-29,682.8
KOSDAQ,2016-02-29,651.62
KOSDAQ,2016-03-31,688.38
KOSDAQ,2016-04-29,699.77
KOSDAQ,2016-05-31,698.45
KOSDAQ,2016-06-30,675.09
KOSDAQ,2016-07-29,706.24
KOSDAQ,2016-08-31,663.69
KOSDAQ,2016-09-30,681.21
KOSDAQ,2016-10-31,624.68
KOSDAQ,2016-11-30,596.11
KOSDAQ,2016-12-29,631.44
KOSDAQ,2017-01-31,616.13
KOSDAQ,2017-02-28,612.2
KOSDAQ,2017-03-31,619.28
KOSDAQ,2017-04-28,628.24
KOSDAQ,2017-05-31,652.04
KOSDAQ,2017-06-30,669.04
KOSDAQ,2017-07-31,650.47
KOSDAQ,2017-08-31,657.83
KOSDAQ,2017-09-29,652.82
KOSDAQ,2017-10-31,694.2
KOSDAQ,2017-11-30,771.42
KOSDAQ,2017-12-28,798.42
KOSDAQ,2018-01-31,913.57
KOSDAQ,2018-02-28,857.06
KOSDAQ,2018-03-30,871.09
KOSDAQ,2018-04-30,875.95
KOSDAQ,2018-05-31,879.66
KOSDAQ,2018-06-29,818.22
KOSDAQ,2018-07-31,775.52
KOSDAQ,2018-08-31,816.97
KOSDAQ,2018-09-28,822.27
KOSDAQ,2018-10-31,648.67
KOSDAQ,2018-11-30,695.76
KOSDAQ,2018-12-28,675.65
KOSDAQ,2019-01-31,716.86
KOSDAQ,2019-02-28,731.25
KOSDAQ,2019-03-29,729.31
KOSDAQ,2019-04-30,754.74
KOSDAQ,2019-05-31,696.47
KOSDAQ,2019-06-28,690.53
KOSDAQ,2019-07-31,630.18
KOSDAQ,2019-08-30,610.55
KOSDAQ,2019-09-30,621.76
KOSDAQ,2019-10-31,658.52
KOSDAQ,2019-11-29,632.99
KOSDAQ,2019-12-30,669.83
KOSDAQ,2020-01-31,642.48
KOSDAQ,2020-02-28,610.73
KOSDAQ,2020-03-31,569.07
KOSDAQ,2020-04-29,645.18
KOSDAQ,2020-05-29,713.68
KOSDAQ,2020-06-30,737.97
KOSDAQ,2020-07-31,815.3
KOSDAQ,2020-08-31,848.24
KOSDAQ,2020-09-29,848.15
KOSDAQ,2020-10-30,792.65
KOSDAQ,2020-11-30,886.11
KOSDAQ,2020-12-30,968.42
KOSDAQ,2021-01-29,928.73
KOSDAQ,2021-02-26,913.94
KOSDAQ,2021-03-31,956.17
KOSDAQ,2021-04-30,983.45
KOSDAQ,2021-05-31,981.78
KOSDAQ,2021-06-30,1029.96
KOSDAQ,2021-07-30,1031.14
KOSDAQ,2021-08-31,1038.33
KOSDAQ,2021-09-30,1003.27
KOSDAQ,2021-10-29,992.33
KOSDAQ,2021-11-30,965.63
KOSDAQ,2021-12-30,1033.98
KOSDAQ,2022-01-28,872.87
KOSDAQ,2022-02-28,881.07
KOSDAQ,2022-03-31,944.53
KOSDAQ,2022-04-29,904.75
KOSDAQ,2022-05-31,893.36
KOSDAQ,2022-06-30,745.44
KOSDAQ,2022-07-29,803.62
KOSDAQ,2022-08-31,807.04
KOSDAQ,2022-09-30,672.65
KOSDAQ,2022-10-31,695.33
KOSDAQ,2022-11-30,729.54
KOSDAQ,2022-12-29,679.29
KOSDAQ,2023-01-31,740.49
KOSDAQ,2023-02-28,791.6
KOSDAQ,2023-03-31,847.52
KOSDAQ,2023-04-28,842.83
KOSDAQ,2023-05-31,856.94
KOSDAQ,2023-06-30,868.24
KOSDAQ,2023-07-31,935.97
KOSDAQ,2023-08-31,928.4
KOSDAQ,2023-09-27,841.02
KOSDAQ,2023-10-31,736.1
KOSDAQ,2023-11-30,831.68
KOSDAQ,2023-12-28,866.57
KOSDAQ,2024-01-31,799.24
KOSDAQ,2024-02-29,862.96
KOSDAQ,2024-03-29,905.5
KOSDAQ,2024-04-30,868.93
KOSDAQ,2024-05-31,839.98
KOSDAQ,2024-06-28,840.44
KOSDAQ,2024-07-31,803.15
KOSDAQ,2024-08-30,767.66
KOSDAQ,2024-09-30,763.88
KOSDAQ,2024-10-31,743.06
KOSDAQ,2024-11-29,678.19
KOSDAQ,2024-12-30,678.19
KOSDAQ,2025-01-31,728.29
KOSDAQ,2025-02-28,743.96
KOSDAQ,2025-03-31,672.85
KOSDAQ,2025-04-30,717.24
KOSDAQ,2025-05-30,734.35
KOSDAQ,2025-06-30,781.5
KOSDAQ,2025-07-31,805.24
KOSDAQ,2025-08-29,796.91
KOSDAQ,2025-09-30,841.99
KOSDAQ,2025-10-31,900.42
KOSDAQ,2025-11-28,912.67
KOSDAQ,2025-12-30,925.47
KOSDAQ,2026-01-30,1149.44
KOSDAQ,2026-02-27,1192.78
KOSDAQ,2026-03-31,1052.39
KOSDAQ,2026-04-30,1192.35
KOSDAQ,2026-05-29,1074.8
KOSDAQ,2026-06-30,916.18
KOSDAQ,2026-07-29,662.68
KOSDAQ Market Cap,1997-01-31,7886639923440
KOSDAQ Market Cap,1997-02-28,7595662293720
KOSDAQ Market Cap,1997-03-31,7708423862050
KOSDAQ Market Cap,1997-04-30,8372243530630
KOSDAQ Market Cap,1997-05-31,8811495285350
KOSDAQ Market Cap,1997-06-30,9015495299910
KOSDAQ Market Cap,1997-07-31,8808651361960
KOSDAQ Market Cap,1997-08-30,9353474483020
KOSDAQ Market Cap,1997-09-30,9309315939800
KOSDAQ Market Cap,1997-10-31,8349204220760
KOSDAQ Market Cap,1997-11-29,7842030563320
KOSDAQ Market Cap,1997-12-27,7068548946460
KOSDAQ Market Cap,1998-01-31,7653630216900
KOSDAQ Market Cap,1998-02-28,7655607364220
KOSDAQ Market Cap,1998-03-31,7603666943870
KOSDAQ Market Cap,1998-04-30,6629016503040
KOSDAQ Market Cap,1998-05-30,5766927377930
KOSDAQ Market Cap,1998-06-30,5521834870740
KOSDAQ Market Cap,1998-07-31,5168664610150
KOSDAQ Market Cap,1998-08-31,4589711261410
KOSDAQ Market Cap,1998-09-30,4511890483990
KOSDAQ Market Cap,1998-10-31,4702874732920
KOSDAQ Market Cap,1998-11-30,6607550377540
KOSDAQ Market Cap,1998-12-28,7892243678860
KOSDAQ Market Cap,1999-01-29,7872490414640
KOSDAQ Market Cap,1999-02-26,7488211826050
KOSDAQ Market Cap,1999-03-31,8498687879110
KOSDAQ Market Cap,1999-04-30,13124866993640
KOSDAQ Market Cap,1999-05-31,20199797810300
KOSDAQ Market Cap,1999-06-30,24892980299940
KOSDAQ Market Cap,1999-07-30,27285410407350
KOSDAQ Market Cap,1999-08-31,27826649594230
KOSDAQ Market Cap,1999-09-30,22548093139600
KOSDAQ Market Cap,1999-10-29,25900131294620
KOSDAQ Market Cap,1999-11-30,35999503638200
KOSDAQ Market Cap,1999-12-28,98704382151330
KOSDAQ Market Cap,2000-01-31,65529482763610
KOSDAQ Market Cap,2000-02-29,86741090041470
KOSDAQ Market Cap,2000-03-31,77451994941610
KOSDAQ Market Cap,2000-04-28,59364620169270
KOSDAQ Market Cap,2000-05-31,57216572919520
KOSDAQ Market Cap,2000-06-30,65079997288100
KOSDAQ Market Cap,2000-07-31,54271140884640
KOSDAQ Market Cap,2000-08-31,54082732101480
KOSDAQ Market Cap,2000-09-29,47042529691540
KOSDAQ Market Cap,2000-10-31,39727057293850
KOSDAQ Market Cap,2000-11-30,36508433170460
KOSDAQ Market Cap,2000-12-26,29015846539200
KOSDAQ Market Cap,2001-01-31,46746516820980
KOSDAQ Market Cap,2001-02-28,42735042151500
KOSDAQ Market Cap,2001-03-30,38192137288900
KOSDAQ Market Cap,2001-04-30,44588278503970
KOSDAQ Market Cap,2001-05-31,47440972612930
KOSDAQ Market Cap,2001-06-29,45359918230920
KOSDAQ Market Cap,2001-07-31,41244966591730
KOSDAQ Market Cap,2001-08-31,38162939933140
KOSDAQ Market Cap,2001-09-28,32829693193960
KOSDAQ Market Cap,2001-10-31,43708004837840
KOSDAQ Market Cap,2001-11-30,49072364526120
KOSDAQ Market Cap,2001-12-28,51818055083670
KOSDAQ Market Cap,2002-01-31,58484471547850
KOSDAQ Market Cap,2002-02-28,60482475738360
KOSDAQ Market Cap,2002-03-29,71834721517790
KOSDAQ Market Cap,2002-04-30,57880179547050
KOSDAQ Market Cap,2002-05-31,55737108034220
KOSDAQ Market Cap,2002-06-28,49145510405220
KOSDAQ Market Cap,2002-07-31,47501322413250
KOSDAQ Market Cap,2002-08-30,48093562696550
KOSDAQ Market Cap,2002-09-30,38159626379450
KOSDAQ Market Cap,2002-10-31,39378085036970
KOSDAQ Market Cap,2002-11-29,43310752365250
KOSDAQ Market Cap,2002-12-30,37403132423850
KOSDAQ Market Cap,2003-01-30,37397888932760
KOSDAQ Market Cap,2003-02-28,36451769943500
KOSDAQ Market Cap,2003-03-31,33087977818200
KOSDAQ Market Cap,2003-04-30,37736042325220
KOSDAQ Market Cap,2003-05-30,41403776716130
KOSDAQ Market Cap,2003-06-30,42731691489250
KOSDAQ Market Cap,2003-07-31,43023270527855
KOSDAQ Market Cap,2003-08-29,44048163762200
KOSDAQ Market Cap,2003-09-30,38040911651335
KOSDAQ Market Cap,2003-10-31,38260480091185
KOSDAQ Market Cap,2003-11-28,38896442464135
KOSDAQ Market Cap,2003-12-30,37374778361900
KOSDAQ Market Cap,2004-01-30,37825729118100
KOSDAQ Market Cap,2004-02-27,36382832752460
KOSDAQ Market Cap,2004-03-31,37331000533170
KOSDAQ Market Cap,2004-04-30,35715480904065
KOSDAQ Market Cap,2004-05-31,31949284193595
KOSDAQ Market Cap,2004-06-30,30729182839010
KOSDAQ Market Cap,2004-07-30,27102458220485
KOSDAQ Market Cap,2004-08-31,29479053842985
KOSDAQ Market Cap,2004-09-30,30118323115270
KOSDAQ Market Cap,2004-10-29,30117661930080
KOSDAQ Market Cap,2004-11-30,31580413418920
KOSDAQ Market Cap,2004-12-30,31149048228965
KOSDAQ Market Cap,2005-01-31,39864140990690
KOSDAQ Market Cap,2005-02-28,42817373942840
KOSDAQ Market Cap,2005-03-31,39605077377345
KOSDAQ Market Cap,2005-04-29,37099896701040
KOSDAQ Market Cap,2005-05-31,41474536581175
KOSDAQ Market Cap,2005-06-30,45161846195210
KOSDAQ Market Cap,2005-07-29,50506087318400
KOSDAQ Market Cap,2005-08-31,47250994081495
KOSDAQ Market Cap,2005-09-30,53966575682210
KOSDAQ Market Cap,2005-10-31,56535916263735
KOSDAQ Market Cap,2005-11-30,69909792295865
KOSDAQ Market Cap,2005-12-29,70897735464020
KOSDAQ Market Cap,2006-01-31,71053051608675
KOSDAQ Market Cap,2006-02-28,70710993138300
KOSDAQ Market Cap,2006-03-31,69828524517900
KOSDAQ Market Cap,2006-04-28,72343681884530
KOSDAQ Market Cap,2006-05-30,66315869385950
KOSDAQ Market Cap,2006-06-30,63751625338915
KOSDAQ Market Cap,2006-07-31,58094178911135
KOSDAQ Market Cap,2006-08-31,64169497232705
KOSDAQ Market Cap,2006-09-29,68092041956000
KOSDAQ Market Cap,2006-10-31,67735453886515
KOSDAQ Market Cap,2006-11-30,73064091079910
KOSDAQ Market Cap,2006-12-28,72137432268580
KOSDAQ Market Cap,2007-01-31,69495910325115
KOSDAQ Market Cap,2007-02-28,73045617523680
KOSDAQ Market Cap,2007-03-30,79600023856440
KOSDAQ Market Cap,2007-04-30,84115800073955
KOSDAQ Market Cap,2007-05-31,94710680683230
KOSDAQ Market Cap,2007-06-29,100383687381610
KOSDAQ Market Cap,2007-07-31,107028688480665
KOSDAQ Market Cap,2007-08-31,103548092665725
KOSDAQ Market Cap,2007-09-28,106006692518265
KOSDAQ Market Cap,2007-10-31,110790936499460
KOSDAQ Market Cap,2007-11-30,103817882526105
KOSDAQ Market Cap,2007-12-28,99979792391855
KOSDAQ Market Cap,2008-01-31,87693237588525
KOSDAQ Market Cap,2008-02-29,95243072466660
KOSDAQ Market Cap,2008-03-31,92911947934735
KOSDAQ Market Cap,2008-04-30,91607296613230
KOSDAQ Market Cap,2008-05-30,93688701570335
KOSDAQ Market Cap,2008-06-30,85997959153305
KOSDAQ Market Cap,2008-07-31,79721019091505
KOSDAQ Market Cap,2008-08-29,70231420680480
KOSDAQ Market Cap,2008-09-30,67350380559755
KOSDAQ Market Cap,2008-10-31,47493917471205
KOSDAQ Market Cap,2008-11-28,41968964229050
KOSDAQ Market Cap,2008-12-30,46186211099150
KOSDAQ Market Cap,2009-01-30,51543515009145
KOSDAQ Market Cap,2009-02-27,51592484779700
KOSDAQ Market Cap,2009-03-31,60423228887130
KOSDAQ Market Cap,2009-04-30,73570601687640
KOSDAQ Market Cap,2009-05-29,79662682753425
KOSDAQ Market Cap,2009-06-30,73686411741895
KOSDAQ Market Cap,2009-07-31,78253007939670
KOSDAQ Market Cap,2009-08-31,80094024888430
KOSDAQ Market Cap,2009-09-30,79655887018970
KOSDAQ Market Cap,2009-10-30,78319504581375
KOSDAQ Market Cap,2009-11-30,75913551165455
KOSDAQ Market Cap,2009-12-30,86103346275740
KOSDAQ Market Cap,2010-01-29,84613172653080
KOSDAQ Market Cap,2010-02-26,87695616844550
KOSDAQ Market Cap,2010-03-31,90012361536120
KOSDAQ Market Cap,2010-04-30,92058837450375
KOSDAQ Market Cap,2010-05-31,86682810892890
KOSDAQ Market Cap,2010-06-30,88017892314415
KOSDAQ Market Cap,2010-07-30,87445635769765
KOSDAQ Market Cap,2010-08-31,84940231978590
KOSDAQ Market Cap,2010-09-30,91488355580780
KOSDAQ Market Cap,2010-10-29,99104421121636
KOSDAQ Market Cap,2010-11-30,94739444596675
KOSDAQ Market Cap,2010-12-30,97972256178822
KOSDAQ Market Cap,2011-01-31,102115766845244
KOSDAQ Market Cap,2011-02-28,98999245111538
KOSDAQ Market Cap,2011-03-31,103913015058011
KOSDAQ Market Cap,2011-04-29,101988793894056
KOSDAQ Market Cap,2011-05-31,98490477229200
KOSDAQ Market Cap,2011-06-30,98204250268466
KOSDAQ Market Cap,2011-07-29,109789439394609
KOSDAQ Market Cap,2011-08-31,102155774191801
KOSDAQ Market Cap,2011-09-30,93200437228336
KOSDAQ Market Cap,2011-10-31,102012795782021
KOSDAQ Market Cap,2011-11-30,103429989110039
KOSDAQ Market Cap,2011-12-29,105993581051757
KOSDAQ Market Cap,2012-01-31,109418280208214
KOSDAQ Market Cap,2012-02-29,115815313115533
KOSDAQ Market Cap,2012-03-30,111661802248066
KOSDAQ Market Cap,2012-04-30,103233289052163
KOSDAQ Market Cap,2012-05-31,99446147310546
KOSDAQ Market Cap,2012-06-29,106033033897328
KOSDAQ Market Cap,2012-07-31,101852239454429
KOSDAQ Market Cap,2012-08-31,111177029965164
KOSDAQ Market Cap,2012-09-28,114800998198033
KOSDAQ Market Cap,2012-10-31,111850736910552
KOSDAQ Market Cap,2012-11-30,109340283857143
KOSDAQ Market Cap,2012-12-28,109121943099972
KOSDAQ Market Cap,2013-01-31,111086477814784
KOSDAQ Market Cap,2013-02-28,119140364532028
KOSDAQ Market Cap,2013-03-29,124020587600936
KOSDAQ Market Cap,2013-04-30,126416356586148
KOSDAQ Market Cap,2013-05-31,131059926239337
KOSDAQ Market Cap,2013-06-28,117660788818632
KOSDAQ Market Cap,2013-07-31,127786590406291
KOSDAQ Market Cap,2013-08-30,120078791740251
KOSDAQ Market Cap,2013-09-30,124573000223915
KOSDAQ Market Cap,2013-10-31,125207153010520
KOSDAQ Market Cap,2013-11-29,122120276153252
KOSDAQ Market Cap,2013-12-30,119292529289220
KOSDAQ Market Cap,2014-01-29,123381137432187
KOSDAQ Market Cap,2014-02-28,128425733164915
KOSDAQ Market Cap,2014-03-31,131684072946310
KOSDAQ Market Cap,2014-04-30,134555694995135
KOSDAQ Market Cap,2014-05-30,132027385633088
KOSDAQ Market Cap,2014-06-30,130010257723896
KOSDAQ Market Cap,2014-07-31,130564518180260
KOSDAQ Market Cap,2014-08-29,139152232193751
KOSDAQ Market Cap,2014-09-30,140201802481390
KOSDAQ Market Cap,2014-10-31,143530729184209
KOSDAQ Market Cap,2014-11-28,141252708534588
KOSDAQ Market Cap,2014-12-30,143087772098890
KOSDAQ Market Cap,2015-01-30,156568030519867
KOSDAQ Market Cap,2015-02-27,166686149963361
KOSDAQ Market Cap,2015-03-31,173622017536761
KOSDAQ Market Cap,2015-04-30,185533208897344
KOSDAQ Market Cap,2015-05-29,192489848343523
KOSDAQ Market Cap,2015-06-30,203015272893018
KOSDAQ Market Cap,2015-07-31,199143876153414
KOSDAQ Market Cap,2015-08-31,191093394064172
KOSDAQ Market Cap,2015-09-30,190571571842894
KOSDAQ Market Cap,2015-10-30,193909410715706
KOSDAQ Market Cap,2015-11-30,199424282828022
KOSDAQ Market Cap,2015-12-30,201631307399583
KOSDAQ Market Cap,2016-01-29,201893441224233
KOSDAQ Market Cap,2016-02-29,194503175833245
KOSDAQ Market Cap,2016-03-31,206228111765617
KOSDAQ Market Cap,2016-04-29,212583256702601
KOSDAQ Market Cap,2016-05-31,212688321282384
KOSDAQ Market Cap,2016-06-30,208073212111913
KOSDAQ Market Cap,2016-07-29,215411091409469
KOSDAQ Market Cap,2016-08-31,204357048682419
KOSDAQ Market Cap,2016-09-30,210365032801493
KOSDAQ Market Cap,2016-10-31,195998815000617
KOSDAQ Market Cap,2016-11-30,189171503230123
KOSDAQ Market Cap,2016-12-29,201523388183533
KOSDAQ Market Cap,2017-01-31,198116418136620
KOSDAQ Market Cap,2017-02-28,197517535613850
KOSDAQ Market Cap,2017-03-31,201074694139930
KOSDAQ Market Cap,2017-04-28,205780811450310
KOSDAQ Market Cap,2017-05-31,214881946575738
KOSDAQ Market Cap,2017-06-30,221694507841943
KOSDAQ Market Cap,2017-07-31,218974570171333
KOSDAQ Market Cap,2017-08-31,223579647244462
KOSDAQ Market Cap,2017-09-29,224933066537417
KOSDAQ Market Cap,2017-10-31,240071560441429
KOSDAQ Market Cap,2017-11-30,272613666390546
KOSDAQ Market Cap,2017-12-28,282740051437771
KOSDAQ Market Cap,2018-01-31,325329741484927
KOSDAQ Market Cap,2018-02-28,274633003992995
KOSDAQ Market Cap,2018-03-30,280940228853987
KOSDAQ Market Cap,2018-04-30,284649041469168
KOSDAQ Market Cap,2018-05-31,286712764238874
KOSDAQ Market Cap,2018-06-29,267688877675460
KOSDAQ Market Cap,2018-07-31,256779938718787
KOSDAQ Market Cap,2018-08-31,272940321623143
KOSDAQ Market Cap,2018-09-28,273283124656181
KOSDAQ Market Cap,2018-10-31,216610549871934
KOSDAQ Market Cap,2018-11-30,233039252202824
KOSDAQ Market Cap,2018-12-28,228238295556450
KOSDAQ Market Cap,2019-01-31,242350256510105
KOSDAQ Market Cap,2019-02-28,249196922425730
KOSDAQ Market Cap,2019-03-29,249257413979735
KOSDAQ Market Cap,2019-04-30,258788699292522
KOSDAQ Market Cap,2019-05-31,236882568200022
KOSDAQ Market Cap,2019-06-28,236405674233134
KOSDAQ Market Cap,2019-07-31,217992287425957
KOSDAQ Market Cap,2019-08-30,212772631897591
KOSDAQ Market Cap,2019-09-30,218426090721906
KOSDAQ Market Cap,2019-10-31,232231894758796
KOSDAQ Market Cap,2019-11-29,226930389499064
KOSDAQ Market Cap,2019-12-30,241350997492726
KOSDAQ Market Cap,2020-01-31,232461525068773
KOSDAQ Market Cap,2020-02-28,221971810594185
KOSDAQ Market Cap,2020-03-31,208277587033144
KOSDAQ Market Cap,2020-04-29,237464993001678
KOSDAQ Market Cap,2020-05-29,262489491150160
KOSDAQ Market Cap,2020-06-30,273285565080667
KOSDAQ Market Cap,2020-07-31,303951763086638
KOSDAQ Market Cap,2020-08-31,322427182130296
KOSDAQ Market Cap,2020-09-29,328737556831502
KOSDAQ Market Cap,2020-10-30,309289392479541
KOSDAQ Market Cap,2020-11-30,349878362036610
KOSDAQ Market Cap,2020-12-30,385582620024419
KOSDAQ Market Cap,2021-01-29,373691858148363
KOSDAQ Market Cap,2021-02-26,371466543251172
KOSDAQ Market Cap,2021-03-31,388147690314283
KOSDAQ Market Cap,2021-04-30,405736743776629
KOSDAQ Market Cap,2021-05-31,408938575016279
KOSDAQ Market Cap,2021-06-30,430852268750372
KOSDAQ Market Cap,2021-07-30,431002824833462
KOSDAQ Market Cap,2021-08-31,438022823462682
KOSDAQ Market Cap,2021-09-30,425618382401229
KOSDAQ Market Cap,2021-10-29,425205954505588
KOSDAQ Market Cap,2021-11-30,418808272904352
KOSDAQ Market Cap,2021-12-30,446297029881938
KOSDAQ Market Cap,2022-01-28,380260388779252
KOSDAQ Market Cap,2022-02-28,387033875719455
KOSDAQ Market Cap,2022-03-31,417317124960856
KOSDAQ Market Cap,2022-04-29,401206971105223
KOSDAQ Market Cap,2022-05-31,395862738788720
KOSDAQ Market Cap,2022-06-30,325164482012359
KOSDAQ Market Cap,2022-07-29,363327090142570
KOSDAQ Market Cap,2022-08-31,366816015012029
KOSDAQ Market Cap,2022-09-30,308863848074064
KOSDAQ Market Cap,2022-10-31,321315139825250
KOSDAQ Market Cap,2022-11-30,337947065677640
KOSDAQ Market Cap,2022-12-29,315498720104122
KOSDAQ Market Cap,2023-01-31,345558866757648
KOSDAQ Market Cap,2023-02-28,371912984933647
KOSDAQ Market Cap,2023-03-31,399097446427679
KOSDAQ Market Cap,2023-04-28,401309247871832
KOSDAQ Market Cap,2023-05-31,410762791557526
KOSDAQ Market Cap,2023-06-30,417824127926909
KOSDAQ Market Cap,2023-07-31,453032138636820
KOSDAQ Market Cap,2023-08-31,449317149907098
KOSDAQ Market Cap,2023-09-27,408940675177800
KOSDAQ Market Cap,2023-10-31,359870029631241
KOSDAQ Market Cap,2023-11-30,409505275920919
KOSDAQ Market Cap,2023-12-28,431792284696650
KOSDAQ Market Cap,2024-01-31,374861916613184
KOSDAQ Market Cap,2024-02-29,407740050432001
KOSDAQ Market Cap,2024-03-29,431430814339863
KOSDAQ Market Cap,2024-04-30,416784439542328
KOSDAQ Market Cap,2024-05-31,406681137954135
KOSDAQ Market Cap,2024-06-28,408441870824854
KOSDAQ Market Cap,2024-07-31,392874559959322
KOSDAQ Market Cap,2024-08-30,377597189627282
KOSDAQ Market Cap,2024-09-30,376266135890499
KOSDAQ Market Cap,2024-10-31,368522161802707
KOSDAQ Market Cap,2024-11-29,337777688264228
KOSDAQ Market Cap,2024-12-30,340145082908613
KOSDAQ Market Cap,2025-01-31,367126940213354
KOSDAQ Market Cap,2025-02-28,377926445581963
KOSDAQ Market Cap,2025-03-31,344695152100374
KOSDAQ Market Cap,2025-04-30,367992750727586
KOSDAQ Market Cap,2025-05-30,379575280943270
KOSDAQ Market Cap,2025-06-30,404628236195796
KOSDAQ Market Cap,2025-07-31,419188764655325
KOSDAQ Market Cap,2025-08-29,418982507059390
KOSDAQ Market Cap,2025-09-30,444562528239405
KOSDAQ Market Cap,2025-10-31,474718249634299
KOSDAQ Market Cap,2025-11-28,487358344850909
KOSDAQ Market Cap,2025-12-30,505926194386465
KOSDAQ Market Cap,2026-01-30,630522540400013
KOSDAQ Market Cap,2026-02-27,655298804502556
KOSDAQ Market Cap,2026-03-31,582561125364799
KOSDAQ Market Cap,2026-04-30,661991784934690
KOSDAQ Market Cap,2026-05-29,600442788907548
KOSDAQ Market Cap,2026-06-30,513943552746239
KOSDAQ Market Cap,2026-07-29,368733536396697
KOSDAQ/USD,2003-12-30,0.3771
KOSDAQ/USD,2004-01-30,0.3806
KOSDAQ/USD,2004-02-27,0.3655
KOSDAQ/USD,2004-03-31,0.3723
KOSDAQ/USD,2004-04-30,0.39
KOSDAQ/USD,2004-05-31,0.3458
KOSDAQ/USD,2004-06-30,0.3333
KOSDAQ/USD,2004-07-30,0.2831
KOSDAQ/USD,2004-08-31,0.3091
KOSDAQ/USD,2004-09-30,0.3146
KOSDAQ/USD,2004-10-29,0.3227
KOSDAQ/USD,2004-11-30,0.3565
KOSDAQ/USD,2004-12-30,0.3793
KOSDAQ/USD,2005-01-31,0.4612
KOSDAQ/USD,2005-02-28,0.4965
KOSDAQ/USD,2005-03-31,0.4474
KOSDAQ/USD,2005-04-29,0.4258
KOSDAQ/USD,2005-05-31,0.4682
KOSDAQ/USD,2005-06-30,0.4868
KOSDAQ/USD,2005-07-29,0.5344
KOSDAQ/USD,2005-08-31,0.4848
KOSDAQ/USD,2005-09-30,0.5542
KOSDAQ/USD,2005-10-31,0.5626
KOSDAQ/USD,2005-11-30,0.699
KOSDAQ/USD,2005-12-29,0.7022
KOSDAQ/USD,2006-01-31,0.728
KOSDAQ/USD,2006-02-28,0.7162
KOSDAQ/USD,2006-03-31,0.69
KOSDAQ/USD,2006-04-28,0.743
KOSDAQ/USD,2006-05-30,0.6728
KOSDAQ/USD,2006-06-30,0.6308
KOSDAQ/USD,2006-07-31,0.592
KOSDAQ/USD,2006-08-31,0.6029
KOSDAQ/USD,2006-09-29,0.6412
KOSDAQ/USD,2006-10-31,0.6335
KOSDAQ/USD,2006-11-30,0.6764
KOSDAQ/USD,2006-12-28,0.6611
KOSDAQ/USD,2007-01-31,0.6238
KOSDAQ/USD,2007-02-28,0.6471
KOSDAQ/USD,2007-03-30,0.6961
KOSDAQ/USD,2007-04-30,0.7263
KOSDAQ/USD,2007-05-31,0.8029
KOSDAQ/USD,2007-06-29,0.845
KOSDAQ/USD,2007-07-31,0.8817
KOSDAQ/USD,2007-08-31,0.8272
KOSDAQ/USD,2007-09-28,0.8718
KOSDAQ/USD,2007-10-31,0.9014
KOSDAQ/USD,2007-11-30,0.8068
KOSDAQ/USD,2007-12-28,0.7602
KOSDAQ/USD,2008-01-31,0.6469
KOSDAQ/USD,2008-02-29,0.6994
KOSDAQ/USD,2008-03-31,0.6495
KOSDAQ/USD,2008-04-30,0.6455
KOSDAQ/USD,2008-05-30,0.6337
KOSDAQ/USD,2008-06-30,0.5642
KOSDAQ/USD,2008-07-31,0.5337
KOSDAQ/USD,2008-08-29,0.4321
KOSDAQ/USD,2008-09-30,0.3658
KOSDAQ/USD,2008-10-31,0.2389
KOSDAQ/USD,2008-11-28,0.2095
KOSDAQ/USD,2008-12-30,0.2673
KOSDAQ/USD,2009-01-30,0.265
KOSDAQ/USD,2009-02-27,0.2373
KOSDAQ/USD,2009-03-31,0.3065
KOSDAQ/USD,2009-04-30,0.392
KOSDAQ/USD,2009-05-29,0.423
KOSDAQ/USD,2009-06-30,0.3812
KOSDAQ/USD,2009-07-31,0.4124
KOSDAQ/USD,2009-08-31,0.4119
KOSDAQ/USD,2009-09-30,0.4311
KOSDAQ/USD,2009-10-30,0.4103
KOSDAQ/USD,2009-11-30,0.4001
KOSDAQ/USD,2009-12-30,0.4462
KOSDAQ/USD,2010-01-29,0.4287
KOSDAQ/USD,2010-02-26,0.4366
KOSDAQ/USD,2010-03-31,0.4558
KOSDAQ/USD,2010-04-30,0.4727
KOSDAQ/USD,2010-05-31,0.4078
KOSDAQ/USD,2010-06-30,0.3993
KOSDAQ/USD,2010-07-30,0.4066
KOSDAQ/USD,2010-08-31,0.3895
KOSDAQ/USD,2010-09-30,0.4325
KOSDAQ/USD,2010-10-29,0.4649
KOSDAQ/USD,2010-11-30,0.4285
KOSDAQ/USD,2010-12-30,0.4531
KOSDAQ/USD,2011-01-31,0.4666
KOSDAQ/USD,2011-02-28,0.4476
KOSDAQ/USD,2011-03-31,0.4784
KOSDAQ/USD,2011-04-29,0.4781
KOSDAQ/USD,2011-05-31,0.4506
KOSDAQ/USD,2011-06-30,0.4486
KOSDAQ/USD,2011-07-29,0.511
KOSDAQ/USD,2011-08-31,0.4604
KOSDAQ/USD,2011-09-30,0.382
KOSDAQ/USD,2011-10-31,0.4445
KOSDAQ/USD,2011-11-30,0.4322
KOSDAQ/USD,2011-12-29,0.4329
KOSDAQ/USD,2012-01-31,0.4566
KOSDAQ/USD,2012-02-29,0.4822
KOSDAQ/USD,2012-03-30,0.4566
KOSDAQ/USD,2012-04-30,0.4232
KOSDAQ/USD,2012-05-31,0.4001
KOSDAQ/USD,2012-06-29,0.4227
KOSDAQ/USD,2012-07-31,0.4114
KOSDAQ/USD,2012-08-31,0.4484
KOSDAQ/USD,2012-09-28,0.4696
KOSDAQ/USD,2012-10-31,0.4662
KOSDAQ/USD,2012-11-30,0.4615
KOSDAQ/USD,2012-12-28,0.4781
KOSDAQ/USD,2013-01-31,0.464
KOSDAQ/USD,2013-02-28,0.4944
KOSDAQ/USD,2013-03-29,0.4991
KOSDAQ/USD,2013-04-30,0.5111
KOSDAQ/USD,2013-05-31,0.5125
KOSDAQ/USD,2013-06-28,0.4525
KOSDAQ/USD,2013-07-31,0.4979
KOSDAQ/USD,2013-08-30,0.4648
KOSDAQ/USD,2013-09-30,0.4972
KOSDAQ/USD,2013-10-31,0.5032
KOSDAQ/USD,2013-11-29,0.4877
KOSDAQ/USD,2013-12-30,0.4742
KOSDAQ/USD,2014-01-29,0.4773
KOSDAQ/USD,2014-02-28,0.495
KOSDAQ/USD,2014-03-31,0.5078
KOSDAQ/USD,2014-04-30,0.5433
KOSDAQ/USD,2014-05-30,0.5366
KOSDAQ/USD,2014-06-30,0.53
KOSDAQ/USD,2014-07-31,0.524
KOSDAQ/USD,2014-08-29,0.5622
KOSDAQ/USD,2014-09-30,0.5448
KOSDAQ/USD,2014-10-31,0.5302
KOSDAQ/USD,2014-11-28,0.4959
KOSDAQ/USD,2014-12-30,0.4957
KOSDAQ/USD,2015-01-30,0.5384
KOSDAQ/USD,2015-02-27,0.5674
KOSDAQ/USD,2015-03-31,0.5884
KOSDAQ/USD,2015-04-30,0.6446
KOSDAQ/USD,2015-05-29,0.6426
KOSDAQ/USD,2015-06-30,0.6638
KOSDAQ/USD,2015-07-31,0.6193
KOSDAQ/USD,2015-08-31,0.5835
KOSDAQ/USD,2015-09-30,0.5682
KOSDAQ/USD,2015-10-30,0.5997
KOSDAQ/USD,2015-11-30,0.5961
KOSDAQ/USD,2015-12-30,0.5805
KOSDAQ/USD,2016-01-29,0.5663
KOSDAQ/USD,2016-02-29,0.525
KOSDAQ/USD,2016-03-31,0.6037
KOSDAQ/USD,2016-04-29,0.6171
KOSDAQ/USD,2016-05-31,0.5828
KOSDAQ/USD,2016-06-30,0.5859
KOSDAQ/USD,2016-07-29,0.6287
KOSDAQ/USD,2016-08-31,0.5934
KOSDAQ/USD,2016-09-30,0.6184
KOSDAQ/USD,2016-10-31,0.5448
KOSDAQ/USD,2016-11-30,0.5104
KOSDAQ/USD,2016-12-29,0.5239
KOSDAQ/USD,2017-01-31,0.527
KOSDAQ/USD,2017-02-28,0.5399
KOSDAQ/USD,2017-03-31,0.5544
KOSDAQ/USD,2017-04-28,0.556
KOSDAQ/USD,2017-05-31,0.5802
KOSDAQ/USD,2017-06-30,0.5837
KOSDAQ/USD,2017-07-31,0.5787
KOSDAQ/USD,2017-08-31,0.5856
KOSDAQ/USD,2017-09-29,0.5697
KOSDAQ/USD,2017-10-31,0.6179
KOSDAQ/USD,2017-11-30,0.7138
KOSDAQ/USD,2017-12-28,0.7465
KOSDAQ/USD,2018-01-31,0.8518
KOSDAQ/USD,2018-02-28,0.794
KOSDAQ/USD,2018-03-30,0.8202
KOSDAQ/USD,2018-04-30,0.8205
KOSDAQ/USD,2018-05-31,0.8183
KOSDAQ/USD,2018-06-29,0.7302
KOSDAQ/USD,2018-07-31,0.6945
KOSDAQ/USD,2018-08-31,0.7324
KOSDAQ/USD,2018-09-28,0.7392
KOSDAQ/USD,2018-10-31,0.5702
KOSDAQ/USD,2018-11-30,0.6229
KOSDAQ/USD,2018-12-28,0.6053
KOSDAQ/USD,2019-01-31,0.6464
KOSDAQ/USD,2019-02-28,0.6558
KOSDAQ/USD,2019-03-29,0.6429
KOSDAQ/USD,2019-04-30,0.6513
KOSDAQ/USD,2019-05-31,0.5861
KOSDAQ/USD,2019-06-28,0.5976
KOSDAQ/USD,2019-07-31,0.5338
KOSDAQ/USD,2019-08-30,0.5058
KOSDAQ/USD,2019-09-30,0.5173
KOSDAQ/USD,2019-10-31,0.5659
KOSDAQ/USD,2019-11-29,0.5378
KOSDAQ/USD,2019-12-30,0.5793
KOSDAQ/USD,2020-01-31,0.5412
KOSDAQ/USD,2020-02-28,0.5042
KOSDAQ/USD,2020-03-31,0.4654
KOSDAQ/USD,2020-04-29,0.5329
KOSDAQ/USD,2020-05-29,0.5765
KOSDAQ/USD,2020-06-30,0.6157
KOSDAQ/USD,2020-07-31,0.6854
KOSDAQ/USD,2020-08-31,0.7191
KOSDAQ/USD,2020-09-29,0.7262
KOSDAQ/USD,2020-10-30,0.7018
KOSDAQ/USD,2020-11-30,0.8024
KOSDAQ/USD,2020-12-30,0.8914
KOSDAQ/USD,2021-01-29,0.835
KOSDAQ/USD,2021-02-26,0.8167
KOSDAQ/USD,2021-03-31,0.8444
KOSDAQ/USD,2021-04-30,0.8887
KOSDAQ/USD,2021-05-31,0.8822
KOSDAQ/USD,2021-06-30,0.9111
KOSDAQ/USD,2021-07-30,0.9028
KOSDAQ/USD,2021-08-31,0.8909
KOSDAQ/USD,2021-09-30,0.8449
KOSDAQ/USD,2021-10-29,0.8501
KOSDAQ/USD,2021-11-30,0.8109
KOSDAQ/USD,2021-12-30,0.869
KOSDAQ/USD,2022-01-28,0.7227
KOSDAQ/USD,2022-02-28,0.7357
KOSDAQ/USD,2022-03-31,0.7803
KOSDAQ/USD,2022-04-29,0.7111
KOSDAQ/USD,2022-05-31,0.7227
KOSDAQ/USD,2022-06-30,0.5727
KOSDAQ/USD,2022-07-29,0.6205
KOSDAQ/USD,2022-08-31,0.5977
KOSDAQ/USD,2022-09-30,0.4703
KOSDAQ/USD,2022-10-31,0.4891
KOSDAQ/USD,2022-11-30,0.5504
KOSDAQ/USD,2022-12-29,0.539
KOSDAQ/USD,2023-01-31,0.6013
KOSDAQ/USD,2023-02-28,0.6004
KOSDAQ/USD,2023-03-31,0.6537
KOSDAQ/USD,2023-04-28,0.6293
KOSDAQ/USD,2023-05-31,0.6493
KOSDAQ/USD,2023-06-30,0.6562
KOSDAQ/USD,2023-07-31,0.7356
KOSDAQ/USD,2023-08-31,0.7017
KOSDAQ/USD,2023-09-27,0.624
KOSDAQ/USD,2023-10-31,0.546
KOSDAQ/USD,2023-11-30,0.6455
KOSDAQ/USD,2023-12-28,0.6782
KOSDAQ/USD,2024-01-31,0.6025
KOSDAQ/USD,2024-02-29,0.6472
KOSDAQ/USD,2024-03-29,0.6708
KOSDAQ/USD,2024-04-30,0.6321
KOSDAQ/USD,2024-05-31,0.6106
KOSDAQ/USD,2024-06-28,0.606
KOSDAQ/USD,2024-07-31,0.5805
KOSDAQ/USD,2024-08-30,0.5759
KOSDAQ/USD,2024-09-30,0.5834
KOSDAQ/USD,2024-10-31,0.539
KOSDAQ/USD,2024-11-29,0.4868
KOSDAQ/USD,2024-12-30,0.4622
KOSDAQ/USD,2025-01-31,0.5052
KOSDAQ/USD,2025-02-28,0.5131
KOSDAQ/USD,2025-03-31,0.4579
KOSDAQ/USD,2025-04-30,0.5012
KOSDAQ/USD,2025-05-30,0.5359
KOSDAQ/USD,2025-06-30,0.5731
KOSDAQ/USD,2025-07-31,0.5783
KOSDAQ/USD,2025-08-29,0.5756
KOSDAQ/USD,2025-09-30,0.6017
KOSDAQ/USD,2025-10-31,0.6323
KOSDAQ/USD,2025-11-28,0.6245
KOSDAQ/USD,2025-12-30,0.6436
KOSDAQ/USD,2026-01-30,0.8045
KOSDAQ/USD,2026-02-27,0.8328
KOSDAQ/USD,2026-03-31,0.6941
KOSDAQ/USD,2026-04-30,0.8016
KOSDAQ/USD,2026-05-29,0.7188
KOSDAQ/USD,2026-06-30,0.5943
KOSDAQ/USD,2026-07-29,0.4563
KOSPI,1990-01-31,896.16
KOSPI,1990-02-28,861.59
KOSPI,1990-03-31,840.89
KOSPI,1990-04-30,688.66
KOSPI,1990-05-31,797.95
KOSPI,1990-06-30,706.79
KOSPI,1990-07-31,678.38
KOSPI,1990-08-31,606.87
KOSPI,1990-09-29,602.88
KOSPI,1990-10-31,690.16
KOSPI,1990-11-30,697.03
KOSPI,1990-12-26,696.11
KOSPI,1991-01-31,635.4
KOSPI,1991-02-28,675.57
KOSPI,1991-03-30,659.85
KOSPI,1991-04-30,645.61
KOSPI,1991-05-31,611.35
KOSPI,1991-06-29,605.27
KOSPI,1991-07-31,717.03
KOSPI,1991-08-31,683.11
KOSPI,1991-09-30,705.08
KOSPI,1991-10-31,695.94
KOSPI,1991-11-30,652.11
KOSPI,1991-12-26,610.92
KOSPI,1992-01-31,680.51
KOSPI,1992-02-29,612.5
KOSPI,1992-03-31,606.32
KOSPI,1992-04-30,615.97
KOSPI,1992-05-30,574.2
KOSPI,1992-06-30,552.03
KOSPI,1992-07-31,509.95
KOSPI,1992-08-31,562.8
KOSPI,1992-09-30,513.82
KOSPI,1992-10-31,615.58
KOSPI,1992-11-30,663.36
KOSPI,1992-12-28,678.44
KOSPI,1993-01-30,670.56
KOSPI,1993-02-27,642.96
KOSPI,1993-03-31,666.75
KOSPI,1993-04-30,721.57
KOSPI,1993-05-31,752.31
KOSPI,1993-06-30,748.87
KOSPI,1993-07-31,729.94
KOSPI,1993-08-31,664.88
KOSPI,1993-09-28,718.87
KOSPI,1993-10-30,750.72
KOSPI,1993-11-30,811.06
KOSPI,1993-12-28,866.18
KOSPI,1994-01-31,945.71
KOSPI,1994-02-28,918.88
KOSPI,1994-03-31,867.22
KOSPI,1994-04-30,908.72
KOSPI,1994-05-31,939.49
KOSPI,1994-06-30,933.36
KOSPI,1994-07-30,927.97
KOSPI,1994-08-31,944.23
KOSPI,1994-09-30,1050.51
KOSPI,1994-10-31,1105.62
KOSPI,1994-11-30,1074.41
KOSPI,1994-12-28,1027.37
KOSPI,1995-01-28,925.56
KOSPI,1995-02-28,885.69
KOSPI,1995-03-31,931.78
KOSPI,1995-04-29,897
KOSPI,1995-05-31,882.5
KOSPI,1995-06-30,894.41
KOSPI,1995-07-31,933.57
KOSPI,1995-08-31,914.06
KOSPI,1995-09-30,982.65
KOSPI,1995-10-31,990.26
KOSPI,1995-11-30,930.92
KOSPI,1995-12-27,882.94
KOSPI,1996-01-31,878.82
KOSPI,1996-02-29,852.83
KOSPI,1996-03-30,874.16
KOSPI,1996-04-30,980.9
KOSPI,1996-05-31,903.09
KOSPI,1996-06-29,817.43
KOSPI,1996-07-31,821.71
KOSPI,1996-08-31,781.49
KOSPI,1996-09-30,789.67
KOSPI,1996-10-31,757.59
KOSPI,1996-11-30,726.48
KOSPI,1996-12-27,651.22
KOSPI,1997-01-31,685.84
KOSPI,1997-02-28,676.53
KOSPI,1997-03-31,677.34
KOSPI,1997-04-30,703.23
KOSPI,1997-05-31,756.77
KOSPI,1997-06-30,745.4
KOSPI,1997-07-31,726.12
KOSPI,1997-08-30,695.37
KOSPI,1997-09-30,647.11
KOSPI,1997-10-31,470.79
KOSPI,1997-11-29,407.86
KOSPI,1997-12-27,376.31
KOSPI,1998-01-31,567.38
KOSPI,1998-02-28,558.98
KOSPI,1998-03-31,481.04
KOSPI,1998-04-30,421.22
KOSPI,1998-05-30,332.03
KOSPI,1998-06-30,297.88
KOSPI,1998-07-31,343.33
KOSPI,1998-08-31,310.16
KOSPI,1998-09-30,310.32
KOSPI,1998-10-31,403.44
KOSPI,1998-11-30,451.88
KOSPI,1998-12-28,562.46
KOSPI,1999-01-29,571.43
KOSPI,1999-02-26,520.06
KOSPI,1999-03-31,618.98
KOSPI,1999-04-30,752.59
KOSPI,1999-05-31,736.02
KOSPI,1999-06-30,883
KOSPI,1999-07-30,969.72
KOSPI,1999-08-31,937.88
KOSPI,1999-09-30,836.18
KOSPI,1999-10-29,833.51
KOSPI,1999-11-30,996.66
KOSPI,1999-12-28,1028.07
KOSPI,2000-01-31,943.88
KOSPI,2000-02-29,828.38
KOSPI,2000-03-31,860.94
KOSPI,2000-04-28,725.39
KOSPI,2000-05-31,731.88
KOSPI,2000-06-30,821.22
KOSPI,2000-07-31,705.97
KOSPI,2000-08-31,688.62
KOSPI,2000-09-29,613.22
KOSPI,2000-10-31,514.48
KOSPI,2000-11-30,509.23
KOSPI,2000-12-26,504.62
KOSPI,2001-01-31,617.91
KOSPI,2001-02-28,578.1
KOSPI,2001-03-30,523.22
KOSPI,2001-04-30,577.36
KOSPI,2001-05-31,612.16
KOSPI,2001-06-29,595.13
KOSPI,2001-07-31,541.55
KOSPI,2001-08-31,545.11
KOSPI,2001-09-28,479.68
KOSPI,2001-10-31,537.81
KOSPI,2001-11-30,643.89
KOSPI,2001-12-28,693.7
KOSPI,2002-01-31,748.07
KOSPI,2002-02-28,819.99
KOSPI,2002-03-29,895.58
KOSPI,2002-04-30,842.34
KOSPI,2002-05-31,796.4
KOSPI,2002-06-28,742.72
KOSPI,2002-07-31,717.99
KOSPI,2002-08-30,736.4
KOSPI,2002-09-30,646.42
KOSPI,2002-10-31,658.92
KOSPI,2002-11-29,724.8
KOSPI,2002-12-30,627.55
KOSPI,2003-01-30,591.86
KOSPI,2003-02-28,575.43
KOSPI,2003-03-31,535.7
KOSPI,2003-04-30,599.35
KOSPI,2003-05-30,633.42
KOSPI,2003-06-30,669.93
KOSPI,2003-07-31,713.52
KOSPI,2003-08-29,759.47
KOSPI,2003-09-30,697.52
KOSPI,2003-10-31,782.36
KOSPI,2003-11-28,796.18
KOSPI,2003-12-30,810.71
KOSPI,2004-01-30,848.5
KOSPI,2004-02-27,883.42
KOSPI,2004-03-31,880.5
KOSPI,2004-04-30,862.84
KOSPI,2004-05-31,803.84
KOSPI,2004-06-30,785.79
KOSPI,2004-07-30,735.34
KOSPI,2004-08-31,803.57
KOSPI,2004-09-30,835.09
KOSPI,2004-10-29,834.84
KOSPI,2004-11-30,878.06
KOSPI,2004-12-30,895.92
KOSPI,2005-01-31,932.7
KOSPI,2005-02-28,1011.36
KOSPI,2005-03-31,965.68
KOSPI,2005-04-29,911.3
KOSPI,2005-05-31,970.21
KOSPI,2005-06-30,1008.16
KOSPI,2005-07-29,1111.29
KOSPI,2005-08-31,1083.33
KOSPI,2005-09-30,1221.01
KOSPI,2005-10-31,1158.11
KOSPI,2005-11-30,1297.44
KOSPI,2005-12-29,1379.37
KOSPI,2006-01-31,1399.83
KOSPI,2006-02-28,1371.59
KOSPI,2006-03-31,1359.6
KOSPI,2006-04-28,1419.73
KOSPI,2006-05-30,1317.7
KOSPI,2006-06-30,1295.15
KOSPI,2006-07-31,1297.82
KOSPI,2006-08-31,1352.74
KOSPI,2006-09-29,1371.41
KOSPI,2006-10-31,1364.55
KOSPI,2006-11-30,1432.21
KOSPI,2006-12-28,1434.46
KOSPI,2007-01-31,1360.23
KOSPI,2007-02-28,1417.34
KOSPI,2007-03-30,1452.55
KOSPI,2007-04-30,1542.24
KOSPI,2007-05-31,1700.91
KOSPI,2007-06-29,1743.6
KOSPI,2007-07-31,1933.27
KOSPI,2007-08-31,1873.24
KOSPI,2007-09-28,1946.48
KOSPI,2007-10-31,2064.85
KOSPI,2007-11-30,1906
KOSPI,2007-12-28,1897.13
KOSPI,2008-01-31,1624.68
KOSPI,2008-02-29,1711.62
KOSPI,2008-03-31,1703.99
KOSPI,2008-04-30,1825.47
KOSPI,2008-05-30,1852.02
KOSPI,2008-06-30,1674.92
KOSPI,2008-07-31,1594.67
KOSPI,2008-08-29,1474.24
KOSPI,2008-09-30,1448.06
KOSPI,2008-10-31,1113.06
KOSPI,2008-11-28,1076.07
KOSPI,2008-12-30,1124.47
KOSPI,2009-01-30,1162.11
KOSPI,2009-02-27,1063.03
KOSPI,2009-03-31,1206.26
KOSPI,2009-04-30,1369.36
KOSPI,2009-05-29,1395.89
KOSPI,2009-06-30,1390.07
KOSPI,2009-07-31,1557.29
KOSPI,2009-08-31,1591.85
KOSPI,2009-09-30,1673.14
KOSPI,2009-10-30,1580.69
KOSPI,2009-11-30,1555.6
KOSPI,2009-12-30,1682.77
KOSPI,2010-01-29,1602.43
KOSPI,2010-02-26,1594.58
KOSPI,2010-03-31,1692.85
KOSPI,2010-04-30,1741.56
KOSPI,2010-05-31,1641.25
KOSPI,2010-06-30,1698.29
KOSPI,2010-07-30,1759.33
KOSPI,2010-08-31,1742.75
KOSPI,2010-09-30,1872.81
KOSPI,2010-10-29,1882.95
KOSPI,2010-11-30,1904.63
KOSPI,2010-12-30,2051
KOSPI,2011-01-31,2069.73
KOSPI,2011-02-28,1939.3
KOSPI,2011-03-31,2106.7
KOSPI,2011-04-29,2192.36
KOSPI,2011-05-31,2142.47
KOSPI,2011-06-30,2100.69
KOSPI,2011-07-29,2133.21
KOSPI,2011-08-31,1880.11
KOSPI,2011-09-30,1769.65
KOSPI,2011-10-31,1909.03
KOSPI,2011-11-30,1847.51
KOSPI,2011-12-29,1825.74
KOSPI,2012-01-31,1955.79
KOSPI,2012-02-29,2030.25
KOSPI,2012-03-30,2014.04
KOSPI,2012-04-30,1981.99
KOSPI,2012-05-31,1843.47
KOSPI,2012-06-29,1854.01
KOSPI,2012-07-31,1881.99
KOSPI,2012-08-31,1905.12
KOSPI,2012-09-28,1996.21
KOSPI,2012-10-31,1912.06
KOSPI,2012-11-30,1932.9
KOSPI,2012-12-28,1997.05
KOSPI,2013-01-31,1961.94
KOSPI,2013-02-28,2026.49
KOSPI,2013-03-29,2004.89
KOSPI,2013-04-30,1963.95
KOSPI,2013-05-31,2001.05
KOSPI,2013-06-28,1863.32
KOSPI,2013-07-31,1914.03
KOSPI,2013-08-30,1926.36
KOSPI,2013-09-30,1996.96
KOSPI,2013-10-31,2030.09
KOSPI,2013-11-29,2044.87
KOSPI,2013-12-30,2011.34
KOSPI,2014-01-29,1941.15
KOSPI,2014-02-28,1979.99
KOSPI,2014-03-31,1985.61
KOSPI,2014-04-30,1961.79
KOSPI,2014-05-30,1994.96
KOSPI,2014-06-30,2002.21
KOSPI,2014-07-31,2076.12
KOSPI,2014-08-29,2068.54
KOSPI,2014-09-30,2020.09
KOSPI,2014-10-31,1964.43
KOSPI,2014-11-28,1980.78
KOSPI,2014-12-30,1915.59
KOSPI,2015-01-30,1949.26
KOSPI,2015-02-27,1985.8
KOSPI,2015-03-31,2041.03
KOSPI,2015-04-30,2127.17
KOSPI,2015-05-29,2114.8
KOSPI,2015-06-30,2074.2
KOSPI,2015-07-31,2030.16
KOSPI,2015-08-31,1941.49
KOSPI,2015-09-30,1962.81
KOSPI,2015-10-30,2029.47
KOSPI,2015-11-30,1991.97
KOSPI,2015-12-30,1961.31
KOSPI,2016-01-29,1912.06
KOSPI,2016-02-29,1916.66
KOSPI,2016-03-31,1995.85
KOSPI,2016-04-29,1994.15
KOSPI,2016-05-31,1983.4
KOSPI,2016-06-30,1970.35
KOSPI,2016-07-29,2016.19
KOSPI,2016-08-31,2034.65
KOSPI,2016-09-30,2043.63
KOSPI,2016-10-31,2008.19
KOSPI,2016-11-30,1983.48
KOSPI,2016-12-29,2026.46
KOSPI,2017-01-31,2067.57
KOSPI,2017-02-28,2091.64
KOSPI,2017-03-31,2160.23
KOSPI,2017-04-28,2205.44
KOSPI,2017-05-31,2347.38
KOSPI,2017-06-30,2391.79
KOSPI,2017-07-31,2402.71
KOSPI,2017-08-31,2363.19
KOSPI,2017-09-29,2394.47
KOSPI,2017-10-31,2523.43
KOSPI,2017-11-30,2476.37
KOSPI,2017-12-28,2467.49
KOSPI,2018-01-31,2566.46
KOSPI,2018-02-28,2427.36
KOSPI,2018-03-30,2445.85
KOSPI,2018-04-30,2515.38
KOSPI,2018-05-31,2423.01
KOSPI,2018-06-29,2326.13
KOSPI,2018-07-31,2295.26
KOSPI,2018-08-31,2322.88
KOSPI,2018-09-28,2343.07
KOSPI,2018-10-31,2029.69
KOSPI,2018-11-30,2096.86
KOSPI,2018-12-28,2041.04
KOSPI,2019-01-31,2204.85
KOSPI,2019-02-28,2195.44
KOSPI,2019-03-29,2140.67
KOSPI,2019-04-30,2203.59
KOSPI,2019-05-31,2041.74
KOSPI,2019-06-28,2130.62
KOSPI,2019-07-31,2024.55
KOSPI,2019-08-30,1967.79
KOSPI,2019-09-30,2063.05
KOSPI,2019-10-31,2083.48
KOSPI,2019-11-29,2087.96
KOSPI,2019-12-30,2197.67
KOSPI,2020-01-31,2119.01
KOSPI,2020-02-28,1987.01
KOSPI,2020-03-31,1754.64
KOSPI,2020-04-29,1947.56
KOSPI,2020-05-29,2029.6
KOSPI,2020-06-30,2108.33
KOSPI,2020-07-31,2249.37
KOSPI,2020-08-31,2326.17
KOSPI,2020-09-29,2327.89
KOSPI,2020-10-30,2267.15
KOSPI,2020-11-30,2591.34
KOSPI,2020-12-30,2873.47
KOSPI,2021-01-29,2976.21
KOSPI,2021-02-26,3012.95
KOSPI,2021-03-31,3061.42
KOSPI,2021-04-30,3147.86
KOSPI,2021-05-31,3203.92
KOSPI,2021-06-30,3296.68
KOSPI,2021-07-30,3202.32
KOSPI,2021-08-31,3199.27
KOSPI,2021-09-30,3068.82
KOSPI,2021-10-29,2970.68
KOSPI,2021-11-30,2839.01
KOSPI,2021-12-30,2977.65
KOSPI,2022-01-28,2663.34
KOSPI,2022-02-28,2699.18
KOSPI,2022-03-31,2757.65
KOSPI,2022-04-29,2695.05
KOSPI,2022-05-31,2685.9
KOSPI,2022-06-30,2332.64
KOSPI,2022-07-29,2451.5
KOSPI,2022-08-31,2472.05
KOSPI,2022-09-30,2155.49
KOSPI,2022-10-31,2293.61
KOSPI,2022-11-30,2472.53
KOSPI,2022-12-29,2236.4
KOSPI,2023-01-31,2425.08
KOSPI,2023-02-28,2412.85
KOSPI,2023-03-31,2476.86
KOSPI,2023-04-28,2501.53
KOSPI,2023-05-31,2577.12
KOSPI,2023-06-30,2564.28
KOSPI,2023-07-31,2632.58
KOSPI,2023-08-31,2556.27
KOSPI,2023-09-27,2465.07
KOSPI,2023-10-31,2277.99
KOSPI,2023-11-30,2535.29
KOSPI,2023-12-28,2655.28
KOSPI,2024-01-31,2497.09
KOSPI,2024-02-29,2642.36
KOSPI,2024-03-29,2746.63
KOSPI,2024-04-30,2692.06
KOSPI,2024-05-31,2636.52
KOSPI,2024-06-28,2797.82
KOSPI,2024-07-31,2770.69
KOSPI,2024-08-30,2674.31
KOSPI,2024-09-30,2593.27
KOSPI,2024-10-31,2556.15
KOSPI,2024-11-29,2455.91
KOSPI,2024-12-30,2399.49
KOSPI,2025-01-31,2517.37
KOSPI,2025-02-28,2532.78
KOSPI,2025-03-31,2481.12
KOSPI,2025-04-30,2556.61
KOSPI,2025-05-30,2697.67
KOSPI,2025-06-30,3071.7
KOSPI,2025-07-31,3245.44
KOSPI,2025-08-29,3186.01
KOSPI,2025-09-30,3424.6
KOSPI,2025-10-31,4107.5
KOSPI,2025-11-28,3926.59
KOSPI,2025-12-30,4214.17
KOSPI,2026-01-30,5224.36
KOSPI,2026-02-27,6244.13
KOSPI,2026-03-31,5052.46
KOSPI,2026-04-30,6598.87
KOSPI,2026-05-29,8476.15
KOSPI,2026-06-30,8476.48
KOSPI,2026-07-29,5663.24
KOSPI Market Cap,2001-06-29,210493941038255
KOSPI Market Cap,2001-07-31,193627166475185
KOSPI Market Cap,2001-08-31,191853012066575
KOSPI Market Cap,2001-09-28,171505302693130
KOSPI Market Cap,2001-10-31,183450750278170
KOSPI Market Cap,2001-11-30,232375794404120
KOSPI Market Cap,2001-12-28,253843395935720
KOSPI Market Cap,2002-01-31,276436914468005
KOSPI Market Cap,2002-02-28,306211458202815
KOSPI Market Cap,2002-03-29,336603943394935
KOSPI Market Cap,2002-04-30,325810505367280
KOSPI Market Cap,2002-05-31,309158799013720
KOSPI Market Cap,2002-06-28,297262194207630
KOSPI Market Cap,2002-07-31,289273326886880
KOSPI Market Cap,2002-08-30,298407463737265
KOSPI Market Cap,2002-09-30,263198192344480
KOSPI Market Cap,2002-10-31,269412456102925
KOSPI Market Cap,2002-11-29,297151362032635
KOSPI Market Cap,2002-12-30,258680756224005
KOSPI Market Cap,2003-01-30,242755186791045
KOSPI Market Cap,2003-02-28,236338251586865
KOSPI Market Cap,2003-03-31,220890646644150
KOSPI Market Cap,2003-04-30,247921519307465
KOSPI Market Cap,2003-05-30,261398853063320
KOSPI Market Cap,2003-06-30,277999589572255
KOSPI Market Cap,2003-07-31,296472237861275
KOSPI Market Cap,2003-08-29,316394184582165
KOSPI Market Cap,2003-09-30,294139103767140
KOSPI Market Cap,2003-10-31,331322076451980
KOSPI Market Cap,2003-11-28,344733077672375
KOSPI Market Cap,2003-12-30,355362625966515
KOSPI Market Cap,2004-01-30,374128607653850
KOSPI Market Cap,2004-02-27,388848390165065
KOSPI Market Cap,2004-03-31,387787201469390
KOSPI Market Cap,2004-04-30,384356407831380
KOSPI Market Cap,2004-05-31,356693538838760
KOSPI Market Cap,2004-06-30,349242093937190
KOSPI Market Cap,2004-07-30,333715222661510
KOSPI Market Cap,2004-08-31,368930507836665
KOSPI Market Cap,2004-09-30,383655685410465
KOSPI Market Cap,2004-10-29,384418888204775
KOSPI Market Cap,2004-11-30,403113964883350
KOSPI Market Cap,2004-12-30,412588138748165
KOSPI Market Cap,2005-01-31,430657652352510
KOSPI Market Cap,2005-02-28,469423727492030
KOSPI Market Cap,2005-03-31,448728098283320
KOSPI Market Cap,2005-04-29,422639998912965
KOSPI Market Cap,2005-05-31,450819008938900
KOSPI Market Cap,2005-06-30,468409553682290
KOSPI Market Cap,2005-07-29,518356763779060
KOSPI Market Cap,2005-08-31,505714893698085
KOSPI Market Cap,2005-09-30,570574877281890
KOSPI Market Cap,2005-10-31,542754770495550
KOSPI Market Cap,2005-11-30,608655859088440
KOSPI Market Cap,2005-12-29,655074594730170
KOSPI Market Cap,2006-01-31,666033273516565
KOSPI Market Cap,2006-02-28,666368346784565
KOSPI Market Cap,2006-03-31,662902500004115
KOSPI Market Cap,2006-04-28,693152414164615
KOSPI Market Cap,2006-05-30,642423590049345
KOSPI Market Cap,2006-06-30,633158181100030
KOSPI Market Cap,2006-07-31,636260933488635
KOSPI Market Cap,2006-08-31,664895638667295
KOSPI Market Cap,2006-09-29,674270132274475
KOSPI Market Cap,2006-10-31,669926046242990
KOSPI Market Cap,2006-11-30,703252480620010
KOSPI Market Cap,2006-12-28,704587507977345
KOSPI Market Cap,2007-01-31,668640361807180
KOSPI Market Cap,2007-02-28,696039726469315
KOSPI Market Cap,2007-03-30,713293315991630
KOSPI Market Cap,2007-04-30,757287335269145
KOSPI Market Cap,2007-05-31,835119358766830
KOSPI Market Cap,2007-06-29,863539798470650
KOSPI Market Cap,2007-07-31,961205968141620
KOSPI Market Cap,2007-08-31,932094722942375
KOSPI Market Cap,2007-09-28,974020973115240
KOSPI Market Cap,2007-10-31,1029274302742250
KOSPI Market Cap,2007-11-30,953827057267255
KOSPI Market Cap,2007-12-28,951904852427970
KOSPI Market Cap,2008-01-31,817429349411870
KOSPI Market Cap,2008-02-29,860219016087795
KOSPI Market Cap,2008-03-31,861436159117650
KOSPI Market Cap,2008-04-30,926729918512735
KOSPI Market Cap,2008-05-30,940202137701285
KOSPI Market Cap,2008-06-30,850869790644645
KOSPI Market Cap,2008-07-31,809816923866135
KOSPI Market Cap,2008-08-29,749708047400470
KOSPI Market Cap,2008-09-30,736656677137600
KOSPI Market Cap,2008-10-31,566438073901115
KOSPI Market Cap,2008-11-28,554122785674585
KOSPI Market Cap,2008-12-30,576927703499465
KOSPI Market Cap,2009-01-30,598142080059980
KOSPI Market Cap,2009-02-27,547085652272160
KOSPI Market Cap,2009-03-31,623523107746925
KOSPI Market Cap,2009-04-30,710678763724090
KOSPI Market Cap,2009-05-29,725874519843190
KOSPI Market Cap,2009-06-30,720211903210490
KOSPI Market Cap,2009-07-31,808503556086295
KOSPI Market Cap,2009-08-31,829731246261425
KOSPI Market Cap,2009-09-30,872915510392335
KOSPI Market Cap,2009-10-30,828748895040715
KOSPI Market Cap,2009-11-30,819088120800330
KOSPI Market Cap,2009-12-30,887935182728775
KOSPI Market Cap,2010-01-29,848135731614190
KOSPI Market Cap,2010-02-26,844069183739085
KOSPI Market Cap,2010-03-31,903948739605745
KOSPI Market Cap,2010-04-30,931743290900590
KOSPI Market Cap,2010-05-31,904296218993080
KOSPI Market Cap,2010-06-30,936499676035085
KOSPI Market Cap,2010-07-30,972819698832020
KOSPI Market Cap,2010-08-31,963954317354060
KOSPI Market Cap,2010-09-30,1037666711602035
KOSPI Market Cap,2010-10-29,1045085746530815
KOSPI Market Cap,2010-11-30,1058643583386989
KOSPI Market Cap,2010-12-30,1141885458029375
KOSPI Market Cap,2011-01-31,1156745579600460
KOSPI Market Cap,2011-02-28,1086352089658488
KOSPI Market Cap,2011-03-31,1181416523318769
KOSPI Market Cap,2011-04-29,1229813409026243
KOSPI Market Cap,2011-05-31,1201535707564010
KOSPI Market Cap,2011-06-30,1183469295893691
KOSPI Market Cap,2011-07-29,1203578276898215
KOSPI Market Cap,2011-08-31,1062663270972427
KOSPI Market Cap,2011-09-30,1001920299978880
KOSPI Market Cap,2011-10-31,1081785631921803
KOSPI Market Cap,2011-11-30,1049141144633821
KOSPI Market Cap,2011-12-29,1041999162203131
KOSPI Market Cap,2012-01-31,1117151541594537
KOSPI Market Cap,2012-02-29,1163380789794068
KOSPI Market Cap,2012-03-30,1157582327102799
KOSPI Market Cap,2012-04-30,1141667286545180
KOSPI Market Cap,2012-05-31,1061319738972785
KOSPI Market Cap,2012-06-29,1068289005762745
KOSPI Market Cap,2012-07-31,1086394780732923
KOSPI Market Cap,2012-08-31,1098073004644240
KOSPI Market Cap,2012-09-28,1150626142541792
KOSPI Market Cap,2012-10-31,1103576637300938
KOSPI Market Cap,2012-11-30,1117290216079938
KOSPI Market Cap,2012-12-28,1154294166644442
KOSPI Market Cap,2013-01-31,1135191271305582
KOSPI Market Cap,2013-02-28,1173192547096430
KOSPI Market Cap,2013-03-29,1161664022238129
KOSPI Market Cap,2013-04-30,1137603875108118
KOSPI Market Cap,2013-05-31,1164218037391333
KOSPI Market Cap,2013-06-28,1084216313952650
KOSPI Market Cap,2013-07-31,1114570889462746
KOSPI Market Cap,2013-08-30,1128186067840318
KOSPI Market Cap,2013-09-30,1167983077478787
KOSPI Market Cap,2013-10-31,1193781141951359
KOSPI Market Cap,2013-11-29,1204177350862376
KOSPI Market Cap,2013-12-30,1185973723790511
KOSPI Market Cap,2014-01-29,1145521359203615
KOSPI Market Cap,2014-02-28,1173450010713640
KOSPI Market Cap,2014-03-31,1182487723289199
KOSPI Market Cap,2014-04-30,1168022515488834
KOSPI Market Cap,2014-05-30,1192616534971872
KOSPI Market Cap,2014-06-30,1197216679558033
KOSPI Market Cap,2014-07-31,1242416180845884
KOSPI Market Cap,2014-08-29,1238885905689913
KOSPI Market Cap,2014-09-30,1205667458184770
KOSPI Market Cap,2014-10-31,1176141815454354
KOSPI Market Cap,2014-11-28,1216291668331915
KOSPI Market Cap,2014-12-30,1192252867277006
KOSPI Market Cap,2015-01-30,1213492316281283
KOSPI Market Cap,2015-02-27,1235242828772077
KOSPI Market Cap,2015-03-31,1272317323155594
KOSPI Market Cap,2015-04-30,1327284545074234
KOSPI Market Cap,2015-05-29,1318606946667136
KOSPI Market Cap,2015-06-30,1293129966850163
KOSPI Market Cap,2015-07-31,1268862612347019
KOSPI Market Cap,2015-08-31,1212680898198117
KOSPI Market Cap,2015-09-30,1230579424326713
KOSPI Market Cap,2015-10-30,1284928131690294
KOSPI Market Cap,2015-11-30,1263656186094137
KOSPI Market Cap,2015-12-30,1242832089300653
KOSPI Market Cap,2016-01-29,1207457689753750
KOSPI Market Cap,2016-02-29,1213244564068747
KOSPI Market Cap,2016-03-31,1265001895756285
KOSPI Market Cap,2016-04-29,1261953135802951
KOSPI Market Cap,2016-05-31,1255356335024149
KOSPI Market Cap,2016-06-30,1250198141816260
KOSPI Market Cap,2016-07-29,1283158113811986
KOSPI Market Cap,2016-08-31,1296942351420588
KOSPI Market Cap,2016-09-30,1301803836991218
KOSPI Market Cap,2016-10-31,1279754772934807
KOSPI Market Cap,2016-11-30,1277304960713608
KOSPI Market Cap,2016-12-29,1308440373892236
KOSPI Market Cap,2017-01-31,1338409356638313
KOSPI Market Cap,2017-02-28,1351894956402847
KOSPI Market Cap,2017-03-31,1400961584517266
KOSPI Market Cap,2017-04-28,1430873637911240
KOSPI Market Cap,2017-05-31,1519224318667747
KOSPI Market Cap,2017-06-30,1549261008077597
KOSPI Market Cap,2017-07-31,1560654851501471
KOSPI Market Cap,2017-08-31,1535629495111100
KOSPI Market Cap,2017-09-29,1558243982037365
KOSPI Market Cap,2017-10-31,1642285252211340
KOSPI Market Cap,2017-11-30,1607169300611141
KOSPI Market Cap,2017-12-28,1605820911910270
KOSPI Market Cap,2018-01-31,1668579804446713
KOSPI Market Cap,2018-02-28,1611555217440049
KOSPI Market Cap,2018-03-30,1627646951097347
KOSPI Market Cap,2018-04-30,1680104341308118
KOSPI Market Cap,2018-05-31,1619387832448622
KOSPI Market Cap,2018-06-29,1554717340201656
KOSPI Market Cap,2018-07-31,1536034531292007
KOSPI Market Cap,2018-08-31,1554873150915856
KOSPI Market Cap,2018-09-28,1567600410138137
KOSPI Market Cap,2018-10-31,1361478009940289
KOSPI Market Cap,2018-11-30,1403482457591888
KOSPI Market Cap,2018-12-28,1343971857985694
KOSPI Market Cap,2019-01-31,1455505296056499
KOSPI Market Cap,2019-02-28,1448767023638722
KOSPI Market Cap,2019-03-29,1417246090700786
KOSPI Market Cap,2019-04-30,1461526970030485
KOSPI Market Cap,2019-05-31,1358693515769970
KOSPI Market Cap,2019-06-28,1419520754393242
KOSPI Market Cap,2019-07-31,1349751511726427
KOSPI Market Cap,2019-08-30,1313598665258278
KOSPI Market Cap,2019-09-30,1379383990482194
KOSPI Market Cap,2019-10-31,1397134899920708
KOSPI Market Cap,2019-11-29,1401938201845642
KOSPI Market Cap,2019-12-30,1475909365805673
KOSPI Market Cap,2020-01-31,1427047754939819
KOSPI Market Cap,2020-02-28,1337716963290314
KOSPI Market Cap,2020-03-31,1179728722560726
KOSPI Market Cap,2020-04-29,1309179248330950
KOSPI Market Cap,2020-05-29,1363450451367235
KOSPI Market Cap,2020-06-30,1418860741475329
KOSPI Market Cap,2020-07-31,1526798727989548
KOSPI Market Cap,2020-08-31,1581099787409825
KOSPI Market Cap,2020-09-29,1584465079441896
KOSPI Market Cap,2020-10-30,1553004436321479
KOSPI Market Cap,2020-11-30,1779635399547144
KOSPI Market Cap,2020-12-30,1980543161609061
KOSPI Market Cap,2021-01-29,2051302353271175
KOSPI Market Cap,2021-02-26,2079822287070835
KOSPI Market Cap,2021-03-31,2133373184071420
KOSPI Market Cap,2021-04-30,2196644814285860
KOSPI Market Cap,2021-05-31,2240204442357739
KOSPI Market Cap,2021-06-30,2307579219297640
KOSPI Market Cap,2021-07-30,2252545492371046
KOSPI Market Cap,2021-08-31,2309062612929983
KOSPI Market Cap,2021-09-30,2231957338378780
KOSPI Market Cap,2021-10-29,2159375927406380
KOSPI Market Cap,2021-11-30,2095821072303233
KOSPI Market Cap,2021-12-30,2203366545861792
KOSPI Market Cap,2022-01-28,2094859102056597
KOSPI Market Cap,2022-02-28,2120187753790735
KOSPI Market Cap,2022-03-31,2164962823835125
KOSPI Market Cap,2022-04-29,2119864985287662
KOSPI Market Cap,2022-05-31,2113784328537123
KOSPI Market Cap,2022-06-30,1835493487294140
KOSPI Market Cap,2022-07-29,1931903737357025
KOSPI Market Cap,2022-08-31,1948130001179758
KOSPI Market Cap,2022-09-30,1698450563093902
KOSPI Market Cap,2022-10-31,1810255609225880
KOSPI Market Cap,2022-11-30,1953840810263050
KOSPI Market Cap,2022-12-29,1767235220931085
KOSPI Market Cap,2023-01-31,1918934214743307
KOSPI Market Cap,2023-02-28,1906496015272827
KOSPI Market Cap,2023-03-31,1957926358388616
KOSPI Market Cap,2023-04-28,1979839469128982
KOSPI Market Cap,2023-05-31,2039961429934852
KOSPI Market Cap,2023-06-30,2035090950255639
KOSPI Market Cap,2023-07-31,2085912205406965
KOSPI Market Cap,2023-08-31,2025220695461871
KOSPI Market Cap,2023-09-27,1955817974945697
KOSPI Market Cap,2023-10-31,1815424104493218
KOSPI Market Cap,2023-11-30,2027777361360739
KOSPI Market Cap,2023-12-28,2126372515851046
KOSPI Market Cap,2024-01-31,2030032668710527
KOSPI Market Cap,2024-02-29,2154501763495998
KOSPI Market Cap,2024-03-29,2240537707931380
KOSPI Market Cap,2024-04-30,2193843858061216
KOSPI Market Cap,2024-05-31,2151017465412147
KOSPI Market Cap,2024-06-28,2283888693661471
KOSPI Market Cap,2024-07-31,2262832341048634
KOSPI Market Cap,2024-08-30,2187461755865038
KOSPI Market Cap,2024-09-30,2115975531403173
KOSPI Market Cap,2024-10-31,2083807734485505
KOSPI Market Cap,2024-11-29,2011421418734674
KOSPI Market Cap,2024-12-30,1963328801432073
KOSPI Market Cap,2025-01-31,2057132279189022
KOSPI Market Cap,2025-02-28,2074378682303205
KOSPI Market Cap,2025-03-31,2033508107511968
KOSPI Market Cap,2025-04-30,2094129065499498
KOSPI Market Cap,2025-05-30,2210646190920267
KOSPI Market Cap,2025-06-30,2512091649124343
KOSPI Market Cap,2025-07-31,2662743380814128
KOSPI Market Cap,2025-08-29,2619011116578555
KOSPI Market Cap,2025-09-30,2817769969229231
KOSPI Market Cap,2025-10-31,3383447874399935
KOSPI Market Cap,2025-11-28,3235761043400269
KOSPI Market Cap,2025-12-30,3477839534742714
KOSPI Market Cap,2026-01-30,4318647135951042
KOSPI Market Cap,2026-02-27,5146373107791624
KOSPI Market Cap,2026-03-31,4159085895028021
KOSPI Market Cap,2026-04-30,5407467825453161
KOSPI Market Cap,2026-05-29,6933143272189571
KOSPI Market Cap,2026-06-30,6929540848101061
KOSPI Market Cap,2026-07-29,4669101404020380
KOSPI/USD,2003-12-30,0.6813
KOSPI/USD,2004-01-30,0.7315
KOSPI/USD,2004-02-27,0.7533
KOSPI/USD,2004-03-31,0.755
KOSPI/USD,2004-04-30,0.7421
KOSPI/USD,2004-05-31,0.6933
KOSPI/USD,2004-06-30,0.6799
KOSPI/USD,2004-07-30,0.6284
KOSPI/USD,2004-08-31,0.6984
KOSPI/USD,2004-09-30,0.7257
KOSPI/USD,2004-10-29,0.7546
KOSPI/USD,2004-11-30,0.8382
KOSPI/USD,2004-12-30,0.8936
KOSPI/USD,2005-01-31,0.9096
KOSPI/USD,2005-02-28,1.0075
KOSPI/USD,2005-03-31,0.9495
KOSPI/USD,2005-04-29,0.9144
KOSPI/USD,2005-05-31,0.9635
KOSPI/USD,2005-06-30,0.9752
KOSPI/USD,2005-07-29,1.0863
KOSPI/USD,2005-08-31,1.0422
KOSPI/USD,2005-09-30,1.183
KOSPI/USD,2005-10-31,1.1092
KOSPI/USD,2005-11-30,1.2731
KOSPI/USD,2005-12-29,1.3801
KOSPI/USD,2006-01-31,1.4765
KOSPI/USD,2006-02-28,1.4396
KOSPI/USD,2006-03-31,1.4102
KOSPI/USD,2006-04-28,1.5391
KOSPI/USD,2006-05-30,1.406
KOSPI/USD,2006-06-30,1.383
KOSPI/USD,2006-07-31,1.3778
KOSPI/USD,2006-08-31,1.4237
KOSPI/USD,2006-09-29,1.4646
KOSPI/USD,2006-10-31,1.4749
KOSPI/USD,2006-11-30,1.5571
KOSPI/USD,2006-12-28,1.5644
KOSPI/USD,2007-01-31,1.472
KOSPI/USD,2007-02-28,1.5263
KOSPI/USD,2007-03-30,1.5579
KOSPI/USD,2007-04-30,1.6573
KOSPI/USD,2007-05-31,1.8262
KOSPI/USD,2007-06-29,1.892
KOSPI/USD,2007-07-31,2.1004
KOSPI/USD,2007-08-31,1.999
KOSPI/USD,2007-09-28,2.1357
KOSPI/USD,2007-10-31,2.2976
KOSPI/USD,2007-11-30,2.0729
KOSPI/USD,2007-12-28,2.0479
KOSPI/USD,2008-01-31,1.7261
KOSPI/USD,2008-02-29,1.8251
KOSPI/USD,2008-03-31,1.7172
KOSPI/USD,2008-04-30,1.8211
KOSPI/USD,2008-05-30,1.7997
KOSPI/USD,2008-06-30,1.6013
KOSPI/USD,2008-07-31,1.5778
KOSPI/USD,2008-08-29,1.3545
KOSPI/USD,2008-09-30,1.2019
KOSPI/USD,2008-10-31,0.8634
KOSPI/USD,2008-11-28,0.7331
KOSPI/USD,2008-12-30,0.9052
KOSPI/USD,2009-01-30,0.8439
KOSPI/USD,2009-02-27,0.6947
KOSPI/USD,2009-03-31,0.8772
KOSPI/USD,2009-04-30,1.0714
KOSPI/USD,2009-05-29,1.1166
KOSPI/USD,2009-06-30,1.0923
KOSPI/USD,2009-07-31,1.2732
KOSPI/USD,2009-08-31,1.274
KOSPI/USD,2009-09-30,1.4255
KOSPI/USD,2009-10-30,1.3334
KOSPI/USD,2009-11-30,1.3403
KOSPI/USD,2009-12-30,1.4619
KOSPI/USD,2010-01-29,1.3836
KOSPI/USD,2010-02-26,1.373
KOSPI/USD,2010-03-31,1.496
KOSPI/USD,2010-04-30,1.5719
KOSPI/USD,2010-05-31,1.3677
KOSPI/USD,2010-06-30,1.3839
KOSPI/USD,2010-07-30,1.4858
KOSPI/USD,2010-08-31,1.4607
KOSPI/USD,2010-09-30,1.644
KOSPI/USD,2010-10-29,1.6628
KOSPI/USD,2010-11-30,1.6377
KOSPI/USD,2010-12-30,1.8197
KOSPI/USD,2011-01-31,1.8523
KOSPI/USD,2011-02-28,1.7206
KOSPI/USD,2011-03-31,1.9181
KOSPI/USD,2011-04-29,2.0512
KOSPI/USD,2011-05-31,1.9924
KOSPI/USD,2011-06-30,1.9653
KOSPI/USD,2011-07-29,2.0336
KOSPI/USD,2011-08-31,1.7542
KOSPI/USD,2011-09-30,1.5035
KOSPI/USD,2011-10-31,1.7292
KOSPI/USD,2011-11-30,1.6202
KOSPI/USD,2011-12-29,1.5802
KOSPI/USD,2012-01-31,1.7374
KOSPI/USD,2012-02-29,1.8053
KOSPI/USD,2012-03-30,1.7698
KOSPI/USD,2012-04-30,1.7513
KOSPI/USD,2012-05-31,1.5627
KOSPI/USD,2012-06-29,1.6023
KOSPI/USD,2012-07-31,1.6558
KOSPI/USD,2012-08-31,1.6806
KOSPI/USD,2012-09-28,1.7897
KOSPI/USD,2012-10-31,1.7537
KOSPI/USD,2012-11-30,1.7862
KOSPI/USD,2012-12-28,1.9238
KOSPI/USD,2013-01-31,1.8076
KOSPI/USD,2013-02-28,1.8696
KOSPI/USD,2013-03-29,1.803
KOSPI/USD,2013-04-30,1.7802
KOSPI/USD,2013-05-31,1.7746
KOSPI/USD,2013-06-28,1.6242
KOSPI/USD,2013-07-31,1.7192
KOSPI/USD,2013-08-30,1.7328
KOSPI/USD,2013-09-30,1.8563
KOSPI/USD,2013-10-31,1.9184
KOSPI/USD,2013-11-29,1.9289
KOSPI/USD,2013-12-30,1.9077
KOSPI/USD,2014-01-29,1.7985
KOSPI/USD,2014-02-28,1.8527
KOSPI/USD,2014-03-31,1.8617
KOSPI/USD,2014-04-30,1.9057
KOSPI/USD,2014-05-30,1.9586
KOSPI/USD,2014-06-30,1.9759
KOSPI/USD,2014-07-31,2.0283
KOSPI/USD,2014-08-29,2.0396
KOSPI/USD,2014-09-30,1.9199
KOSPI/USD,2014-10-31,1.8641
KOSPI/USD,2014-11-28,1.8022
KOSPI/USD,2014-12-30,1.7489
KOSPI/USD,2015-01-30,1.774
KOSPI/USD,2015-02-27,1.8042
KOSPI/USD,2015-03-31,1.8463
KOSPI/USD,2015-04-30,1.9899
KOSPI/USD,2015-05-29,1.9104
KOSPI/USD,2015-06-30,1.8549
KOSPI/USD,2015-07-31,1.734
KOSPI/USD,2015-08-31,1.6487
KOSPI/USD,2015-09-30,1.6437
KOSPI/USD,2015-10-30,1.7805
KOSPI/USD,2015-11-30,1.7249
KOSPI/USD,2015-12-30,1.6686
KOSPI/USD,2016-01-29,1.5859
KOSPI/USD,2016-02-29,1.5443
KOSPI/USD,2016-03-31,1.7504
KOSPI/USD,2016-04-29,1.7585
KOSPI/USD,2016-05-31,1.655
KOSPI/USD,2016-06-30,1.7102
KOSPI/USD,2016-07-29,1.7948
KOSPI/USD,2016-08-31,1.8193
KOSPI/USD,2016-09-30,1.8551
KOSPI/USD,2016-10-31,1.7513
KOSPI/USD,2016-11-30,1.6984
KOSPI/USD,2016-12-29,1.6813
KOSPI/USD,2017-01-31,1.7683
KOSPI/USD,2017-02-28,1.8446
KOSPI/USD,2017-03-31,1.9339
KOSPI/USD,2017-04-28,1.9518
KOSPI/USD,2017-05-31,2.0886
KOSPI/USD,2017-06-30,2.0868
KOSPI/USD,2017-07-31,2.1375
KOSPI/USD,2017-08-31,2.1037
KOSPI/USD,2017-09-29,2.0895
KOSPI/USD,2017-10-31,2.2461
KOSPI/USD,2017-11-30,2.2915
KOSPI/USD,2017-12-28,2.3072
KOSPI/USD,2018-01-31,2.3929
KOSPI/USD,2018-02-28,2.2488
KOSPI/USD,2018-03-30,2.3031
KOSPI/USD,2018-04-30,2.3561
KOSPI/USD,2018-05-31,2.2539
KOSPI/USD,2018-06-29,2.0759
KOSPI/USD,2018-07-31,2.0555
KOSPI/USD,2018-08-31,2.0825
KOSPI/USD,2018-09-28,2.1065
KOSPI/USD,2018-10-31,1.784
KOSPI/USD,2018-11-30,1.8772
KOSPI/USD,2018-12-28,1.8284
KOSPI/USD,2019-01-31,1.9881
KOSPI/USD,2019-02-28,1.9688
KOSPI/USD,2019-03-29,1.8872
KOSPI/USD,2019-04-30,1.9016
KOSPI/USD,2019-05-31,1.7181
KOSPI/USD,2019-06-28,1.8439
KOSPI/USD,2019-07-31,1.7148
KOSPI/USD,2019-08-30,1.6301
KOSPI/USD,2019-09-30,1.7165
KOSPI/USD,2019-10-31,1.7904
KOSPI/USD,2019-11-29,1.774
KOSPI/USD,2019-12-30,1.9005
KOSPI/USD,2020-01-31,1.785
KOSPI/USD,2020-02-28,1.6404
KOSPI/USD,2020-03-31,1.4351
KOSPI/USD,2020-04-29,1.6085
KOSPI/USD,2020-05-29,1.6394
KOSPI/USD,2020-06-30,1.7592
KOSPI/USD,2020-07-31,1.8909
KOSPI/USD,2020-08-31,1.972
KOSPI/USD,2020-09-29,1.9933
KOSPI/USD,2020-10-30,2.0072
KOSPI/USD,2020-11-30,2.3465
KOSPI/USD,2020-12-30,2.6449
KOSPI/USD,2021-01-29,2.6757
KOSPI/USD,2021-02-26,2.6922
KOSPI/USD,2021-03-31,2.7037
KOSPI/USD,2021-04-30,2.8445
KOSPI/USD,2021-05-31,2.879
KOSPI/USD,2021-06-30,2.9161
KOSPI/USD,2021-07-30,2.8038
KOSPI/USD,2021-08-31,2.745
KOSPI/USD,2021-09-30,2.5844
KOSPI/USD,2021-10-29,2.5448
KOSPI/USD,2021-11-30,2.3842
KOSPI/USD,2021-12-30,2.5025
KOSPI/USD,2022-01-28,2.2053
KOSPI/USD,2022-02-28,2.2538
KOSPI/USD,2022-03-31,2.2782
KOSPI/USD,2022-04-29,2.1183
KOSPI/USD,2022-05-31,2.1728
KOSPI/USD,2022-06-30,1.792
KOSPI/USD,2022-07-29,1.8928
KOSPI/USD,2022-08-31,1.8309
KOSPI/USD,2022-09-30,1.5072
KOSPI/USD,2022-10-31,1.6133
KOSPI/USD,2022-11-30,1.8655
KOSPI/USD,2022-12-29,1.7746
KOSPI/USD,2023-01-31,1.9692
KOSPI/USD,2023-02-28,1.8302
KOSPI/USD,2023-03-31,1.9104
KOSPI/USD,2023-04-28,1.8677
KOSPI/USD,2023-05-31,1.9527
KOSPI/USD,2023-06-30,1.9381
KOSPI/USD,2023-07-31,2.069
KOSPI/USD,2023-08-31,1.9321
KOSPI/USD,2023-09-27,1.8289
KOSPI/USD,2023-10-31,1.6898
KOSPI/USD,2023-11-30,1.9678
KOSPI/USD,2023-12-28,2.0779
KOSPI/USD,2024-01-31,1.8823
KOSPI/USD,2024-02-29,1.9817
KOSPI/USD,2024-03-29,2.0348
KOSPI/USD,2024-04-30,1.9584
KOSPI/USD,2024-05-31,1.9166
KOSPI/USD,2024-06-28,2.0172
KOSPI/USD,2024-07-31,2.0027
KOSPI/USD,2024-08-30,2.0064
KOSPI/USD,2024-09-30,1.9807
KOSPI/USD,2024-10-31,1.8542
KOSPI/USD,2024-11-29,1.7627
KOSPI/USD,2024-12-30,1.6352
KOSPI/USD,2025-01-31,1.7462
KOSPI/USD,2025-02-28,1.7469
KOSPI/USD,2025-03-31,1.6885
KOSPI/USD,2025-04-30,1.7864
KOSPI/USD,2025-05-30,1.9685
KOSPI/USD,2025-06-30,2.2527
KOSPI/USD,2025-07-31,2.3306
KOSPI/USD,2025-08-29,2.3013
KOSPI/USD,2025-09-30,2.4473
KOSPI/USD,2025-10-31,2.8844
KOSPI/USD,2025-11-28,2.6869
KOSPI/USD,2025-12-30,2.9308
KOSPI/USD,2026-01-30,3.6566
KOSPI/USD,2026-02-27,4.3595
KOSPI/USD,2026-03-31,3.3325
KOSPI/USD,2026-04-30,4.4366
KOSPI/USD,2026-05-29,5.6686
KOSPI/USD,2026-06-30,5.498
KOSPI/USD,2026-07-29,3.8997
KRW/USD,2003-12-31,1189.9
KRW/USD,2004-01-30,1160
KRW/USD,2004-02-27,1172.8
KRW/USD,2004-03-31,1166.3
KRW/USD,2004-04-30,1162.7
KRW/USD,2004-05-31,1159.4
KRW/USD,2004-06-30,1155.7
KRW/USD,2004-07-30,1170.1
KRW/USD,2004-08-31,1150.6
KRW/USD,2004-09-30,1150.8
KRW/USD,2004-10-29,1106.3
KRW/USD,2004-11-30,1047.6
KRW/USD,2004-12-31,1002.6
KRW/USD,2005-01-31,1025.41
KRW/USD,2005-02-28,1003.8
KRW/USD,2005-03-31,1017
KRW/USD,2005-04-29,996.66
KRW/USD,2005-05-31,1007
KRW/USD,2005-06-30,1033.8
KRW/USD,2005-07-29,1023
KRW/USD,2005-08-31,1039.5
KRW/USD,2005-09-30,1032.1
KRW/USD,2005-10-31,1044.1
KRW/USD,2005-11-30,1019.1
KRW/USD,2005-12-30,999.45
KRW/USD,2006-01-31,948.08
KRW/USD,2006-02-28,952.76
KRW/USD,2006-03-31,964.09
KRW/USD,2006-04-28,922.47
KRW/USD,2006-05-31,937.18
KRW/USD,2006-06-30,936.46
KRW/USD,2006-07-31,941.95
KRW/USD,2006-08-31,950.15
KRW/USD,2006-09-29,936.38
KRW/USD,2006-10-31,925.15
KRW/USD,2006-11-30,919.81
KRW/USD,2006-12-29,916.94
KRW/USD,2007-01-31,924.04
KRW/USD,2007-02-28,928.6
KRW/USD,2007-03-30,932.36
KRW/USD,2007-04-30,930.55
KRW/USD,2007-05-31,931.41
KRW/USD,2007-06-29,921.56
KRW/USD,2007-07-31,920.44
KRW/USD,2007-08-31,937.1
KRW/USD,2007-09-28,911.39
KRW/USD,2007-10-31,898.69
KRW/USD,2007-11-30,919.48
KRW/USD,2007-12-31,926.36
KRW/USD,2008-01-31,941.22
KRW/USD,2008-02-29,937.84
KRW/USD,2008-03-31,992.28
KRW/USD,2008-04-30,1002.4
KRW/USD,2008-05-30,1029.1
KRW/USD,2008-06-30,1046
KRW/USD,2008-07-31,1010.7
KRW/USD,2008-08-29,1088.4
KRW/USD,2008-09-30,1204.8
KRW/USD,2008-10-31,1289.2
KRW/USD,2008-11-28,1467.9
KRW/USD,2008-12-31,1242.2
KRW/USD,2009-01-30,1377.1
KRW/USD,2009-02-27,1530.3
KRW/USD,2009-03-31,1375.1
KRW/USD,2009-04-30,1278.1
KRW/USD,2009-05-29,1250.1
KRW/USD,2009-06-30,1272.6
KRW/USD,2009-07-31,1223.1
KRW/USD,2009-08-31,1249.5
KRW/USD,2009-09-30,1173.7
KRW/USD,2009-10-30,1185.5
KRW/USD,2009-11-30,1160.6
KRW/USD,2009-12-31,1151.1
KRW/USD,2010-01-29,1158.2
KRW/USD,2010-02-26,1161.4
KRW/USD,2010-03-31,1131.6
KRW/USD,2010-04-30,1107.9
KRW/USD,2010-05-31,1200
KRW/USD,2010-06-30,1227.2
KRW/USD,2010-07-30,1184.1
KRW/USD,2010-08-31,1193.1
KRW/USD,2010-09-30,1139.2
KRW/USD,2010-10-29,1132.4
KRW/USD,2010-11-30,1163
KRW/USD,2010-12-31,1127.1
KRW/USD,2011-01-31,1117.4
KRW/USD,2011-02-28,1127.1
KRW/USD,2011-03-31,1098.3
KRW/USD,2011-04-29,1068.8
KRW/USD,2011-05-31,1075.3
KRW/USD,2011-06-30,1068.9
KRW/USD,2011-07-29,1049
KRW/USD,2011-08-31,1071.8
KRW/USD,2011-09-30,1177
KRW/USD,2011-10-31,1104
KRW/USD,2011-11-30,1140.3
KRW/USD,2011-12-30,1155.4
KRW/USD,2012-01-31,1125.7
KRW/USD,2012-02-29,1124.6
KRW/USD,2012-03-30,1138
KRW/USD,2012-04-30,1131.7
KRW/USD,2012-05-31,1179.7
KRW/USD,2012-06-29,1157.1
KRW/USD,2012-07-31,1136.6
KRW/USD,2012-08-31,1133.6
KRW/USD,2012-09-28,1115.4
KRW/USD,2012-10-31,1090.3
KRW/USD,2012-11-30,1082.1
KRW/USD,2012-12-31,1038.1
KRW/USD,2013-01-31,1085.4
KRW/USD,2013-02-28,1083.9
KRW/USD,2013-03-29,1112
KRW/USD,2013-04-30,1103.2
KRW/USD,2013-05-31,1127.6
KRW/USD,2013-06-28,1147.2
KRW/USD,2013-07-31,1113.3
KRW/USD,2013-08-30,1111.7
KRW/USD,2013-09-30,1075.8
KRW/USD,2013-10-31,1058.2
KRW/USD,2013-11-29,1060.1
KRW/USD,2013-12-31,1054.3
KRW/USD,2014-01-31,1079.3
KRW/USD,2014-02-28,1068.7
KRW/USD,2014-03-31,1066.55
KRW/USD,2014-04-30,1029.4399
KRW/USD,2014-05-30,1018.54
KRW/USD,2014-06-30,1013.3
KRW/USD,2014-07-31,1023.6
KRW/USD,2014-08-29,1014.2
KRW/USD,2014-09-30,1052.2
KRW/USD,2014-10-31,1053.8
KRW/USD,2014-11-28,1099.1
KRW/USD,2014-12-31,1095.3
KRW/USD,2015-01-30,1098.8
KRW/USD,2015-02-27,1100.67
KRW/USD,2015-03-31,1105.5
KRW/USD,2015-04-30,1068.97
KRW/USD,2015-05-29,1107
KRW/USD,2015-06-30,1118.22
KRW/USD,2015-07-31,1170.77
KRW/USD,2015-08-31,1177.6
KRW/USD,2015-09-30,1194.16
KRW/USD,2015-10-30,1139.86
KRW/USD,2015-11-30,1154.83
KRW/USD,2015-12-31,1175.4399
KRW/USD,2016-01-29,1205.63
KRW/USD,2016-02-29,1241.13
KRW/USD,2016-03-31,1140.23
KRW/USD,2016-04-29,1134
KRW/USD,2016-05-31,1198.45
KRW/USD,2016-06-30,1152.15
KRW/USD,2016-07-29,1123.35
KRW/USD,2016-08-31,1118.38
KRW/USD,2016-09-30,1101.62
KRW/USD,2016-10-31,1146.7
KRW/USD,2016-11-30,1167.86
KRW/USD,2016-12-30,1205.29
KRW/USD,2017-01-31,1169.21
KRW/USD,2017-02-28,1133.9399
KRW/USD,2017-03-31,1117.02
KRW/USD,2017-04-28,1129.9399
KRW/USD,2017-05-31,1123.9
KRW/USD,2017-06-30,1146.14
KRW/USD,2017-07-31,1124.05
KRW/USD,2017-08-31,1123.33
KRW/USD,2017-09-29,1145.9399
KRW/USD,2017-10-31,1123.45
KRW/USD,2017-11-30,1080.66
KRW/USD,2017-12-29,1069.49
KRW/USD,2018-01-31,1072.54
KRW/USD,2018-02-28,1079.39
KRW/USD,2018-03-30,1062
KRW/USD,2018-04-30,1067.6
KRW/USD,2018-05-31,1075.03
KRW/USD,2018-06-29,1120.54
KRW/USD,2018-07-31,1116.67
KRW/USD,2018-08-31,1115.45
KRW/USD,2018-09-28,1112.3101
KRW/USD,2018-10-31,1137.7
KRW/USD,2018-11-30,1117.02
KRW/USD,2018-12-31,1116.3
KRW/USD,2019-01-31,1109
KRW/USD,2019-02-28,1115.1
KRW/USD,2019-03-29,1134.3199
KRW/USD,2019-04-30,1158.79
KRW/USD,2019-05-31,1188.38
KRW/USD,2019-06-28,1155.51
KRW/USD,2019-07-31,1180.65
KRW/USD,2019-08-30,1207.16
KRW/USD,2019-09-30,1201.91
KRW/USD,2019-10-31,1163.7
KRW/USD,2019-11-29,1177.01
KRW/USD,2019-12-31,1156.35
KRW/USD,2020-01-31,1187.12
KRW/USD,2020-02-28,1211.3101
KRW/USD,2020-03-31,1222.7
KRW/USD,2020-04-30,1210.79
KRW/USD,2020-05-29,1237.98
KRW/USD,2020-06-30,1198.49
KRW/USD,2020-07-31,1189.5601
KRW/USD,2020-08-31,1179.59
KRW/USD,2020-09-30,1167.86
KRW/USD,2020-10-30,1129.52
KRW/USD,2020-11-30,1104.33
KRW/USD,2020-12-31,1086.42
KRW/USD,2021-01-29,1112.29
KRW/USD,2021-02-26,1119.13
KRW/USD,2021-03-31,1132.3199
KRW/USD,2021-04-30,1106.63
KRW/USD,2021-05-31,1112.85
KRW/USD,2021-06-30,1130.51
KRW/USD,2021-07-30,1142.12
KRW/USD,2021-08-31,1165.51
KRW/USD,2021-09-30,1187.4301
KRW/USD,2021-10-29,1167.37
KRW/USD,2021-11-30,1190.74
KRW/USD,2021-12-31,1189.89
KRW/USD,2022-01-31,1207.71
KRW/USD,2022-02-28,1197.59
KRW/USD,2022-03-31,1210.4399
KRW/USD,2022-04-29,1272.29
KRW/USD,2022-05-31,1236.17
KRW/USD,2022-06-30,1301.73
KRW/USD,2022-07-29,1295.15
KRW/USD,2022-08-31,1350.1899
KRW/USD,2022-09-30,1430.17
KRW/USD,2022-10-31,1421.65
KRW/USD,2022-11-30,1325.37
KRW/USD,2022-12-30,1260.26
KRW/USD,2023-01-31,1231.5
KRW/USD,2023-02-28,1318.35
KRW/USD,2023-03-31,1296.5
KRW/USD,2023-04-28,1339.39
KRW/USD,2023-05-31,1319.79
KRW/USD,2023-06-30,1323.0699
KRW/USD,2023-07-31,1272.39
KRW/USD,2023-08-31,1323.03
KRW/USD,2023-09-29,1347.85
KRW/USD,2023-10-31,1348.0699
KRW/USD,2023-11-30,1288.36
KRW/USD,2023-12-29,1277.84
KRW/USD,2024-01-31,1326.62
KRW/USD,2024-02-29,1333.38
KRW/USD,2024-03-29,1349.8
KRW/USD,2024-04-30,1374.64
KRW/USD,2024-05-31,1375.62
KRW/USD,2024-06-28,1386.95
KRW/USD,2024-07-31,1383.5
KRW/USD,2024-08-30,1332.88
KRW/USD,2024-09-30,1309.3
KRW/USD,2024-10-31,1378.5699
KRW/USD,2024-11-29,1393.3
KRW/USD,2024-12-31,1467.39
KRW/USD,2025-01-31,1441.66
KRW/USD,2025-02-28,1449.86
KRW/USD,2025-03-31,1469.41
KRW/USD,2025-04-30,1431.16
KRW/USD,2025-05-30,1370.41
KRW/USD,2025-06-30,1363.59
KRW/USD,2025-07-31,1392.52
KRW/USD,2025-08-29,1384.41
KRW/USD,2025-09-30,1399.33
KRW/USD,2025-10-31,1424.02
KRW/USD,2025-11-28,1461.4
KRW/USD,2025-12-31,1437.91
KRW/USD,2026-01-30,1428.76
KRW/USD,2026-02-27,1432.3199
KRW/USD,2026-03-31,1516.13
KRW/USD,2026-04-30,1487.38
KRW/USD,2026-05-29,1495.29
KRW/USD,2026-06-30,1541.73
KRW/USD,2026-07-29,1452.23
NASDAQ,1990-01-31,415.8
NASDAQ,1990-02-28,425.8
NASDAQ,1990-03-30,435.5
NASDAQ,1990-04-30,420.1
NASDAQ,1990-05-31,459
NASDAQ,1990-06-29,462.3
NASDAQ,1990-07-31,438.2
NASDAQ,1990-08-31,381.2
NASDAQ,1990-09-28,344.5
NASDAQ,1990-10-31,329.8
NASDAQ,1990-11-30,359.1
NASDAQ,1990-12-31,373.8
NASDAQ,1991-01-31,414.2
NASDAQ,1991-02-28,453.1
NASDAQ,1991-03-28,482.3
NASDAQ,1991-04-30,484.72
NASDAQ,1991-05-31,506.11
NASDAQ,1991-06-28,475.92
NASDAQ,1991-07-31,502.04
NASDAQ,1991-08-30,525.68
NASDAQ,1991-09-30,526.88
NASDAQ,1991-10-31,542.98
NASDAQ,1991-11-29,523.9
NASDAQ,1991-12-31,586.34
NASDAQ,1992-01-31,620.21
NASDAQ,1992-02-28,633.47
NASDAQ,1992-03-31,603.77
NASDAQ,1992-04-30,578.68
NASDAQ,1992-05-29,585.31
NASDAQ,1992-06-30,563.6
NASDAQ,1992-07-31,580.83
NASDAQ,1992-08-31,563.12
NASDAQ,1992-09-30,583.27
NASDAQ,1992-10-30,605.17
NASDAQ,1992-11-30,652.73
NASDAQ,1992-12-31,676.95
NASDAQ,1993-01-29,696.34
NASDAQ,1993-02-26,670.77
NASDAQ,1993-03-31,690.13
NASDAQ,1993-04-30,661.42
NASDAQ,1993-05-28,700.53
NASDAQ,1993-06-30,703.95
NASDAQ,1993-07-30,704.7
NASDAQ,1993-08-31,742.84
NASDAQ,1993-09-30,762.78
NASDAQ,1993-10-29,779.26
NASDAQ,1993-11-30,754.39
NASDAQ,1993-12-31,776.8
NASDAQ,1994-01-31,800.47
NASDAQ,1994-02-28,792.5
NASDAQ,1994-03-31,743.46
NASDAQ,1994-04-29,733.84
NASDAQ,1994-05-31,735.19
NASDAQ,1994-06-30,705.96
NASDAQ,1994-07-29,722.16
NASDAQ,1994-08-31,765.62
NASDAQ,1994-09-30,764.29
NASDAQ,1994-10-31,777.49
NASDAQ,1994-11-30,750.32
NASDAQ,1994-12-30,751.96
NASDAQ,1995-01-31,755.2
NASDAQ,1995-02-28,793.73
NASDAQ,1995-03-31,817.21
NASDAQ,1995-04-28,843.98
NASDAQ,1995-05-31,864.58
NASDAQ,1995-06-30,933.45
NASDAQ,1995-07-31,1001.21
NASDAQ,1995-08-31,1020.11
NASDAQ,1995-09-29,1043.54
NASDAQ,1995-10-31,1036.0601
NASDAQ,1995-11-30,1059.2
NASDAQ,1995-12-29,1052.13
NASDAQ,1996-01-31,1059.79
NASDAQ,1996-02-29,1100.05
NASDAQ,1996-03-29,1101.4
NASDAQ,1996-04-30,1190.52
NASDAQ,1996-05-31,1243.4301
NASDAQ,1996-06-28,1185.02
NASDAQ,1996-07-31,1080.59
NASDAQ,1996-08-30,1141.5
NASDAQ,1996-09-30,1226.92
NASDAQ,1996-10-31,1221.51
NASDAQ,1996-11-29,1292.61
NASDAQ,1996-12-31,1291.03
NASDAQ,1997-01-31,1379.85
NASDAQ,1997-02-28,1309
NASDAQ,1997-03-31,1221.7
NASDAQ,1997-04-30,1260.76
NASDAQ,1997-05-30,1400.3199
NASDAQ,1997-06-30,1442.0699
NASDAQ,1997-07-31,1593.8101
NASDAQ,1997-08-29,1587.3199
NASDAQ,1997-09-30,1685.6899
NASDAQ,1997-10-31,1593.61
NASDAQ,1997-11-28,1600.55
NASDAQ,1997-12-31,1570.35
NASDAQ,1998-01-30,1619.36
NASDAQ,1998-02-27,1770.51
NASDAQ,1998-03-31,1835.6801
NASDAQ,1998-04-30,1868.41
NASDAQ,1998-05-29,1778.87
NASDAQ,1998-06-30,1894.74
NASDAQ,1998-07-31,1872.39
NASDAQ,1998-08-31,1499.25
NASDAQ,1998-09-30,1693.84
NASDAQ,1998-10-30,1771.39
NASDAQ,1998-11-30,1949.54
NASDAQ,1998-12-31,2192.6899
NASDAQ,1999-01-29,2505.8899
NASDAQ,1999-02-26,2288.03
NASDAQ,1999-03-31,2461.3999
NASDAQ,1999-04-30,2542.8601
NASDAQ,1999-05-28,2470.52
NASDAQ,1999-06-30,2686.1201
NASDAQ,1999-07-30,2638.49
NASDAQ,1999-08-31,2739.3501
NASDAQ,1999-09-30,2746.1599
NASDAQ,1999-10-29,2966.4299
NASDAQ,1999-11-30,3336.1599
NASDAQ,1999-12-31,4069.3101
NASDAQ,2000-01-31,3940.3501
NASDAQ,2000-02-29,4696.6899
NASDAQ,2000-03-31,4572.8301
NASDAQ,2000-04-28,3860.6599
NASDAQ,2000-05-31,3400.9099
NASDAQ,2000-06-30,3966.1101
NASDAQ,2000-07-31,3766.99
NASDAQ,2000-08-31,4206.3501
NASDAQ,2000-09-29,3672.8201
NASDAQ,2000-10-31,3369.6299
NASDAQ,2000-11-30,2597.9299
NASDAQ,2000-12-29,2470.52
NASDAQ,2001-01-31,2772.73
NASDAQ,2001-02-28,2151.8301
NASDAQ,2001-03-30,1840.26
NASDAQ,2001-04-30,2116.24
NASDAQ,2001-05-31,2110.49
NASDAQ,2001-06-29,2160.54
NASDAQ,2001-07-31,2027.13
NASDAQ,2001-08-31,1805.4301
NASDAQ,2001-09-28,1498.8
NASDAQ,2001-10-31,1690.2
NASDAQ,2001-11-30,1930.58
NASDAQ,2001-12-31,1950.4
NASDAQ,2002-01-31,1934.03
NASDAQ,2002-02-28,1731.49
NASDAQ,2002-03-28,1845.35
NASDAQ,2002-04-30,1688.23
NASDAQ,2002-05-31,1615.73
NASDAQ,2002-06-28,1463.21
NASDAQ,2002-07-31,1328.26
NASDAQ,2002-08-30,1314.85
NASDAQ,2002-09-30,1172.0601
NASDAQ,2002-10-31,1329.75
NASDAQ,2002-11-29,1478.78
NASDAQ,2002-12-31,1335.51
NASDAQ,2003-01-31,1320.91
NASDAQ,2003-02-28,1337.52
NASDAQ,2003-03-31,1341.17
NASDAQ,2003-04-30,1464.3101
NASDAQ,2003-05-30,1595.91
NASDAQ,2003-06-30,1622.8
NASDAQ,2003-07-31,1735.02
NASDAQ,2003-08-29,1810.45
NASDAQ,2003-09-30,1786.9399
NASDAQ,2003-10-31,1932.21
NASDAQ,2003-11-28,1960.26
NASDAQ,2003-12-31,2003.37
NASDAQ,2004-01-30,2066.1499
NASDAQ,2004-02-27,2029.8199
NASDAQ,2004-03-31,1994.22
NASDAQ,2004-04-30,1920.15
NASDAQ,2004-05-28,1986.74
NASDAQ,2004-06-30,2047.79
NASDAQ,2004-07-30,1887.36
NASDAQ,2004-08-31,1838.1
NASDAQ,2004-09-30,1896.84
NASDAQ,2004-10-29,1974.99
NASDAQ,2004-11-30,2096.8101
NASDAQ,2004-12-31,2175.4399
NASDAQ,2005-01-31,2062.4099
NASDAQ,2005-02-28,2051.72
NASDAQ,2005-03-31,1999.23
NASDAQ,2005-04-29,1921.65
NASDAQ,2005-05-31,2068.22
NASDAQ,2005-06-30,2056.96
NASDAQ,2005-07-29,2184.8301
NASDAQ,2005-08-31,2152.0901
NASDAQ,2005-09-30,2151.6899
NASDAQ,2005-10-31,2120.3
NASDAQ,2005-11-30,2232.8201
NASDAQ,2005-12-30,2205.3201
NASDAQ,2006-01-31,2305.8201
NASDAQ,2006-02-28,2281.3899
NASDAQ,2006-03-31,2339.79
NASDAQ,2006-04-28,2322.5701
NASDAQ,2006-05-31,2178.8799
NASDAQ,2006-06-30,2172.0901
NASDAQ,2006-07-31,2091.47
NASDAQ,2006-08-31,2183.75
NASDAQ,2006-09-29,2258.4299
NASDAQ,2006-10-31,2366.71
NASDAQ,2006-11-30,2431.77
NASDAQ,2006-12-29,2415.29
NASDAQ,2007-01-31,2463.9299
NASDAQ,2007-02-28,2416.1499
NASDAQ,2007-03-30,2421.6399
NASDAQ,2007-04-30,2525.0901
NASDAQ,2007-05-31,2604.52
NASDAQ,2007-06-29,2603.23
NASDAQ,2007-07-31,2546.27
NASDAQ,2007-08-31,2596.3601
NASDAQ,2007-09-28,2701.5
NASDAQ,2007-10-31,2859.1201
NASDAQ,2007-11-30,2660.96
NASDAQ,2007-12-31,2652.28
NASDAQ,2008-01-31,2389.8601
NASDAQ,2008-02-29,2271.48
NASDAQ,2008-03-31,2279.1001
NASDAQ,2008-04-30,2412.8
NASDAQ,2008-05-30,2522.6599
NASDAQ,2008-06-30,2292.98
NASDAQ,2008-07-31,2325.55
NASDAQ,2008-08-29,2367.52
NASDAQ,2008-09-30,2091.8799
NASDAQ,2008-10-31,1720.95
NASDAQ,2008-11-28,1535.5699
NASDAQ,2008-12-31,1577.03
NASDAQ,2009-01-30,1476.42
NASDAQ,2009-02-27,1377.84
NASDAQ,2009-03-31,1528.59
NASDAQ,2009-04-30,1717.3
NASDAQ,2009-05-29,1774.33
NASDAQ,2009-06-30,1835.04
NASDAQ,2009-07-31,1978.5
NASDAQ,2009-08-31,2009.0601
NASDAQ,2009-09-30,2122.4199
NASDAQ,2009-10-30,2045.11
NASDAQ,2009-11-30,2144.6001
NASDAQ,2009-12-31,2269.1499
NASDAQ,2010-01-29,2147.3501
NASDAQ,2010-02-26,2238.26
NASDAQ,2010-03-31,2397.96
NASDAQ,2010-04-30,2461.1899
NASDAQ,2010-05-28,2257.04
NASDAQ,2010-06-30,2109.24
NASDAQ,2010-07-30,2254.7
NASDAQ,2010-08-31,2114.03
NASDAQ,2010-09-30,2368.6201
NASDAQ,2010-10-29,2507.4099
NASDAQ,2010-11-30,2498.23
NASDAQ,2010-12-31,2652.8701
NASDAQ,2011-01-31,2700.0801
NASDAQ,2011-02-28,2782.27
NASDAQ,2011-03-31,2781.0701
NASDAQ,2011-04-29,2873.54
NASDAQ,2011-05-31,2835.3
NASDAQ,2011-06-30,2773.52
NASDAQ,2011-07-29,2756.3799
NASDAQ,2011-08-31,2579.46
NASDAQ,2011-09-30,2415.3999
NASDAQ,2011-10-31,2684.4099
NASDAQ,2011-11-30,2620.3401
NASDAQ,2011-12-30,2605.1499
NASDAQ,2012-01-31,2813.8401
NASDAQ,2012-02-29,2966.8899
NASDAQ,2012-03-30,3091.5701
NASDAQ,2012-04-30,3046.3601
NASDAQ,2012-05-31,2827.3401
NASDAQ,2012-06-29,2935.05
NASDAQ,2012-07-31,2939.52
NASDAQ,2012-08-31,3066.96
NASDAQ,2012-09-28,3116.23
NASDAQ,2012-10-31,2977.23
NASDAQ,2012-11-30,3010.24
NASDAQ,2012-12-31,3019.51
NASDAQ,2013-01-31,3142.1299
NASDAQ,2013-02-28,3160.1899
NASDAQ,2013-03-28,3267.52
NASDAQ,2013-04-30,3328.79
NASDAQ,2013-05-31,3455.9099
NASDAQ,2013-06-28,3403.25
NASDAQ,2013-07-31,3626.3701
NASDAQ,2013-08-30,3589.8701
NASDAQ,2013-09-30,3771.48
NASDAQ,2013-10-31,3919.71
NASDAQ,2013-11-29,4059.8899
NASDAQ,2013-12-31,4176.5898
NASDAQ,2014-01-31,4103.8799
NASDAQ,2014-02-28,4308.1201
NASDAQ,2014-03-31,4198.9902
NASDAQ,2014-04-30,4114.5601
NASDAQ,2014-05-30,4242.6201
NASDAQ,2014-06-30,4408.1802
NASDAQ,2014-07-31,4369.77
NASDAQ,2014-08-29,4580.27
NASDAQ,2014-09-30,4493.3901
NASDAQ,2014-10-31,4630.7402
NASDAQ,2014-11-28,4791.6299
NASDAQ,2014-12-31,4736.0498
NASDAQ,2015-01-30,4635.2402
NASDAQ,2015-02-27,4963.5298
NASDAQ,2015-03-31,4900.8799
NASDAQ,2015-04-30,4941.4199
NASDAQ,2015-05-29,5070.0298
NASDAQ,2015-06-30,4986.8701
NASDAQ,2015-07-31,5128.2798
NASDAQ,2015-08-31,4776.5098
NASDAQ,2015-09-30,4620.1602
NASDAQ,2015-10-30,5053.75
NASDAQ,2015-11-30,5108.6699
NASDAQ,2015-12-31,5007.4102
NASDAQ,2016-01-29,4613.9502
NASDAQ,2016-02-29,4557.9502
NASDAQ,2016-03-31,4869.8501
NASDAQ,2016-04-29,4775.3599
NASDAQ,2016-05-31,4948.0498
NASDAQ,2016-06-30,4842.6699
NASDAQ,2016-07-29,5162.1299
NASDAQ,2016-08-31,5213.2202
NASDAQ,2016-09-30,5312
NASDAQ,2016-10-31,5189.1401
NASDAQ,2016-11-30,5323.6802
NASDAQ,2016-12-30,5383.1201
NASDAQ,2017-01-31,5614.79
NASDAQ,2017-02-28,5825.4399
NASDAQ,2017-03-31,5911.7402
NASDAQ,2017-04-28,6047.6099
NASDAQ,2017-05-31,6198.52
NASDAQ,2017-06-30,6140.4199
NASDAQ,2017-07-31,6348.1201
NASDAQ,2017-08-31,6428.6602
NASDAQ,2017-09-29,6495.96
NASDAQ,2017-10-31,6727.6699
NASDAQ,2017-11-30,6873.9702
NASDAQ,2017-12-29,6903.3901
NASDAQ,2018-01-31,7411.48
NASDAQ,2018-02-28,7273.0098
NASDAQ,2018-03-29,7063.4502
NASDAQ,2018-04-30,7066.27
NASDAQ,2018-05-31,7442.1201
NASDAQ,2018-06-29,7510.2998
NASDAQ,2018-07-31,7671.79
NASDAQ,2018-08-31,8109.54
NASDAQ,2018-09-28,8046.3501
NASDAQ,2018-10-31,7305.8999
NASDAQ,2018-11-30,7330.54
NASDAQ,2018-12-31,6635.2798
NASDAQ,2019-01-31,7281.7402
NASDAQ,2019-02-28,7532.5298
NASDAQ,2019-03-29,7729.3198
NASDAQ,2019-04-30,8095.3901
NASDAQ,2019-05-31,7453.1499
NASDAQ,2019-06-28,8006.2402
NASDAQ,2019-07-31,8175.4199
NASDAQ,2019-08-30,7962.8799
NASDAQ,2019-09-30,7999.3398
NASDAQ,2019-10-31,8292.3604
NASDAQ,2019-11-29,8665.4697
NASDAQ,2019-12-31,8972.5996
NASDAQ,2020-01-31,9150.9404
NASDAQ,2020-02-28,8567.3701
NASDAQ,2020-03-31,7700.1001
NASDAQ,2020-04-30,8889.5498
NASDAQ,2020-05-29,9489.8701
NASDAQ,2020-06-30,10058.7695
NASDAQ,2020-07-31,10745.2695
NASDAQ,2020-08-31,11775.46
NASDAQ,2020-09-30,11167.5098
NASDAQ,2020-10-30,10911.5898
NASDAQ,2020-11-30,12198.7402
NASDAQ,2020-12-31,12888.2803
NASDAQ,2021-01-29,13070.6904
NASDAQ,2021-02-26,13192.3496
NASDAQ,2021-03-31,13246.8701
NASDAQ,2021-04-30,13962.6797
NASDAQ,2021-05-28,13748.7402
NASDAQ,2021-06-30,14503.9502
NASDAQ,2021-07-30,14672.6797
NASDAQ,2021-08-31,15259.2402
NASDAQ,2021-09-30,14448.5801
NASDAQ,2021-10-29,15498.3896
NASDAQ,2021-11-30,15537.6904
NASDAQ,2021-12-31,15644.9697
NASDAQ,2022-01-31,14239.8799
NASDAQ,2022-02-28,13751.4004
NASDAQ,2022-03-31,14220.5195
NASDAQ,2022-04-29,12334.6396
NASDAQ,2022-05-31,12081.3896
NASDAQ,2022-06-30,11028.7402
NASDAQ,2022-07-29,12390.6904
NASDAQ,2022-08-31,11816.2002
NASDAQ,2022-09-30,10575.6201
NASDAQ,2022-10-31,10988.1504
NASDAQ,2022-11-30,11468
NASDAQ,2022-12-30,10466.4805
NASDAQ,2023-01-31,11584.5498
NASDAQ,2023-02-28,11455.54
NASDAQ,2023-03-31,12221.9102
NASDAQ,2023-04-28,12226.5801
NASDAQ,2023-05-31,12935.29
NASDAQ,2023-06-30,13787.9199
NASDAQ,2023-07-31,14346.0195
NASDAQ,2023-08-31,14034.9697
NASDAQ,2023-09-29,13219.3203
NASDAQ,2023-10-31,12851.2402
NASDAQ,2023-11-30,14226.2197
NASDAQ,2023-12-29,15011.3496
NASDAQ,2024-01-31,15164.0098
NASDAQ,2024-02-29,16091.9199
NASDAQ,2024-03-28,16379.46
NASDAQ,2024-04-30,15657.8203
NASDAQ,2024-05-31,16735.0195
NASDAQ,2024-06-28,17732.5996
NASDAQ,2024-07-31,17599.4004
NASDAQ,2024-08-30,17713.6191
NASDAQ,2024-09-30,18189.1699
NASDAQ,2024-10-31,18095.1504
NASDAQ,2024-11-29,19218.1699
NASDAQ,2024-12-31,19310.7891
NASDAQ,2025-01-31,19627.4395
NASDAQ,2025-02-28,18847.2793
NASDAQ,2025-03-31,17299.2891
NASDAQ,2025-04-30,17446.3398
NASDAQ,2025-05-30,19113.7695
NASDAQ,2025-06-30,20369.7305
NASDAQ,2025-07-31,21122.4492
NASDAQ,2025-08-29,21455.5508
NASDAQ,2025-09-30,22660.0098
NASDAQ,2025-10-31,23724.9609
NASDAQ,2025-11-28,23365.6895
NASDAQ,2025-12-31,23241.9902
NASDAQ,2026-01-30,23461.8203
NASDAQ,2026-02-27,22668.2109
NASDAQ,2026-03-31,21590.6309
NASDAQ,2026-04-30,24892.3105
NASDAQ,2026-05-29,26972.6191
NASDAQ,2026-06-30,26213.7207
NASDAQ,2026-07-28,24876.9102
Natural Gas,2000-08-31,4.78
Natural Gas,2000-09-29,5.2
Natural Gas,2000-10-31,4.5
Natural Gas,2000-11-30,6.58
Natural Gas,2000-12-29,9.775
Natural Gas,2001-01-31,5.65
Natural Gas,2001-02-28,5.245
Natural Gas,2001-03-30,5.03
Natural Gas,2001-04-30,4.695
Natural Gas,2001-05-31,3.914
Natural Gas,2001-06-29,3.096
Natural Gas,2001-07-31,3.296
Natural Gas,2001-08-31,2.38
Natural Gas,2001-09-28,2.244
Natural Gas,2001-10-31,3.291
Natural Gas,2001-11-30,2.701
Natural Gas,2001-12-31,2.57
Natural Gas,2002-01-31,2.15
Natural Gas,2002-02-28,2.355
Natural Gas,2002-03-28,3.245
Natural Gas,2002-04-30,3.765
Natural Gas,2002-05-31,3.217
Natural Gas,2002-06-28,3.245
Natural Gas,2002-07-31,2.954
Natural Gas,2002-08-30,3.296
Natural Gas,2002-09-30,4.14
Natural Gas,2002-10-31,4.156
Natural Gas,2002-11-27,4.2
Natural Gas,2002-12-31,4.789
Natural Gas,2003-01-31,5.605
Natural Gas,2003-02-28,8.101
Natural Gas,2003-03-31,5.06
Natural Gas,2003-04-30,5.385
Natural Gas,2003-05-30,6.25
Natural Gas,2003-06-30,5.411
Natural Gas,2003-07-31,4.718
Natural Gas,2003-08-29,4.731
Natural Gas,2003-09-30,4.83
Natural Gas,2003-10-31,4.893
Natural Gas,2003-11-26,4.925
Natural Gas,2003-12-31,6.189
Natural Gas,2004-01-30,5.397
Natural Gas,2004-02-27,5.416
Natural Gas,2004-03-31,5.933
Natural Gas,2004-04-30,5.862
Natural Gas,2004-05-28,6.442
Natural Gas,2004-06-30,6.155
Natural Gas,2004-07-30,6.112
Natural Gas,2004-08-31,5.074
Natural Gas,2004-09-30,6.795
Natural Gas,2004-10-29,8.725
Natural Gas,2004-11-30,7.62
Natural Gas,2004-12-30,6.149
Natural Gas,2005-01-31,6.321
Natural Gas,2005-02-28,6.73
Natural Gas,2005-03-31,7.653
Natural Gas,2005-04-29,6.585
Natural Gas,2005-05-31,6.379
Natural Gas,2005-06-30,6.981
Natural Gas,2005-07-29,7.885
Natural Gas,2005-08-31,11.472
Natural Gas,2005-09-30,13.921
Natural Gas,2005-10-31,12.205
Natural Gas,2005-11-30,12.63
Natural Gas,2005-12-30,11.225
Natural Gas,2006-01-31,9.316
Natural Gas,2006-02-28,6.714
Natural Gas,2006-03-31,7.21
Natural Gas,2006-04-28,6.555
Natural Gas,2006-05-31,6.384
Natural Gas,2006-06-30,6.085
Natural Gas,2006-07-31,8.211
Natural Gas,2006-08-31,6.048
Natural Gas,2006-09-29,5.62
Natural Gas,2006-10-31,7.534
Natural Gas,2006-11-30,8.844
Natural Gas,2006-12-29,6.299
Natural Gas,2007-01-31,7.667
Natural Gas,2007-02-28,7.3
Natural Gas,2007-03-30,7.73
Natural Gas,2007-04-30,7.863
Natural Gas,2007-05-31,7.935
Natural Gas,2007-06-29,6.773
Natural Gas,2007-07-31,6.191
Natural Gas,2007-08-31,5.468
Natural Gas,2007-09-28,6.87
Natural Gas,2007-10-31,8.33
Natural Gas,2007-11-30,7.302
Natural Gas,2007-12-31,7.483
Natural Gas,2008-01-31,8.074
Natural Gas,2008-02-29,9.366
Natural Gas,2008-03-31,10.101
Natural Gas,2008-04-30,10.843
Natural Gas,2008-05-30,11.703
Natural Gas,2008-06-30,13.353
Natural Gas,2008-07-31,9.119
Natural Gas,2008-08-29,7.943
Natural Gas,2008-09-30,7.438
Natural Gas,2008-10-31,6.783
Natural Gas,2008-11-28,6.51
Natural Gas,2008-12-31,5.622
Natural Gas,2009-01-30,4.417
Natural Gas,2009-02-27,4.198
Natural Gas,2009-03-31,3.776
Natural Gas,2009-04-30,3.373
Natural Gas,2009-05-29,3.835
Natural Gas,2009-06-30,3.835
Natural Gas,2009-07-31,3.653
Natural Gas,2009-08-31,2.977
Natural Gas,2009-09-30,4.841
Natural Gas,2009-10-30,5.045
Natural Gas,2009-11-30,4.848
Natural Gas,2009-12-31,5.572
Natural Gas,2010-01-29,5.131
Natural Gas,2010-02-26,4.813
Natural Gas,2010-03-31,3.869
Natural Gas,2010-04-30,3.92
Natural Gas,2010-05-28,4.341
Natural Gas,2010-06-30,4.616
Natural Gas,2010-07-30,4.923
Natural Gas,2010-08-31,3.816
Natural Gas,2010-09-30,3.872
Natural Gas,2010-10-29,4.038
Natural Gas,2010-11-30,4.18
Natural Gas,2010-12-31,4.405
Natural Gas,2011-01-31,4.42
Natural Gas,2011-02-28,4.037
Natural Gas,2011-03-31,4.389
Natural Gas,2011-04-29,4.698
Natural Gas,2011-05-31,4.666
Natural Gas,2011-06-30,4.374
Natural Gas,2011-07-29,4.145
Natural Gas,2011-08-31,4.054
Natural Gas,2011-09-30,3.666
Natural Gas,2011-10-31,3.934
Natural Gas,2011-11-30,3.55
Natural Gas,2011-12-30,2.989
Natural Gas,2012-01-31,2.503
Natural Gas,2012-02-29,2.616
Natural Gas,2012-03-30,2.126
Natural Gas,2012-04-30,2.285
Natural Gas,2012-05-31,2.422
Natural Gas,2012-06-29,2.824
Natural Gas,2012-07-31,3.209
Natural Gas,2012-08-31,2.799
Natural Gas,2012-09-28,3.32
Natural Gas,2012-10-31,3.692
Natural Gas,2012-11-30,3.561
Natural Gas,2012-12-31,3.351
Natural Gas,2013-01-31,3.339
Natural Gas,2013-02-28,3.486
Natural Gas,2013-03-28,4.024
Natural Gas,2013-04-30,4.343
Natural Gas,2013-05-31,3.984
Natural Gas,2013-06-28,3.565
Natural Gas,2013-07-31,3.446
Natural Gas,2013-08-30,3.581
Natural Gas,2013-09-30,3.56
Natural Gas,2013-10-31,3.581
Natural Gas,2013-11-29,3.954
Natural Gas,2013-12-31,4.23
Natural Gas,2014-01-31,4.943
Natural Gas,2014-02-28,4.609
Natural Gas,2014-03-31,4.371
Natural Gas,2014-04-30,4.815
Natural Gas,2014-05-30,4.542
Natural Gas,2014-06-30,4.461
Natural Gas,2014-07-31,3.841
Natural Gas,2014-08-29,4.065
Natural Gas,2014-09-30,4.121
Natural Gas,2014-10-31,3.873
Natural Gas,2014-11-28,4.088
Natural Gas,2014-12-31,2.889
Natural Gas,2015-01-30,2.691
Natural Gas,2015-02-27,2.734
Natural Gas,2015-03-31,2.64
Natural Gas,2015-04-30,2.751
Natural Gas,2015-05-29,2.642
Natural Gas,2015-06-30,2.832
Natural Gas,2015-07-31,2.716
Natural Gas,2015-08-31,2.689
Natural Gas,2015-09-30,2.524
Natural Gas,2015-10-30,2.321
Natural Gas,2015-11-30,2.235
Natural Gas,2015-12-31,2.337
Natural Gas,2016-01-29,2.298
Natural Gas,2016-02-29,1.711
Natural Gas,2016-03-31,1.959
Natural Gas,2016-04-29,2.178
Natural Gas,2016-05-31,2.288
Natural Gas,2016-06-30,2.924
Natural Gas,2016-07-29,2.876
Natural Gas,2016-08-31,2.887
Natural Gas,2016-09-30,2.906
Natural Gas,2016-10-31,3.026
Natural Gas,2016-11-30,3.352
Natural Gas,2016-12-30,3.724
Natural Gas,2017-01-31,3.117
Natural Gas,2017-02-28,2.774
Natural Gas,2017-03-31,3.19
Natural Gas,2017-04-28,3.276
Natural Gas,2017-05-31,3.071
Natural Gas,2017-06-30,3.035
Natural Gas,2017-07-31,2.794
Natural Gas,2017-08-31,3.04
Natural Gas,2017-09-29,3.007
Natural Gas,2017-10-31,2.896
Natural Gas,2017-11-30,3.025
Natural Gas,2017-12-29,2.953
Natural Gas,2018-01-31,2.995
Natural Gas,2018-02-28,2.667
Natural Gas,2018-03-29,2.733
Natural Gas,2018-04-30,2.763
Natural Gas,2018-05-31,2.952
Natural Gas,2018-06-29,2.924
Natural Gas,2018-07-31,2.782
Natural Gas,2018-08-31,2.916
Natural Gas,2018-09-28,3.008
Natural Gas,2018-10-31,3.261
Natural Gas,2018-11-30,4.612
Natural Gas,2018-12-31,2.94
Natural Gas,2019-01-31,2.814
Natural Gas,2019-02-28,2.812
Natural Gas,2019-03-29,2.662
Natural Gas,2019-04-30,2.575
Natural Gas,2019-05-31,2.454
Natural Gas,2019-06-28,2.308
Natural Gas,2019-07-31,2.233
Natural Gas,2019-08-30,2.285
Natural Gas,2019-09-30,2.33
Natural Gas,2019-10-31,2.633
Natural Gas,2019-11-29,2.281
Natural Gas,2019-12-31,2.189
Natural Gas,2020-01-31,1.841
Natural Gas,2020-02-28,1.684
Natural Gas,2020-03-31,1.64
Natural Gas,2020-04-30,1.949
Natural Gas,2020-05-29,1.849
Natural Gas,2020-06-30,1.751
Natural Gas,2020-07-31,1.799
Natural Gas,2020-08-31,2.63
Natural Gas,2020-09-30,2.527
Natural Gas,2020-10-30,3.354
Natural Gas,2020-11-30,2.882
Natural Gas,2020-12-31,2.539
Natural Gas,2021-01-29,2.564
Natural Gas,2021-02-26,2.771
Natural Gas,2021-03-31,2.608
Natural Gas,2021-04-30,2.931
Natural Gas,2021-05-28,2.986
Natural Gas,2021-06-30,3.65
Natural Gas,2021-07-30,3.914
Natural Gas,2021-08-31,4.377
Natural Gas,2021-09-30,5.867
Natural Gas,2021-10-29,5.426
Natural Gas,2021-11-30,4.567
Natural Gas,2021-12-31,3.73
Natural Gas,2022-01-31,4.874
Natural Gas,2022-02-28,4.402
Natural Gas,2022-03-31,5.642
Natural Gas,2022-04-29,7.244
Natural Gas,2022-05-31,8.145
Natural Gas,2022-06-30,5.424
Natural Gas,2022-07-29,8.229
Natural Gas,2022-08-31,9.127
Natural Gas,2022-09-30,6.766
Natural Gas,2022-10-31,6.355
Natural Gas,2022-11-30,6.93
Natural Gas,2022-12-30,4.475
Natural Gas,2023-01-31,2.684
Natural Gas,2023-02-28,2.747
Natural Gas,2023-03-31,2.216
Natural Gas,2023-04-28,2.41
Natural Gas,2023-05-31,2.266
Natural Gas,2023-06-30,2.798
Natural Gas,2023-07-31,2.634
Natural Gas,2023-08-31,2.768
Natural Gas,2023-09-29,2.929
Natural Gas,2023-10-31,3.575
Natural Gas,2023-11-30,2.802
Natural Gas,2023-12-29,2.514
Natural Gas,2024-01-31,2.1
Natural Gas,2024-02-29,1.86
Natural Gas,2024-03-28,1.763
Natural Gas,2024-04-30,1.991
Natural Gas,2024-05-31,2.587
Natural Gas,2024-06-28,2.601
Natural Gas,2024-07-31,2.036
Natural Gas,2024-08-30,2.127
Natural Gas,2024-09-30,2.923
Natural Gas,2024-10-31,2.707
Natural Gas,2024-11-29,3.363
Natural Gas,2024-12-31,3.633
Natural Gas,2025-01-31,3.044
Natural Gas,2025-02-28,3.834
Natural Gas,2025-03-31,4.119
Natural Gas,2025-04-30,3.326
Natural Gas,2025-05-30,3.447
Natural Gas,2025-06-30,3.456
Natural Gas,2025-07-31,3.106
Natural Gas,2025-08-29,2.997
Natural Gas,2025-09-30,3.303
Natural Gas,2025-10-31,4.124
Natural Gas,2025-11-28,4.85
Natural Gas,2025-12-31,3.686
Natural Gas,2026-01-30,4.354
Natural Gas,2026-02-27,2.859
Natural Gas,2026-03-31,2.884
Natural Gas,2026-04-30,2.767
Natural Gas,2026-05-29,3.29
Natural Gas,2026-06-30,3.275
Natural Gas,2026-07-29,2.674
RUSSELL 2000,1990-01-31,153.27
RUSSELL 2000,1990-02-28,157.72
RUSSELL 2000,1990-03-30,163.63
RUSSELL 2000,1990-04-30,158.09
RUSSELL 2000,1990-05-31,168.91
RUSSELL 2000,1990-06-29,169.12
RUSSELL 2000,1990-07-31,161.51
RUSSELL 2000,1990-08-31,139.51
RUSSELL 2000,1990-09-28,126.7
RUSSELL 2000,1990-10-31,118.83
RUSSELL 2000,1990-11-30,127.51
RUSSELL 2000,1990-12-31,132.2
RUSSELL 2000,1991-01-31,144.17
RUSSELL 2000,1991-02-28,160
RUSSELL 2000,1991-03-28,171.01
RUSSELL 2000,1991-04-30,170.61
RUSSELL 2000,1991-05-31,178.34
RUSSELL 2000,1991-06-28,167.61
RUSSELL 2000,1991-07-31,172.76
RUSSELL 2000,1991-08-30,179.11
RUSSELL 2000,1991-09-30,180.16
RUSSELL 2000,1991-10-31,185
RUSSELL 2000,1991-11-29,176.37
RUSSELL 2000,1991-12-31,189.94
RUSSELL 2000,1992-01-31,205.16
RUSSELL 2000,1992-02-28,211.15
RUSSELL 2000,1992-03-31,203.7
RUSSELL 2000,1992-04-30,196.26
RUSSELL 2000,1992-05-29,198.52
RUSSELL 2000,1992-06-30,188.58
RUSSELL 2000,1992-07-31,194.74
RUSSELL 2000,1992-08-31,188.79
RUSSELL 2000,1992-09-30,192.91
RUSSELL 2000,1992-10-30,198.91
RUSSELL 2000,1992-11-30,213.81
RUSSELL 2000,1992-12-31,221.01
RUSSELL 2000,1993-01-29,228.1
RUSSELL 2000,1993-02-26,222.41
RUSSELL 2000,1993-03-31,229.21
RUSSELL 2000,1993-04-30,222.68
RUSSELL 2000,1993-05-28,232.19
RUSSELL 2000,1993-06-30,233.35
RUSSELL 2000,1993-07-30,236.46
RUSSELL 2000,1993-08-31,246.17
RUSSELL 2000,1993-09-30,252.95
RUSSELL 2000,1993-10-29,259.18
RUSSELL 2000,1993-11-30,250.41
RUSSELL 2000,1993-12-31,258.59
RUSSELL 2000,1994-01-31,266.52
RUSSELL 2000,1994-02-28,265.53
RUSSELL 2000,1994-03-31,251.06
RUSSELL 2000,1994-04-29,252.55
RUSSELL 2000,1994-05-31,249.28
RUSSELL 2000,1994-06-30,240.29
RUSSELL 2000,1994-07-29,244.06
RUSSELL 2000,1994-08-31,257.32
RUSSELL 2000,1994-09-30,256.12
RUSSELL 2000,1994-10-31,255.02
RUSSELL 2000,1994-11-30,244.25
RUSSELL 2000,1994-12-30,250.36
RUSSELL 2000,1995-01-31,246.85
RUSSELL 2000,1995-02-28,256.57
RUSSELL 2000,1995-03-31,260.77
RUSSELL 2000,1995-04-28,266.17
RUSSELL 2000,1995-05-31,270.25
RUSSELL 2000,1995-06-30,283.63
RUSSELL 2000,1995-07-31,299.72
RUSSELL 2000,1995-08-31,305.31
RUSSELL 2000,1995-09-29,310.38
RUSSELL 2000,1995-10-31,296.25
RUSSELL 2000,1995-11-30,308.58
RUSSELL 2000,1995-12-29,315.97
RUSSELL 2000,1996-01-31,315.38
RUSSELL 2000,1996-02-29,324.93
RUSSELL 2000,1996-03-29,330.77
RUSSELL 2000,1996-04-30,348.28
RUSSELL 2000,1996-05-31,361.85
RUSSELL 2000,1996-06-28,346.61
RUSSELL 2000,1996-07-31,316
RUSSELL 2000,1996-08-30,333.88
RUSSELL 2000,1996-09-30,346.39
RUSSELL 2000,1996-10-31,340.57
RUSSELL 2000,1996-11-29,354.11
RUSSELL 2000,1996-12-31,362.61
RUSSELL 2000,1997-01-31,369.45
RUSSELL 2000,1997-02-28,360.05
RUSSELL 2000,1997-03-31,342.56
RUSSELL 2000,1997-04-30,343
RUSSELL 2000,1997-05-30,380.76
RUSSELL 2000,1997-06-30,396.37
RUSSELL 2000,1997-07-31,414.48
RUSSELL 2000,1997-08-29,423.43
RUSSELL 2000,1997-09-30,453.82
RUSSELL 2000,1997-10-31,433.26
RUSSELL 2000,1997-11-28,429.92
RUSSELL 2000,1997-12-31,437.02
RUSSELL 2000,1998-01-30,430.05
RUSSELL 2000,1998-02-27,461.83
RUSSELL 2000,1998-03-31,480.68
RUSSELL 2000,1998-04-30,482.89
RUSSELL 2000,1998-05-29,456.62
RUSSELL 2000,1998-06-30,457.39
RUSSELL 2000,1998-07-31,419.75
RUSSELL 2000,1998-08-31,337.95
RUSSELL 2000,1998-09-30,363.59
RUSSELL 2000,1998-10-30,378.16
RUSSELL 2000,1998-11-30,397.75
RUSSELL 2000,1998-12-31,421.96
RUSSELL 2000,1999-01-29,427.22
RUSSELL 2000,1999-02-26,392.26
RUSSELL 2000,1999-03-31,397.63
RUSSELL 2000,1999-04-30,432.81
RUSSELL 2000,1999-05-28,438.68
RUSSELL 2000,1999-06-30,457.68
RUSSELL 2000,1999-07-30,444.77
RUSSELL 2000,1999-08-31,427.83
RUSSELL 2000,1999-09-30,427.3
RUSSELL 2000,1999-10-29,428.64
RUSSELL 2000,1999-11-30,454.08
RUSSELL 2000,1999-12-31,504.75
RUSSELL 2000,2000-01-31,496.23
RUSSELL 2000,2000-02-29,577.71
RUSSELL 2000,2000-03-31,539.09
RUSSELL 2000,2000-04-28,506.25
RUSSELL 2000,2000-05-31,476.18
RUSSELL 2000,2000-06-30,517.23
RUSSELL 2000,2000-07-31,500.64
RUSSELL 2000,2000-08-31,537.89
RUSSELL 2000,2000-09-29,521.37
RUSSELL 2000,2000-10-31,497.68
RUSSELL 2000,2000-11-30,445.94
RUSSELL 2000,2000-12-29,483.53
RUSSELL 2000,2001-01-31,508.34
RUSSELL 2000,2001-02-28,474.37
RUSSELL 2000,2001-03-30,450.53
RUSSELL 2000,2001-04-30,485.32
RUSSELL 2000,2001-05-31,496.5
RUSSELL 2000,2001-06-29,512.64
RUSSELL 2000,2001-07-31,484.78
RUSSELL 2000,2001-08-31,468.56
RUSSELL 2000,2001-09-28,404.87
RUSSELL 2000,2001-10-31,428.17
RUSSELL 2000,2001-11-30,460.78
RUSSELL 2000,2001-12-31,488.5
RUSSELL 2000,2002-01-31,483.1
RUSSELL 2000,2002-02-28,469.36
RUSSELL 2000,2002-03-28,506.46
RUSSELL 2000,2002-04-30,510.67
RUSSELL 2000,2002-05-31,487.47
RUSSELL 2000,2002-06-28,462.64
RUSSELL 2000,2002-07-31,392.42
RUSSELL 2000,2002-08-30,390.96
RUSSELL 2000,2002-09-30,362.27
RUSSELL 2000,2002-10-31,373.5
RUSSELL 2000,2002-11-29,406.35
RUSSELL 2000,2002-12-31,383.09
RUSSELL 2000,2003-01-31,372.17
RUSSELL 2000,2003-02-28,360.52
RUSSELL 2000,2003-03-31,364.54
RUSSELL 2000,2003-04-30,398.68
RUSSELL 2000,2003-05-30,441
RUSSELL 2000,2003-06-30,448.37
RUSSELL 2000,2003-07-31,476.02
RUSSELL 2000,2003-08-29,497.42
RUSSELL 2000,2003-09-30,487.68
RUSSELL 2000,2003-10-31,528.22
RUSSELL 2000,2003-11-28,546.51
RUSSELL 2000,2003-12-31,556.91
RUSSELL 2000,2004-01-30,580.76
RUSSELL 2000,2004-02-27,585.56
RUSSELL 2000,2004-03-31,590.31
RUSSELL 2000,2004-04-30,559.8
RUSSELL 2000,2004-05-28,568.28
RUSSELL 2000,2004-06-30,591.52
RUSSELL 2000,2004-07-30,551.29
RUSSELL 2000,2004-08-31,547.93
RUSSELL 2000,2004-09-30,572.94
RUSSELL 2000,2004-10-29,583.79
RUSSELL 2000,2004-11-30,633.77
RUSSELL 2000,2004-12-31,651.57
RUSSELL 2000,2005-01-31,624.02
RUSSELL 2000,2005-02-28,634.06
RUSSELL 2000,2005-03-31,615.07
RUSSELL 2000,2005-04-29,579.38
RUSSELL 2000,2005-05-31,616.71
RUSSELL 2000,2005-06-30,639.66
RUSSELL 2000,2005-07-29,679.75
RUSSELL 2000,2005-08-31,666.51
RUSSELL 2000,2005-09-30,667.8
RUSSELL 2000,2005-10-31,646.61
RUSSELL 2000,2005-11-30,677.29
RUSSELL 2000,2005-12-30,673.22
RUSSELL 2000,2006-01-31,733.2
RUSSELL 2000,2006-02-28,730.64
RUSSELL 2000,2006-03-31,765.14
RUSSELL 2000,2006-04-28,764.54
RUSSELL 2000,2006-05-31,721.01
RUSSELL 2000,2006-06-30,724.67
RUSSELL 2000,2006-07-31,700.56
RUSSELL 2000,2006-08-31,720.53
RUSSELL 2000,2006-09-29,725.59
RUSSELL 2000,2006-10-31,766.84
RUSSELL 2000,2006-11-30,786.12
RUSSELL 2000,2006-12-29,787.66
RUSSELL 2000,2007-01-31,800.34
RUSSELL 2000,2007-02-28,793.3
RUSSELL 2000,2007-03-30,800.71
RUSSELL 2000,2007-04-30,814.57
RUSSELL 2000,2007-05-31,847.18
RUSSELL 2000,2007-06-29,833.7
RUSSELL 2000,2007-07-31,776.12
RUSSELL 2000,2007-08-31,792.86
RUSSELL 2000,2007-09-28,805.45
RUSSELL 2000,2007-10-31,828.02
RUSSELL 2000,2007-11-30,767.77
RUSSELL 2000,2007-12-31,766.03
RUSSELL 2000,2008-01-31,713.3
RUSSELL 2000,2008-02-29,686.18
RUSSELL 2000,2008-03-31,687.97
RUSSELL 2000,2008-04-30,716.18
RUSSELL 2000,2008-05-30,748.28
RUSSELL 2000,2008-06-30,689.66
RUSSELL 2000,2008-07-31,714.52
RUSSELL 2000,2008-08-29,739.5
RUSSELL 2000,2008-09-30,679.58
RUSSELL 2000,2008-10-31,537.52
RUSSELL 2000,2008-11-28,473.14
RUSSELL 2000,2008-12-31,499.45
RUSSELL 2000,2009-01-30,443.53
RUSSELL 2000,2009-02-27,389.02
RUSSELL 2000,2009-03-31,422.75
RUSSELL 2000,2009-04-30,487.56
RUSSELL 2000,2009-05-29,501.58
RUSSELL 2000,2009-06-30,508.28
RUSSELL 2000,2009-07-31,556.71
RUSSELL 2000,2009-08-31,572.07
RUSSELL 2000,2009-09-30,604.28
RUSSELL 2000,2009-10-30,562.77
RUSSELL 2000,2009-11-30,579.73
RUSSELL 2000,2009-12-31,625.39
RUSSELL 2000,2010-01-29,602.04
RUSSELL 2000,2010-02-26,628.56
RUSSELL 2000,2010-03-31,678.64
RUSSELL 2000,2010-04-30,716.6
RUSSELL 2000,2010-05-28,661.61
RUSSELL 2000,2010-06-30,609.49
RUSSELL 2000,2010-07-30,650.89
RUSSELL 2000,2010-08-31,602.06
RUSSELL 2000,2010-09-30,676.14
RUSSELL 2000,2010-10-29,703.35
RUSSELL 2000,2010-11-30,727.01
RUSSELL 2000,2010-12-31,783.65
RUSSELL 2000,2011-01-31,781.25
RUSSELL 2000,2011-02-28,823.45
RUSSELL 2000,2011-03-31,843.55
RUSSELL 2000,2011-04-29,865.29
RUSSELL 2000,2011-05-31,848.3
RUSSELL 2000,2011-06-30,827.43
RUSSELL 2000,2011-07-29,797.03
RUSSELL 2000,2011-08-31,726.81
RUSSELL 2000,2011-09-30,644.16
RUSSELL 2000,2011-10-31,741.06
RUSSELL 2000,2011-11-30,737.42
RUSSELL 2000,2011-12-30,740.92
RUSSELL 2000,2012-01-31,792.82
RUSSELL 2000,2012-02-29,810.94
RUSSELL 2000,2012-03-30,830.3
RUSSELL 2000,2012-04-30,816.88
RUSSELL 2000,2012-05-31,761.82
RUSSELL 2000,2012-06-29,798.49
RUSSELL 2000,2012-07-31,786.94
RUSSELL 2000,2012-08-31,812.09
RUSSELL 2000,2012-09-28,837.45
RUSSELL 2000,2012-10-31,818.73
RUSSELL 2000,2012-11-30,821.92
RUSSELL 2000,2012-12-31,849.35
RUSSELL 2000,2013-01-31,902.09
RUSSELL 2000,2013-02-28,911.11
RUSSELL 2000,2013-03-28,951.54
RUSSELL 2000,2013-04-30,947.46
RUSSELL 2000,2013-05-31,984.15
RUSSELL 2000,2013-06-28,977.48
RUSSELL 2000,2013-07-31,1045.26
RUSSELL 2000,2013-08-30,1010.9
RUSSELL 2000,2013-09-30,1073.79
RUSSELL 2000,2013-10-31,1100.15
RUSSELL 2000,2013-11-29,1142.89
RUSSELL 2000,2013-12-31,1163.64
RUSSELL 2000,2014-01-31,1130.88
RUSSELL 2000,2014-02-28,1183.03
RUSSELL 2000,2014-03-31,1173.04
RUSSELL 2000,2014-04-30,1126.86
RUSSELL 2000,2014-05-30,1134.5
RUSSELL 2000,2014-06-30,1192.96
RUSSELL 2000,2014-07-31,1120.0699
RUSSELL 2000,2014-08-29,1174.35
RUSSELL 2000,2014-09-30,1101.6801
RUSSELL 2000,2014-10-31,1173.51
RUSSELL 2000,2014-11-28,1173.23
RUSSELL 2000,2014-12-31,1204.7
RUSSELL 2000,2015-01-30,1165.39
RUSSELL 2000,2015-02-27,1233.37
RUSSELL 2000,2015-03-31,1252.77
RUSSELL 2000,2015-04-30,1220.13
RUSSELL 2000,2015-05-29,1246.53
RUSSELL 2000,2015-06-30,1253.95
RUSSELL 2000,2015-07-31,1238.6801
RUSSELL 2000,2015-08-31,1159.45
RUSSELL 2000,2015-09-30,1100.6899
RUSSELL 2000,2015-10-30,1161.86
RUSSELL 2000,2015-11-30,1198.11
RUSSELL 2000,2015-12-31,1135.89
RUSSELL 2000,2016-01-29,1035.38
RUSSELL 2000,2016-02-29,1033.9
RUSSELL 2000,2016-03-31,1114.03
RUSSELL 2000,2016-04-29,1130.85
RUSSELL 2000,2016-05-31,1154.79
RUSSELL 2000,2016-06-30,1151.92
RUSSELL 2000,2016-07-29,1219.9399
RUSSELL 2000,2016-08-31,1239.91
RUSSELL 2000,2016-09-30,1251.65
RUSSELL 2000,2016-10-31,1191.39
RUSSELL 2000,2016-11-30,1322.34
RUSSELL 2000,2016-12-30,1357.13
RUSSELL 2000,2017-01-31,1361.8199
RUSSELL 2000,2017-02-28,1386.6801
RUSSELL 2000,2017-03-31,1385.92
RUSSELL 2000,2017-04-28,1400.4301
RUSSELL 2000,2017-05-31,1370.21
RUSSELL 2000,2017-06-30,1415.36
RUSSELL 2000,2017-07-31,1425.14
RUSSELL 2000,2017-08-31,1405.28
RUSSELL 2000,2017-09-29,1490.86
RUSSELL 2000,2017-10-31,1502.53
RUSSELL 2000,2017-11-30,1544.14
RUSSELL 2000,2017-12-29,1535.51
RUSSELL 2000,2018-01-31,1574.98
RUSSELL 2000,2018-02-28,1512.45
RUSSELL 2000,2018-03-29,1529.4301
RUSSELL 2000,2018-04-30,1541.88
RUSSELL 2000,2018-05-31,1633.61
RUSSELL 2000,2018-06-29,1643.0699
RUSSELL 2000,2018-07-31,1670.8
RUSSELL 2000,2018-08-31,1740.75
RUSSELL 2000,2018-09-28,1696.5699
RUSSELL 2000,2018-10-31,1511.41
RUSSELL 2000,2018-11-30,1533.27
RUSSELL 2000,2018-12-31,1348.5601
RUSSELL 2000,2019-01-31,1499.42
RUSSELL 2000,2019-02-28,1575.55
RUSSELL 2000,2019-03-29,1539.74
RUSSELL 2000,2019-04-30,1591.21
RUSSELL 2000,2019-05-31,1465.49
RUSSELL 2000,2019-06-28,1566.5699
RUSSELL 2000,2019-07-31,1574.61
RUSSELL 2000,2019-08-30,1494.84
RUSSELL 2000,2019-09-30,1523.37
RUSSELL 2000,2019-10-31,1562.45
RUSSELL 2000,2019-11-29,1624.5
RUSSELL 2000,2019-12-31,1668.47
RUSSELL 2000,2020-01-31,1614.0601
RUSSELL 2000,2020-02-28,1476.4301
RUSSELL 2000,2020-03-31,1153.1
RUSSELL 2000,2020-04-30,1310.66
RUSSELL 2000,2020-05-29,1394.04
RUSSELL 2000,2020-06-30,1441.37
RUSSELL 2000,2020-07-31,1480.4301
RUSSELL 2000,2020-08-31,1561.88
RUSSELL 2000,2020-09-30,1507.6899
RUSSELL 2000,2020-10-30,1538.48
RUSSELL 2000,2020-11-30,1819.8199
RUSSELL 2000,2020-12-31,1974.86
RUSSELL 2000,2021-01-29,2073.6399
RUSSELL 2000,2021-02-26,2201.05
RUSSELL 2000,2021-03-31,2220.52
RUSSELL 2000,2021-04-30,2266.45
RUSSELL 2000,2021-05-28,2268.97
RUSSELL 2000,2021-06-30,2310.55
RUSSELL 2000,2021-07-30,2226.25
RUSSELL 2000,2021-08-31,2273.77
RUSSELL 2000,2021-09-30,2204.3701
RUSSELL 2000,2021-10-29,2297.1899
RUSSELL 2000,2021-11-30,2198.9099
RUSSELL 2000,2021-12-31,2245.3101
RUSSELL 2000,2022-01-31,2028.45
RUSSELL 2000,2022-02-28,2048.0901
RUSSELL 2000,2022-03-31,2070.1299
RUSSELL 2000,2022-04-29,1864.1
RUSSELL 2000,2022-05-31,1864.04
RUSSELL 2000,2022-06-30,1707.99
RUSSELL 2000,2022-07-29,1885.23
RUSSELL 2000,2022-08-31,1844.12
RUSSELL 2000,2022-09-30,1664.72
RUSSELL 2000,2022-10-31,1846.86
RUSSELL 2000,2022-11-30,1886.58
RUSSELL 2000,2022-12-30,1761.25
RUSSELL 2000,2023-01-31,1931.9399
RUSSELL 2000,2023-02-28,1896.99
RUSSELL 2000,2023-03-31,1802.48
RUSSELL 2000,2023-04-28,1768.99
RUSSELL 2000,2023-05-31,1749.65
RUSSELL 2000,2023-06-30,1888.73
RUSSELL 2000,2023-07-31,2003.1801
RUSSELL 2000,2023-08-31,1899.6801
RUSSELL 2000,2023-09-29,1785.1
RUSSELL 2000,2023-10-31,1662.28
RUSSELL 2000,2023-11-30,1809.02
RUSSELL 2000,2023-12-29,2027.0699
RUSSELL 2000,2024-01-31,1947.34
RUSSELL 2000,2024-02-29,2054.8401
RUSSELL 2000,2024-03-28,2124.55
RUSSELL 2000,2024-04-30,1973.91
RUSSELL 2000,2024-05-31,2070.1299
RUSSELL 2000,2024-06-28,2047.6899
RUSSELL 2000,2024-07-31,2254.48
RUSSELL 2000,2024-08-30,2217.6299
RUSSELL 2000,2024-09-30,2229.97
RUSSELL 2000,2024-10-31,2196.6499
RUSSELL 2000,2024-11-29,2434.73
RUSSELL 2000,2024-12-31,2230.1599
RUSSELL 2000,2025-01-31,2287.6899
RUSSELL 2000,2025-02-28,2163.0701
RUSSELL 2000,2025-03-31,2011.91
RUSSELL 2000,2025-04-30,1964.12
RUSSELL 2000,2025-05-30,2066.29
RUSSELL 2000,2025-06-30,2175.04
RUSSELL 2000,2025-07-31,2211.6499
RUSSELL 2000,2025-08-29,2366.4199
RUSSELL 2000,2025-09-30,2436.48
RUSSELL 2000,2025-10-31,2479.3799
RUSSELL 2000,2025-11-28,2500.4299
RUSSELL 2000,2025-12-31,2481.9099
RUSSELL 2000,2026-01-30,2613.74
RUSSELL 2000,2026-02-27,2632.3601
RUSSELL 2000,2026-03-31,2496.3701
RUSSELL 2000,2026-04-30,2799.9099
RUSSELL 2000,2026-05-29,2919.3401
RUSSELL 2000,2026-06-30,3024.3701
RUSSELL 2000,2026-07-28,2953.8
S&P 500,1990-01-31,329.08
S&P 500,1990-02-28,331.89
S&P 500,1990-03-30,339.94
S&P 500,1990-04-30,330.8
S&P 500,1990-05-31,361.23
S&P 500,1990-06-29,358.02
S&P 500,1990-07-31,356.15
S&P 500,1990-08-31,322.56
S&P 500,1990-09-28,306.05
S&P 500,1990-10-31,304
S&P 500,1990-11-30,322.22
S&P 500,1990-12-31,330.22
S&P 500,1991-01-31,343.93
S&P 500,1991-02-28,367.07
S&P 500,1991-03-28,375.22
S&P 500,1991-04-30,375.34
S&P 500,1991-05-31,389.83
S&P 500,1991-06-28,371.16
S&P 500,1991-07-31,387.81
S&P 500,1991-08-30,395.43
S&P 500,1991-09-30,387.86
S&P 500,1991-10-31,392.45
S&P 500,1991-11-29,375.22
S&P 500,1991-12-31,417.09
S&P 500,1992-01-31,408.78
S&P 500,1992-02-28,412.7
S&P 500,1992-03-31,403.69
S&P 500,1992-04-30,414.95
S&P 500,1992-05-29,415.35
S&P 500,1992-06-30,408.14
S&P 500,1992-07-31,424.21
S&P 500,1992-08-31,414.03
S&P 500,1992-09-30,417.8
S&P 500,1992-10-30,418.68
S&P 500,1992-11-30,431.35
S&P 500,1992-12-31,435.71
S&P 500,1993-01-29,438.78
S&P 500,1993-02-26,443.38
S&P 500,1993-03-31,451.67
S&P 500,1993-04-30,440.19
S&P 500,1993-05-28,450.19
S&P 500,1993-06-30,450.53
S&P 500,1993-07-30,448.13
S&P 500,1993-08-31,463.56
S&P 500,1993-09-30,458.93
S&P 500,1993-10-29,467.83
S&P 500,1993-11-30,461.79
S&P 500,1993-12-31,466.45
S&P 500,1994-01-31,481.61
S&P 500,1994-02-28,467.14
S&P 500,1994-03-31,445.77
S&P 500,1994-04-29,450.91
S&P 500,1994-05-31,456.5
S&P 500,1994-06-30,444.27
S&P 500,1994-07-29,458.26
S&P 500,1994-08-31,475.49
S&P 500,1994-09-30,462.71
S&P 500,1994-10-31,472.35
S&P 500,1994-11-30,453.69
S&P 500,1994-12-30,459.27
S&P 500,1995-01-31,470.42
S&P 500,1995-02-28,487.39
S&P 500,1995-03-31,500.71
S&P 500,1995-04-28,514.71
S&P 500,1995-05-31,533.4
S&P 500,1995-06-30,544.75
S&P 500,1995-07-31,562.06
S&P 500,1995-08-31,561.88
S&P 500,1995-09-29,584.41
S&P 500,1995-10-31,581.5
S&P 500,1995-11-30,605.37
S&P 500,1995-12-29,615.93
S&P 500,1996-01-31,636.02
S&P 500,1996-02-29,640.43
S&P 500,1996-03-29,645.5
S&P 500,1996-04-30,654.17
S&P 500,1996-05-31,669.12
S&P 500,1996-06-28,670.63
S&P 500,1996-07-31,639.95
S&P 500,1996-08-30,651.99
S&P 500,1996-09-30,687.33
S&P 500,1996-10-31,705.27
S&P 500,1996-11-29,757.02
S&P 500,1996-12-31,740.74
S&P 500,1997-01-31,786.16
S&P 500,1997-02-28,790.82
S&P 500,1997-03-31,757.12
S&P 500,1997-04-30,801.34
S&P 500,1997-05-30,848.28
S&P 500,1997-06-30,885.14
S&P 500,1997-07-31,954.31
S&P 500,1997-08-29,899.47
S&P 500,1997-09-30,947.28
S&P 500,1997-10-31,914.62
S&P 500,1997-11-28,955.4
S&P 500,1997-12-31,970.43
S&P 500,1998-01-30,980.28
S&P 500,1998-02-27,1049.34
S&P 500,1998-03-31,1101.75
S&P 500,1998-04-30,1111.75
S&P 500,1998-05-29,1090.8199
S&P 500,1998-06-30,1133.84
S&P 500,1998-07-31,1120.67
S&P 500,1998-08-31,957.28
S&P 500,1998-09-30,1017.01
S&P 500,1998-10-30,1098.67
S&P 500,1998-11-30,1163.63
S&P 500,1998-12-31,1229.23
S&P 500,1999-01-29,1279.64
S&P 500,1999-02-26,1238.33
S&P 500,1999-03-31,1286.37
S&P 500,1999-04-30,1335.1801
S&P 500,1999-05-28,1301.84
S&P 500,1999-06-30,1372.71
S&P 500,1999-07-30,1328.72
S&P 500,1999-08-31,1320.41
S&P 500,1999-09-30,1282.71
S&P 500,1999-10-29,1362.9301
S&P 500,1999-11-30,1388.91
S&P 500,1999-12-31,1469.25
S&P 500,2000-01-31,1394.46
S&P 500,2000-02-29,1366.42
S&P 500,2000-03-31,1498.58
S&P 500,2000-04-28,1452.4301
S&P 500,2000-05-31,1420.6
S&P 500,2000-06-30,1454.6
S&P 500,2000-07-31,1430.83
S&P 500,2000-08-31,1517.6801
S&P 500,2000-09-29,1436.51
S&P 500,2000-10-31,1429.4
S&P 500,2000-11-30,1314.95
S&P 500,2000-12-29,1320.28
S&P 500,2001-01-31,1366.01
S&P 500,2001-02-28,1239.9399
S&P 500,2001-03-30,1160.33
S&P 500,2001-04-30,1249.46
S&P 500,2001-05-31,1255.8199
S&P 500,2001-06-29,1224.38
S&P 500,2001-07-31,1211.23
S&P 500,2001-08-31,1133.58
S&P 500,2001-09-28,1040.9399
S&P 500,2001-10-31,1059.78
S&P 500,2001-11-30,1139.45
S&P 500,2001-12-31,1148.08
S&P 500,2002-01-31,1130.2
S&P 500,2002-02-28,1106.73
S&P 500,2002-03-28,1147.39
S&P 500,2002-04-30,1076.92
S&P 500,2002-05-31,1067.14
S&P 500,2002-06-28,989.82
S&P 500,2002-07-31,911.62
S&P 500,2002-08-30,916.07
S&P 500,2002-09-30,815.28
S&P 500,2002-10-31,885.76
S&P 500,2002-11-29,936.31
S&P 500,2002-12-31,879.82
S&P 500,2003-01-31,855.7
S&P 500,2003-02-28,841.15
S&P 500,2003-03-31,848.18
S&P 500,2003-04-30,916.92
S&P 500,2003-05-30,963.59
S&P 500,2003-06-30,974.5
S&P 500,2003-07-31,990.31
S&P 500,2003-08-29,1008.01
S&P 500,2003-09-30,995.97
S&P 500,2003-10-31,1050.71
S&P 500,2003-11-28,1058.2
S&P 500,2003-12-31,1111.92
S&P 500,2004-01-30,1131.13
S&P 500,2004-02-27,1144.9399
S&P 500,2004-03-31,1126.21
S&P 500,2004-04-30,1107.3
S&P 500,2004-05-28,1120.6801
S&P 500,2004-06-30,1140.84
S&P 500,2004-07-30,1101.72
S&P 500,2004-08-31,1104.24
S&P 500,2004-09-30,1114.58
S&P 500,2004-10-29,1130.2
S&P 500,2004-11-30,1173.8199
S&P 500,2004-12-31,1211.92
S&P 500,2005-01-31,1181.27
S&P 500,2005-02-28,1203.6
S&P 500,2005-03-31,1180.59
S&P 500,2005-04-29,1156.85
S&P 500,2005-05-31,1191.5
S&P 500,2005-06-30,1191.33
S&P 500,2005-07-29,1234.1801
S&P 500,2005-08-31,1220.33
S&P 500,2005-09-30,1228.8101
S&P 500,2005-10-31,1207.01
S&P 500,2005-11-30,1249.48
S&P 500,2005-12-30,1248.29
S&P 500,2006-01-31,1280.08
S&P 500,2006-02-28,1280.66
S&P 500,2006-03-31,1294.87
S&P 500,2006-04-28,1310.61
S&P 500,2006-05-31,1270.09
S&P 500,2006-06-30,1270.2
S&P 500,2006-07-31,1276.66
S&P 500,2006-08-31,1303.8199
S&P 500,2006-09-29,1335.85
S&P 500,2006-10-31,1377.9399
S&P 500,2006-11-30,1400.63
S&P 500,2006-12-29,1418.3
S&P 500,2007-01-31,1438.24
S&P 500,2007-02-28,1406.8199
S&P 500,2007-03-30,1420.86
S&P 500,2007-04-30,1482.37
S&P 500,2007-05-31,1530.62
S&P 500,2007-06-29,1503.35
S&P 500,2007-07-31,1455.27
S&P 500,2007-08-31,1473.99
S&P 500,2007-09-28,1526.75
S&P 500,2007-10-31,1549.38
S&P 500,2007-11-30,1481.14
S&P 500,2007-12-31,1468.36
S&P 500,2008-01-31,1378.55
S&P 500,2008-02-29,1330.63
S&P 500,2008-03-31,1322.7
S&P 500,2008-04-30,1385.59
S&P 500,2008-05-30,1400.38
S&P 500,2008-06-30,1280
S&P 500,2008-07-31,1267.38
S&P 500,2008-08-29,1282.83
S&P 500,2008-09-30,1166.36
S&P 500,2008-10-31,968.75
S&P 500,2008-11-28,896.24
S&P 500,2008-12-31,903.25
S&P 500,2009-01-30,825.88
S&P 500,2009-02-27,735.09
S&P 500,2009-03-31,797.87
S&P 500,2009-04-30,872.81
S&P 500,2009-05-29,919.14
S&P 500,2009-06-30,919.32
S&P 500,2009-07-31,987.48
S&P 500,2009-08-31,1020.62
S&P 500,2009-09-30,1057.08
S&P 500,2009-10-30,1036.1899
S&P 500,2009-11-30,1095.63
S&P 500,2009-12-31,1115.1
S&P 500,2010-01-29,1073.87
S&P 500,2010-02-26,1104.49
S&P 500,2010-03-31,1169.4301
S&P 500,2010-04-30,1186.6899
S&P 500,2010-05-28,1089.41
S&P 500,2010-06-30,1030.71
S&P 500,2010-07-30,1101.6
S&P 500,2010-08-31,1049.33
S&P 500,2010-09-30,1141.2
S&P 500,2010-10-29,1183.26
S&P 500,2010-11-30,1180.55
S&P 500,2010-12-31,1257.64
S&P 500,2011-01-31,1286.12
S&P 500,2011-02-28,1327.22
S&P 500,2011-03-31,1325.83
S&P 500,2011-04-29,1363.61
S&P 500,2011-05-31,1345.2
S&P 500,2011-06-30,1320.64
S&P 500,2011-07-29,1292.28
S&P 500,2011-08-31,1218.89
S&P 500,2011-09-30,1131.42
S&P 500,2011-10-31,1253.3
S&P 500,2011-11-30,1246.96
S&P 500,2011-12-30,1257.6
S&P 500,2012-01-31,1312.41
S&P 500,2012-02-29,1365.6801
S&P 500,2012-03-30,1408.47
S&P 500,2012-04-30,1397.91
S&P 500,2012-05-31,1310.33
S&P 500,2012-06-29,1362.16
S&P 500,2012-07-31,1379.3199
S&P 500,2012-08-31,1406.58
S&P 500,2012-09-28,1440.67
S&P 500,2012-10-31,1412.16
S&P 500,2012-11-30,1416.1801
S&P 500,2012-12-31,1426.1899
S&P 500,2013-01-31,1498.11
S&P 500,2013-02-28,1514.6801
S&P 500,2013-03-28,1569.1899
S&P 500,2013-04-30,1597.5699
S&P 500,2013-05-31,1630.74
S&P 500,2013-06-28,1606.28
S&P 500,2013-07-31,1685.73
S&P 500,2013-08-30,1632.97
S&P 500,2013-09-30,1681.55
S&P 500,2013-10-31,1756.54
S&P 500,2013-11-29,1805.8101
S&P 500,2013-12-31,1848.36
S&P 500,2014-01-31,1782.59
S&P 500,2014-02-28,1859.45
S&P 500,2014-03-31,1872.34
S&P 500,2014-04-30,1883.95
S&P 500,2014-05-30,1923.5699
S&P 500,2014-06-30,1960.23
S&P 500,2014-07-31,1930.67
S&P 500,2014-08-29,2003.37
S&P 500,2014-09-30,1972.29
S&P 500,2014-10-31,2018.05
S&P 500,2014-11-28,2067.5601
S&P 500,2014-12-31,2058.8999
S&P 500,2015-01-30,1994.99
S&P 500,2015-02-27,2104.5
S&P 500,2015-03-31,2067.8899
S&P 500,2015-04-30,2085.51
S&P 500,2015-05-29,2107.3899
S&P 500,2015-06-30,2063.1101
S&P 500,2015-07-31,2103.8401
S&P 500,2015-08-31,1972.1801
S&P 500,2015-09-30,1920.03
S&P 500,2015-10-30,2079.3601
S&P 500,2015-11-30,2080.4099
S&P 500,2015-12-31,2043.9399
S&P 500,2016-01-29,1940.24
S&P 500,2016-02-29,1932.23
S&P 500,2016-03-31,2059.74
S&P 500,2016-04-29,2065.3
S&P 500,2016-05-31,2096.95
S&P 500,2016-06-30,2098.8601
S&P 500,2016-07-29,2173.6001
S&P 500,2016-08-31,2170.95
S&P 500,2016-09-30,2168.27
S&P 500,2016-10-31,2126.1499
S&P 500,2016-11-30,2198.8101
S&P 500,2016-12-30,2238.8301
S&P 500,2017-01-31,2278.8701
S&P 500,2017-02-28,2363.6399
S&P 500,2017-03-31,2362.72
S&P 500,2017-04-28,2384.2
S&P 500,2017-05-31,2411.8
S&P 500,2017-06-30,2423.4099
S&P 500,2017-07-31,2470.3
S&P 500,2017-08-31,2471.6499
S&P 500,2017-09-29,2519.3601
S&P 500,2017-10-31,2575.26
S&P 500,2017-11-30,2647.5801
S&P 500,2017-12-29,2673.6101
S&P 500,2018-01-31,2823.8101
S&P 500,2018-02-28,2713.8301
S&P 500,2018-03-29,2640.8701
S&P 500,2018-04-30,2648.05
S&P 500,2018-05-31,2705.27
S&P 500,2018-06-29,2718.3701
S&P 500,2018-07-31,2816.29
S&P 500,2018-08-31,2901.52
S&P 500,2018-09-28,2913.98
S&P 500,2018-10-31,2711.74
S&P 500,2018-11-30,2760.1699
S&P 500,2018-12-31,2506.8501
S&P 500,2019-01-31,2704.1001
S&P 500,2019-02-28,2784.49
S&P 500,2019-03-29,2834.3999
S&P 500,2019-04-30,2945.8301
S&P 500,2019-05-31,2752.0601
S&P 500,2019-06-28,2941.76
S&P 500,2019-07-31,2980.3799
S&P 500,2019-08-30,2926.46
S&P 500,2019-09-30,2976.74
S&P 500,2019-10-31,3037.5601
S&P 500,2019-11-29,3140.98
S&P 500,2019-12-31,3230.78
S&P 500,2020-01-31,3225.52
S&P 500,2020-02-28,2954.22
S&P 500,2020-03-31,2584.5901
S&P 500,2020-04-30,2912.4299
S&P 500,2020-05-29,3044.3101
S&P 500,2020-06-30,3100.29
S&P 500,2020-07-31,3271.1201
S&P 500,2020-08-31,3500.3101
S&P 500,2020-09-30,3363
S&P 500,2020-10-30,3269.96
S&P 500,2020-11-30,3621.6299
S&P 500,2020-12-31,3756.0701
S&P 500,2021-01-29,3714.24
S&P 500,2021-02-26,3811.1499
S&P 500,2021-03-31,3972.8899
S&P 500,2021-04-30,4181.1699
S&P 500,2021-05-28,4204.1099
S&P 500,2021-06-30,4297.5
S&P 500,2021-07-30,4395.2598
S&P 500,2021-08-31,4522.6802
S&P 500,2021-09-30,4307.54
S&P 500,2021-10-29,4605.3799
S&P 500,2021-11-30,4567
S&P 500,2021-12-31,4766.1802
S&P 500,2022-01-31,4515.5498
S&P 500,2022-02-28,4373.9399
S&P 500,2022-03-31,4530.4102
S&P 500,2022-04-29,4131.9302
S&P 500,2022-05-31,4132.1499
S&P 500,2022-06-30,3785.3799
S&P 500,2022-07-29,4130.29
S&P 500,2022-08-31,3955
S&P 500,2022-09-30,3585.6201
S&P 500,2022-10-31,3871.98
S&P 500,2022-11-30,4080.1101
S&P 500,2022-12-30,3839.5
S&P 500,2023-01-31,4076.6001
S&P 500,2023-02-28,3970.1499
S&P 500,2023-03-31,4109.3101
S&P 500,2023-04-28,4169.48
S&P 500,2023-05-31,4179.8301
S&P 500,2023-06-30,4450.3799
S&P 500,2023-07-31,4588.96
S&P 500,2023-08-31,4507.6602
S&P 500,2023-09-29,4288.0498
S&P 500,2023-10-31,4193.7998
S&P 500,2023-11-30,4567.7998
S&P 500,2023-12-29,4769.8301
S&P 500,2024-01-31,4845.6499
S&P 500,2024-02-29,5096.27
S&P 500,2024-03-28,5254.3501
S&P 500,2024-04-30,5035.6899
S&P 500,2024-05-31,5277.5098
S&P 500,2024-06-28,5460.48
S&P 500,2024-07-31,5522.2998
S&P 500,2024-08-30,5648.3999
S&P 500,2024-09-30,5762.48
S&P 500,2024-10-31,5705.4502
S&P 500,2024-11-29,6032.3799
S&P 500,2024-12-31,5881.6299
S&P 500,2025-01-31,6040.5298
S&P 500,2025-02-28,5954.5
S&P 500,2025-03-31,5611.8501
S&P 500,2025-04-30,5569.0601
S&P 500,2025-05-30,5911.6899
S&P 500,2025-06-30,6204.9502
S&P 500,2025-07-31,6339.3901
S&P 500,2025-08-29,6460.2598
S&P 500,2025-09-30,6688.46
S&P 500,2025-10-31,6840.2002
S&P 500,2025-11-28,6849.0898
S&P 500,2025-12-31,6845.5
S&P 500,2026-01-30,6939.0298
S&P 500,2026-02-27,6878.8799
S&P 500,2026-03-31,6528.52
S&P 500,2026-04-30,7209.0098
S&P 500,2026-05-29,7580.0601
S&P 500,2026-06-30,7499.3599
S&P 500,2026-07-28,7428.7798
SOL,2020-04-30,0.691
SOL,2020-05-31,0.57
SOL,2020-06-30,0.8601
SOL,2020-07-31,1.5382
SOL,2020-08-31,4.782
SOL,2020-09-30,2.8979
SOL,2020-10-31,1.5407
SOL,2020-11-30,1.9669
SOL,2020-12-31,1.5109
SOL,2021-01-31,4.2641
SOL,2021-02-28,13.0892
SOL,2021-03-31,19.4652
SOL,2021-04-30,42.956
SOL,2021-05-31,32.8162
SOL,2021-06-30,35.5564
SOL,2021-07-31,36.8273
SOL,2021-08-31,108.4838
SOL,2021-09-30,141.069
SOL,2021-10-31,202.421
SOL,2021-11-30,208.671
SOL,2021-12-31,170.2991
SOL,2022-01-31,99.7388
SOL,2022-02-28,99.5203
SOL,2022-03-31,122.6615
SOL,2022-04-30,85.0959
SOL,2022-05-31,45.7678
SOL,2022-06-30,33.5884
SOL,2022-07-31,42.4002
SOL,2022-08-31,31.473
SOL,2022-09-30,33.2124
SOL,2022-10-31,32.611
SOL,2022-11-30,14.1154
SOL,2022-12-31,9.961
SOL,2023-01-31,23.9525
SOL,2023-02-28,21.9164
SOL,2023-03-31,21.1705
SOL,2023-04-30,22.832
SOL,2023-05-31,20.8245
SOL,2023-06-30,18.8973
SOL,2023-07-31,23.721
SOL,2023-08-31,19.7351
SOL,2023-09-30,21.3951
SOL,2023-10-31,38.5195
SOL,2023-11-30,59.2416
SOL,2023-12-31,101.5058
SOL,2024-01-31,97.0287
SOL,2024-02-29,125.7115
SOL,2024-03-31,202.8741
SOL,2024-04-30,126.9627
SOL,2024-05-31,165.6377
SOL,2024-06-30,146.4925
SOL,2024-07-31,171.8262
SOL,2024-08-31,135.3743
SOL,2024-09-30,152.6185
SOL,2024-10-31,168.43
SOL,2024-11-30,237.7437
SOL,2024-12-31,189.2645
SOL,2025-01-31,231.6379
SOL,2025-02-28,148.03
SOL,2025-03-31,124.6941
SOL,2025-04-30,147.6432
SOL,2025-05-31,156.6389
SOL,2025-06-30,154.7353
SOL,2025-07-31,172.4243
SOL,2025-08-31,200.8635
SOL,2025-09-30,208.7431
SOL,2025-10-31,187.2095
SOL,2025-11-30,133.5648
SOL,2025-12-31,124.4845
SOL,2026-01-31,105.4417
SOL,2026-02-28,84.3662
SOL,2026-03-31,83.1065
SOL,2026-04-30,83.0238
SOL,2026-05-31,82.2983
SOL,2026-06-30,73.5233
SOL,2026-07-29,73.58
Silver,2000-08-31,5.003
Silver,2000-09-29,4.899
Silver,2000-10-31,4.754
Silver,2000-11-30,4.674
Silver,2000-12-29,4.585
Silver,2001-01-31,4.791
Silver,2001-02-28,4.472
Silver,2001-03-30,4.278
Silver,2001-04-30,4.32
Silver,2001-05-31,4.396
Silver,2001-06-29,4.292
Silver,2001-07-31,4.21
Silver,2001-08-31,4.162
Silver,2001-09-28,4.647
Silver,2001-10-31,4.214
Silver,2001-11-30,4.128
Silver,2001-12-31,4.579
Silver,2002-01-31,4.216
Silver,2002-02-28,4.497
Silver,2002-03-28,4.641
Silver,2002-04-30,4.532
Silver,2002-05-31,5.026
Silver,2002-06-28,4.833
Silver,2002-07-31,4.595
Silver,2002-08-30,4.437
Silver,2002-09-30,4.53
Silver,2002-10-31,4.499
Silver,2002-11-27,4.414
Silver,2002-12-31,4.801
Silver,2003-01-31,4.853
Silver,2003-02-28,4.585
Silver,2003-03-31,4.461
Silver,2003-04-30,4.638
Silver,2003-05-30,4.526
Silver,2003-06-30,4.557
Silver,2003-07-31,5.116
Silver,2003-08-29,5.109
Silver,2003-09-30,5.137
Silver,2003-10-31,5.059
Silver,2003-11-26,5.355
Silver,2003-12-31,5.953
Silver,2004-01-30,6.246
Silver,2004-02-27,6.696
Silver,2004-03-31,7.936
Silver,2004-04-30,6.078
Silver,2004-05-28,6.105
Silver,2004-06-30,5.776
Silver,2004-07-30,6.55
Silver,2004-08-31,6.771
Silver,2004-09-30,6.916
Silver,2004-10-29,7.292
Silver,2004-11-30,7.723
Silver,2004-12-30,6.807
Silver,2005-01-31,6.737
Silver,2005-02-28,7.359
Silver,2005-03-31,7.191
Silver,2005-04-29,6.902
Silver,2005-05-31,7.444
Silver,2005-06-30,7.028
Silver,2005-07-29,7.238
Silver,2005-08-31,6.781
Silver,2005-09-30,7.458
Silver,2005-10-31,7.55
Silver,2005-11-30,8.28
Silver,2005-12-30,8.82
Silver,2006-01-31,9.85
Silver,2006-02-28,9.72
Silver,2006-03-31,11.48
Silver,2006-04-28,13.51
Silver,2006-05-31,12.398
Silver,2006-06-30,10.91
Silver,2006-07-31,11.325
Silver,2006-08-31,12.9
Silver,2006-09-29,11.45
Silver,2006-10-31,12.212
Silver,2006-11-30,13.925
Silver,2006-12-29,12.818
Silver,2007-01-31,13.514
Silver,2007-02-28,14.1
Silver,2007-03-30,13.39
Silver,2007-04-30,13.445
Silver,2007-05-31,13.409
Silver,2007-06-29,12.353
Silver,2007-07-31,12.95
Silver,2007-08-31,12.063
Silver,2007-09-28,13.794
Silver,2007-10-31,14.377
Silver,2007-11-30,13.963
Silver,2007-12-31,14.797
Silver,2008-01-31,16.948
Silver,2008-02-29,19.808
Silver,2008-03-31,17.275
Silver,2008-04-30,16.502
Silver,2008-05-30,16.827
Silver,2008-06-30,17.42
Silver,2008-07-31,17.75
Silver,2008-08-29,13.607
Silver,2008-09-30,12.231
Silver,2008-10-31,9.73
Silver,2008-11-28,10.185
Silver,2008-12-31,11.27
Silver,2009-01-30,12.56
Silver,2009-02-27,13.085
Silver,2009-03-31,12.975
Silver,2009-04-30,12.305
Silver,2009-05-29,15.6
Silver,2009-06-30,13.574
Silver,2009-07-31,13.933
Silver,2009-08-31,14.898
Silver,2009-09-30,16.636
Silver,2009-10-30,16.246
Silver,2009-11-30,18.495
Silver,2009-12-31,16.822
Silver,2010-01-29,16.183
Silver,2010-02-26,16.5
Silver,2010-03-31,17.512
Silver,2010-04-30,18.611
Silver,2010-05-28,18.411
Silver,2010-06-30,18.671
Silver,2010-07-30,17.987
Silver,2010-08-31,19.398
Silver,2010-09-30,21.798
Silver,2010-10-29,24.56
Silver,2010-11-30,28.185
Silver,2010-12-31,30.91
Silver,2011-01-31,28.174
Silver,2011-02-28,33.804
Silver,2011-03-31,37.872
Silver,2011-04-29,48.584
Silver,2011-05-31,38.303
Silver,2011-06-30,34.812
Silver,2011-07-29,40.092
Silver,2011-08-31,41.699
Silver,2011-09-30,30.041
Silver,2011-10-31,34.337
Silver,2011-11-30,32.731
Silver,2011-12-30,27.875
Silver,2012-01-31,33.233
Silver,2012-02-29,34.583
Silver,2012-03-30,32.469
Silver,2012-04-30,30.959
Silver,2012-05-31,27.741
Silver,2012-06-29,27.58
Silver,2012-07-31,27.895
Silver,2012-08-31,31.37
Silver,2012-09-28,34.517
Silver,2012-10-31,32.288
Silver,2012-11-30,33.204
Silver,2012-12-31,30.173
Silver,2013-01-31,31.335
Silver,2013-02-28,28.395
Silver,2013-03-28,28.292
Silver,2013-04-30,24.144
Silver,2013-05-31,22.228
Silver,2013-06-28,19.451
Silver,2013-07-31,19.617
Silver,2013-08-30,23.463
Silver,2013-09-30,21.656
Silver,2013-10-31,21.832
Silver,2013-11-29,19.981
Silver,2013-12-31,19.339
Silver,2014-01-31,19.105
Silver,2014-02-28,21.204
Silver,2014-03-31,19.734
Silver,2014-04-30,19.119
Silver,2014-05-30,18.653
Silver,2014-06-30,21.007
Silver,2014-07-31,20.373
Silver,2014-08-29,19.398
Silver,2014-09-30,17.006
Silver,2014-10-31,16.077
Silver,2014-11-28,15.489
Silver,2014-12-31,15.565
Silver,2015-01-30,17.192
Silver,2015-02-27,16.513
Silver,2015-03-31,16.581
Silver,2015-04-30,16.124
Silver,2015-05-29,16.684
Silver,2015-06-30,15.551
Silver,2015-07-31,14.746
Silver,2015-08-31,14.577
Silver,2015-09-30,14.513
Silver,2015-10-30,15.566
Silver,2015-11-30,14.05
Silver,2015-12-31,13.775
Silver,2016-01-29,14.229
Silver,2016-02-29,14.896
Silver,2016-03-31,15.46
Silver,2016-04-29,17.789
Silver,2016-05-31,15.972
Silver,2016-06-30,18.582
Silver,2016-07-29,20.312
Silver,2016-08-31,18.622
Silver,2016-09-30,19.139
Silver,2016-10-31,17.762
Silver,2016-11-30,16.406
Silver,2016-12-30,15.936
Silver,2017-01-31,17.512
Silver,2017-02-28,18.42
Silver,2017-03-31,18.235
Silver,2017-04-28,17.191
Silver,2017-05-31,17.368
Silver,2017-06-30,16.568
Silver,2017-07-31,16.75
Silver,2017-08-31,17.48
Silver,2017-09-29,16.607
Silver,2017-10-31,16.645
Silver,2017-11-30,16.382
Silver,2017-12-29,17.06
Silver,2018-01-31,17.204
Silver,2018-02-28,16.324
Silver,2018-03-29,16.223
Silver,2018-04-30,16.312
Silver,2018-05-31,16.402
Silver,2018-06-29,16.104
Silver,2018-07-31,15.5
Silver,2018-08-31,14.438
Silver,2018-09-28,14.623
Silver,2018-10-31,14.229
Silver,2018-11-30,14.094
Silver,2018-12-31,15.433
Silver,2019-01-31,16.022
Silver,2019-02-28,15.538
Silver,2019-03-29,15.06
Silver,2019-04-30,14.9
Silver,2019-05-31,14.53
Silver,2019-06-28,15.253
Silver,2019-07-31,16.346
Silver,2019-08-30,18.185
Silver,2019-09-30,16.898
Silver,2019-10-31,18.014
Silver,2019-11-29,16.969
Silver,2019-12-31,17.828
Silver,2020-01-31,17.972
Silver,2020-02-28,16.387
Silver,2020-03-31,14.098
Silver,2020-04-30,14.898
Silver,2020-05-29,18.44
Silver,2020-06-30,18.541
Silver,2020-07-31,24.189
Silver,2020-08-31,28.437
Silver,2020-09-30,23.433
Silver,2020-10-30,23.617
Silver,2020-11-30,22.534
Silver,2020-12-31,26.332
Silver,2021-01-29,26.9
Silver,2021-02-26,26.402
Silver,2021-03-31,24.517
Silver,2021-04-30,25.853
Silver,2021-05-28,27.993
Silver,2021-06-30,26.165
Silver,2021-07-30,25.528
Silver,2021-08-31,23.96
Silver,2021-09-30,22.021
Silver,2021-10-29,23.945
Silver,2021-11-30,22.765
Silver,2021-12-31,23.328
Silver,2022-01-31,22.395
Silver,2022-02-28,24.361
Silver,2022-03-31,25.121
Silver,2022-04-29,23.04
Silver,2022-05-31,21.651
Silver,2022-06-30,20.282
Silver,2022-07-29,20.156
Silver,2022-08-31,17.762
Silver,2022-09-30,18.96
Silver,2022-10-31,19.125
Silver,2022-11-30,21.55
Silver,2022-12-30,23.862
Silver,2023-01-31,23.748
Silver,2023-02-28,20.961
Silver,2023-03-31,24.076
Silver,2023-04-28,24.999
Silver,2023-05-31,23.474
Silver,2023-06-30,22.81
Silver,2023-07-31,24.854
Silver,2023-08-31,24.472
Silver,2023-09-29,22.236
Silver,2023-10-31,22.841
Silver,2023-11-30,25.293
Silver,2023-12-29,23.853
Silver,2024-01-31,23.051
Silver,2024-02-29,22.666
Silver,2024-03-28,24.797
Silver,2024-04-30,26.391
Silver,2024-05-31,30.297
Silver,2024-06-28,29.237
Silver,2024-07-31,28.778
Silver,2024-08-30,28.731
Silver,2024-09-30,31.164
Silver,2024-10-31,32.653
Silver,2024-11-29,30.685
Silver,2024-12-31,28.94
Silver,2025-01-31,32.128
Silver,2025-02-28,31.219
Silver,2025-03-31,34.457
Silver,2025-04-30,32.531
Silver,2025-05-30,32.892
Silver,2025-06-30,35.852
Silver,2025-07-31,36.552
Silver,2025-08-29,40.2
Silver,2025-09-30,46.253
Silver,2025-10-31,47.994
Silver,2025-11-28,56.446
Silver,2025-12-31,70.134
Silver,2026-01-30,78.29
Silver,2026-02-27,92.682
Silver,2026-03-31,74.69
Silver,2026-04-30,73.534
Silver,2026-05-29,75.616
Silver,2026-06-30,59.477
Silver,2026-07-29,57.98
TWD/USD,2004-03-31,31.673
TWD/USD,2004-04-30,32.02
TWD/USD,2004-05-28,32.22
TWD/USD,2004-06-30,32.543
TWD/USD,2004-07-30,32.898
TWD/USD,2004-08-31,32.771
TWD/USD,2004-09-30,32.72
TWD/USD,2004-10-19,32.657
TWD/USD,2006-05-31,32.035
TWD/USD,2006-06-30,32.377
TWD/USD,2006-07-31,32.792
TWD/USD,2006-08-31,32.897
TWD/USD,2006-09-29,33.09
TWD/USD,2006-10-31,33.263
TWD/USD,2006-11-30,32.34
TWD/USD,2006-12-29,32.58
TWD/USD,2007-01-31,32.965
TWD/USD,2007-02-28,32.985
TWD/USD,2007-03-30,33.08
TWD/USD,2007-04-30,33.305
TWD/USD,2007-05-31,33.075
TWD/USD,2007-06-29,32.81
TWD/USD,2007-07-31,32.89
TWD/USD,2007-08-31,32.99
TWD/USD,2007-09-28,32.589
TWD/USD,2007-10-31,32.307
TWD/USD,2007-11-30,32.26
TWD/USD,2007-12-31,32.43
TWD/USD,2008-01-31,32.2
TWD/USD,2008-02-29,30.91
TWD/USD,2008-03-31,30.415
TWD/USD,2008-04-30,30.475
TWD/USD,2008-05-30,30.4
TWD/USD,2008-06-30,30.338
TWD/USD,2008-07-31,30.645
TWD/USD,2008-08-29,31.52
TWD/USD,2008-09-30,32.325
TWD/USD,2008-10-31,33.015
TWD/USD,2008-11-28,33.28
TWD/USD,2008-12-31,32.85
TWD/USD,2009-01-30,33.7
TWD/USD,2009-02-27,35
TWD/USD,2009-03-31,33.87
TWD/USD,2009-04-30,33.09
TWD/USD,2009-05-29,32.55
TWD/USD,2009-06-30,32.81
TWD/USD,2009-07-31,32.8
TWD/USD,2009-08-31,32.9
TWD/USD,2009-09-30,31.96
TWD/USD,2009-10-30,32.6
TWD/USD,2009-11-30,32.21
TWD/USD,2009-12-31,31.95
TWD/USD,2010-01-29,31.92
TWD/USD,2010-02-26,31.98
TWD/USD,2010-03-31,31.74
TWD/USD,2010-04-30,31.28
TWD/USD,2010-05-31,31.92
TWD/USD,2010-06-30,32.23
TWD/USD,2010-07-30,31.97
TWD/USD,2010-08-31,32.01
TWD/USD,2010-09-30,31.18
TWD/USD,2010-10-29,30.7
TWD/USD,2010-11-30,30.5
TWD/USD,2010-12-31,29.04
TWD/USD,2011-01-31,28.96
TWD/USD,2011-02-28,29.795
TWD/USD,2011-03-31,29.48
TWD/USD,2011-04-29,28.675
TWD/USD,2011-05-31,28.72
TWD/USD,2011-06-30,28.84
TWD/USD,2011-07-29,28.79
TWD/USD,2011-08-31,29.01
TWD/USD,2011-09-30,30.5
TWD/USD,2011-10-31,29.82
TWD/USD,2011-11-30,30.34
TWD/USD,2011-12-30,30.25
TWD/USD,2012-01-31,29.77
TWD/USD,2012-02-29,29.55
TWD/USD,2012-03-30,29.54
TWD/USD,2012-04-30,29.21
TWD/USD,2012-05-31,29.72
TWD/USD,2012-06-29,29.91
TWD/USD,2012-07-31,30.02
TWD/USD,2012-08-31,29.92
TWD/USD,2012-09-28,29.32
TWD/USD,2012-10-31,29.18
TWD/USD,2012-11-30,29.06
TWD/USD,2012-12-31,29.02
TWD/USD,2013-01-31,29.51
TWD/USD,2013-02-28,29.6
TWD/USD,2013-03-29,29.1
TWD/USD,2013-04-30,28.69
TWD/USD,2013-05-31,29.201
TWD/USD,2013-06-28,29.207
TWD/USD,2013-07-31,29.982
TWD/USD,2013-08-30,29.996
TWD/USD,2013-09-30,28.79
TWD/USD,2013-10-31,28.73
TWD/USD,2013-11-29,28.899
TWD/USD,2013-12-31,30
TWD/USD,2014-01-31,30.35
TWD/USD,2014-02-28,30.35
TWD/USD,2014-03-31,29.703
TWD/USD,2014-04-30,29.45
TWD/USD,2014-05-30,29.975
TWD/USD,2014-06-30,29.86
TWD/USD,2014-07-31,29.993
TWD/USD,2014-08-29,29.119
TWD/USD,2014-09-30,29.676
TWD/USD,2014-10-31,29.653
TWD/USD,2014-11-28,30.116
TWD/USD,2014-12-31,3.67
TWD/USD,2015-01-30,31.502
TWD/USD,2015-02-27,31.498
TWD/USD,2015-03-31,31.371
TWD/USD,2015-04-30,30.685
TWD/USD,2015-05-29,30.789
TWD/USD,2015-06-30,31.166
TWD/USD,2015-07-31,31.595
TWD/USD,2015-08-31,32.76
TWD/USD,2015-09-30,33.28
TWD/USD,2015-10-30,32.54
TWD/USD,2015-11-30,31.709
TWD/USD,2015-12-31,31.988
TWD/USD,2016-01-29,32.606
TWD/USD,2016-02-29,32.583
TWD/USD,2016-03-31,32.412
TWD/USD,2016-04-29,32.272
TWD/USD,2016-05-31,32.65
TWD/USD,2016-06-30,32.333
TWD/USD,2016-07-29,31.941
TWD/USD,2016-08-31,31.715
TWD/USD,2016-09-30,31.378
TWD/USD,2016-10-31,31.61
TWD/USD,2016-11-30,31.813
TWD/USD,2016-12-30,32.27
TWD/USD,2017-01-31,31.377
TWD/USD,2017-02-28,30.652
TWD/USD,2017-03-31,30.298
TWD/USD,2017-04-28,30.146
TWD/USD,2017-05-31,30.098
TWD/USD,2017-06-30,30.353
TWD/USD,2017-07-31,30.242
TWD/USD,2017-08-31,30.136
TWD/USD,2017-09-29,30.366
TWD/USD,2017-10-31,30.183
TWD/USD,2017-11-30,29.971
TWD/USD,2017-12-29,29.809
TWD/USD,2018-01-31,29.22
TWD/USD,2018-02-28,29.274
TWD/USD,2018-03-30,29.102
TWD/USD,2018-04-30,29.54
TWD/USD,2018-05-31,29.896
TWD/USD,2018-06-29,30.569
TWD/USD,2018-07-31,30.572
TWD/USD,2018-08-31,30.683
TWD/USD,2018-09-28,30.521
TWD/USD,2018-10-31,30.858
TWD/USD,2018-11-30,30.642
TWD/USD,2018-12-31,30.553
TWD/USD,2019-01-31,30.723
TWD/USD,2019-02-28,30.777
TWD/USD,2019-03-29,30.851
TWD/USD,2019-04-30,30.892
TWD/USD,2019-05-31,31.577
TWD/USD,2019-06-28,30.889
TWD/USD,2019-07-31,31.023
TWD/USD,2019-08-30,31.271
TWD/USD,2019-09-30,31.033
TWD/USD,2019-10-31,30.215
TWD/USD,2019-11-29,30.424
TWD/USD,2019-12-31,30.074
TWD/USD,2020-01-31,30.205
TWD/USD,2020-02-28,30.193
TWD/USD,2020-03-31,30.03
TWD/USD,2020-04-30,29.63
TWD/USD,2020-05-29,29.91
TWD/USD,2020-06-30,29.4115
TWD/USD,2020-07-31,29.16
TWD/USD,2020-08-31,29.3315
TWD/USD,2020-09-30,28.89
TWD/USD,2020-10-30,28.3656
TWD/USD,2020-11-30,28.518
TWD/USD,2020-12-31,28.07
TWD/USD,2021-01-29,27.9326
TWD/USD,2021-02-26,27.765
TWD/USD,2021-03-31,28.4411
TWD/USD,2021-04-30,27.766
TWD/USD,2021-05-31,27.62
TWD/USD,2021-06-30,27.8759
TWD/USD,2021-07-30,27.845
TWD/USD,2021-08-31,27.7292
TWD/USD,2021-09-30,27.8124
TWD/USD,2021-10-29,27.7233
TWD/USD,2021-11-30,27.7456
TWD/USD,2021-12-31,27.6587
TWD/USD,2022-01-31,27.827
TWD/USD,2022-02-28,27.9628
TWD/USD,2022-03-31,28.5256
TWD/USD,2022-04-29,29.4527
TWD/USD,2022-05-31,28.831
TWD/USD,2022-06-30,29.665
TWD/USD,2022-07-29,29.915
TWD/USD,2022-08-31,30.4367
TWD/USD,2022-09-30,31.6305
TWD/USD,2022-10-31,32.114
TWD/USD,2022-11-30,30.946
TWD/USD,2022-12-30,30.6801
TWD/USD,2023-01-31,30.095
TWD/USD,2023-02-28,30.5978
TWD/USD,2023-03-31,30.352
TWD/USD,2023-04-28,30.6268
TWD/USD,2023-05-31,30.5613
TWD/USD,2023-06-30,31.1173
TWD/USD,2023-07-31,31.3535
TWD/USD,2023-08-31,31.7988
TWD/USD,2023-09-29,32.0608
TWD/USD,2023-10-31,32.2475
TWD/USD,2023-11-30,31.069
TWD/USD,2023-12-29,30.698
TWD/USD,2024-01-31,31.1591
TWD/USD,2024-02-29,31.6479
TWD/USD,2024-03-29,32.0181
TWD/USD,2024-04-30,32.434
TWD/USD,2024-05-31,32.3564
TWD/USD,2024-06-28,32.522
TWD/USD,2024-07-31,32.7615
TWD/USD,2024-08-30,31.858
TWD/USD,2024-09-30,31.575
TWD/USD,2024-10-31,31.8655
TWD/USD,2024-11-29,32.4943
TWD/USD,2024-12-31,32.76
TWD/USD,2025-01-31,32.9385
TWD/USD,2025-02-28,32.9017
TWD/USD,2025-03-31,33.1858
TWD/USD,2025-04-30,32.3217
TWD/USD,2025-05-30,29.8501
TWD/USD,2025-06-30,29.095
TWD/USD,2025-07-31,29.828
TWD/USD,2025-08-29,30.4928
TWD/USD,2025-09-30,30.4582
TWD/USD,2025-10-31,30.7307
TWD/USD,2025-11-28,31.3147
TWD/USD,2025-12-31,31.2436
TWD/USD,2026-01-30,31.3617
TWD/USD,2026-02-27,31.2468
TWD/USD,2026-03-31,32.039
TWD/USD,2026-04-30,31.6265
TWD/USD,2026-05-29,31.424
TWD/USD,2026-06-30,31.8659
TWD/USD,2026-07-30,32.348
US 10 Year Treasury Yield,1990-01-31,8.43
US 10 Year Treasury Yield,1990-02-28,8.51
US 10 Year Treasury Yield,1990-03-30,8.65
US 10 Year Treasury Yield,1990-04-30,9.04
US 10 Year Treasury Yield,1990-05-31,8.6
US 10 Year Treasury Yield,1990-06-29,8.43
US 10 Year Treasury Yield,1990-07-31,8.36
US 10 Year Treasury Yield,1990-08-31,8.86
US 10 Year Treasury Yield,1990-09-28,8.82
US 10 Year Treasury Yield,1990-10-31,8.65
US 10 Year Treasury Yield,1990-11-30,8.26
US 10 Year Treasury Yield,1990-12-31,8.08
US 10 Year Treasury Yield,1991-01-31,8.03
US 10 Year Treasury Yield,1991-02-28,8.02
US 10 Year Treasury Yield,1991-03-28,8.05
US 10 Year Treasury Yield,1991-04-30,8.02
US 10 Year Treasury Yield,1991-05-31,8.06
US 10 Year Treasury Yield,1991-06-28,8.24
US 10 Year Treasury Yield,1991-07-31,8.2
US 10 Year Treasury Yield,1991-08-30,7.82
US 10 Year Treasury Yield,1991-09-30,7.47
US 10 Year Treasury Yield,1991-10-31,7.47
US 10 Year Treasury Yield,1991-11-29,7.38
US 10 Year Treasury Yield,1991-12-31,6.71
US 10 Year Treasury Yield,1992-01-31,7.31
US 10 Year Treasury Yield,1992-02-28,7.27
US 10 Year Treasury Yield,1992-03-31,7.54
US 10 Year Treasury Yield,1992-04-30,7.61
US 10 Year Treasury Yield,1992-05-29,7.33
US 10 Year Treasury Yield,1992-06-30,7.14
US 10 Year Treasury Yield,1992-07-31,6.72
US 10 Year Treasury Yield,1992-08-31,6.62
US 10 Year Treasury Yield,1992-09-30,6.37
US 10 Year Treasury Yield,1992-10-30,6.8
US 10 Year Treasury Yield,1992-11-30,6.95
US 10 Year Treasury Yield,1992-12-31,6.7
US 10 Year Treasury Yield,1993-01-29,6.39
US 10 Year Treasury Yield,1993-02-26,6.03
US 10 Year Treasury Yield,1993-03-31,6.03
US 10 Year Treasury Yield,1993-04-30,6.05
US 10 Year Treasury Yield,1993-05-28,6.16
US 10 Year Treasury Yield,1993-06-30,5.8
US 10 Year Treasury Yield,1993-07-30,5.83
US 10 Year Treasury Yield,1993-08-31,5.45
US 10 Year Treasury Yield,1993-09-30,5.4
US 10 Year Treasury Yield,1993-10-29,5.388
US 10 Year Treasury Yield,1993-11-30,5.795
US 10 Year Treasury Yield,1993-12-31,5.783
US 10 Year Treasury Yield,1994-01-31,5.638
US 10 Year Treasury Yield,1994-02-28,6.15
US 10 Year Treasury Yield,1994-03-31,6.774
US 10 Year Treasury Yield,1994-04-29,7.035
US 10 Year Treasury Yield,1994-05-31,7.152
US 10 Year Treasury Yield,1994-06-30,7.329
US 10 Year Treasury Yield,1994-07-29,7.095
US 10 Year Treasury Yield,1994-08-31,7.165
US 10 Year Treasury Yield,1994-09-30,7.599
US 10 Year Treasury Yield,1994-10-31,7.793
US 10 Year Treasury Yield,1994-11-30,7.888
US 10 Year Treasury Yield,1994-12-30,7.827
US 10 Year Treasury Yield,1995-01-31,7.593
US 10 Year Treasury Yield,1995-02-28,7.21
US 10 Year Treasury Yield,1995-03-31,7.189
US 10 Year Treasury Yield,1995-04-28,7.046
US 10 Year Treasury Yield,1995-05-31,6.286
US 10 Year Treasury Yield,1995-06-30,6.203
US 10 Year Treasury Yield,1995-07-31,6.429
US 10 Year Treasury Yield,1995-08-31,6.273
US 10 Year Treasury Yield,1995-09-29,6.157
US 10 Year Treasury Yield,1995-10-31,6.003
US 10 Year Treasury Yield,1995-11-30,5.745
US 10 Year Treasury Yield,1995-12-29,5.575
US 10 Year Treasury Yield,1996-01-31,5.581
US 10 Year Treasury Yield,1996-02-29,6.112
US 10 Year Treasury Yield,1996-03-29,6.334
US 10 Year Treasury Yield,1996-04-30,6.633
US 10 Year Treasury Yield,1996-05-31,6.844
US 10 Year Treasury Yield,1996-06-28,6.711
US 10 Year Treasury Yield,1996-07-31,6.79
US 10 Year Treasury Yield,1996-08-30,6.936
US 10 Year Treasury Yield,1996-09-30,6.699
US 10 Year Treasury Yield,1996-10-31,6.349
US 10 Year Treasury Yield,1996-11-29,6.04
US 10 Year Treasury Yield,1996-12-31,6.407
US 10 Year Treasury Yield,1997-01-31,6.503
US 10 Year Treasury Yield,1997-02-28,6.535
US 10 Year Treasury Yield,1997-03-31,6.907
US 10 Year Treasury Yield,1997-04-30,6.702
US 10 Year Treasury Yield,1997-05-30,6.663
US 10 Year Treasury Yield,1997-06-30,6.502
US 10 Year Treasury Yield,1997-07-31,6.004
US 10 Year Treasury Yield,1997-08-29,6.33
US 10 Year Treasury Yield,1997-09-30,6.107
US 10 Year Treasury Yield,1997-10-31,5.819
US 10 Year Treasury Yield,1997-11-28,5.851
US 10 Year Treasury Yield,1997-12-31,5.739
US 10 Year Treasury Yield,1998-01-30,5.512
US 10 Year Treasury Yield,1998-02-27,5.616
US 10 Year Treasury Yield,1998-03-31,5.662
US 10 Year Treasury Yield,1998-04-30,5.667
US 10 Year Treasury Yield,1998-05-29,5.546
US 10 Year Treasury Yield,1998-06-30,5.434
US 10 Year Treasury Yield,1998-07-31,5.494
US 10 Year Treasury Yield,1998-08-31,5.032
US 10 Year Treasury Yield,1998-09-30,4.41
US 10 Year Treasury Yield,1998-10-30,4.603
US 10 Year Treasury Yield,1998-11-30,4.726
US 10 Year Treasury Yield,1998-12-31,4.638
US 10 Year Treasury Yield,1999-01-29,4.653
US 10 Year Treasury Yield,1999-02-26,5.272
US 10 Year Treasury Yield,1999-03-31,5.234
US 10 Year Treasury Yield,1999-04-30,5.35
US 10 Year Treasury Yield,1999-05-28,5.611
US 10 Year Treasury Yield,1999-06-30,5.81
US 10 Year Treasury Yield,1999-07-30,5.907
US 10 Year Treasury Yield,1999-08-31,5.979
US 10 Year Treasury Yield,1999-09-30,5.885
US 10 Year Treasury Yield,1999-10-29,6.003
US 10 Year Treasury Yield,1999-11-30,6.163
US 10 Year Treasury Yield,1999-12-31,6.435
US 10 Year Treasury Yield,2000-01-31,6.667
US 10 Year Treasury Yield,2000-02-29,6.409
US 10 Year Treasury Yield,2000-03-31,6.023
US 10 Year Treasury Yield,2000-04-28,6.214
US 10 Year Treasury Yield,2000-05-31,6.285
US 10 Year Treasury Yield,2000-06-30,6.018
US 10 Year Treasury Yield,2000-07-31,6.029
US 10 Year Treasury Yield,2000-08-31,5.729
US 10 Year Treasury Yield,2000-09-29,5.778
US 10 Year Treasury Yield,2000-10-31,5.757
US 10 Year Treasury Yield,2000-11-30,5.439
US 10 Year Treasury Yield,2000-12-29,5.11
US 10 Year Treasury Yield,2001-01-31,5.179
US 10 Year Treasury Yield,2001-02-28,4.908
US 10 Year Treasury Yield,2001-03-30,4.915
US 10 Year Treasury Yield,2001-04-30,5.338
US 10 Year Treasury Yield,2001-05-31,5.413
US 10 Year Treasury Yield,2001-06-29,5.39
US 10 Year Treasury Yield,2001-07-31,5.037
US 10 Year Treasury Yield,2001-08-31,4.816
US 10 Year Treasury Yield,2001-09-28,4.575
US 10 Year Treasury Yield,2001-10-31,4.263
US 10 Year Treasury Yield,2001-11-30,4.744
US 10 Year Treasury Yield,2001-12-31,5.032
US 10 Year Treasury Yield,2002-01-31,5.025
US 10 Year Treasury Yield,2002-02-28,4.859
US 10 Year Treasury Yield,2002-03-28,5.406
US 10 Year Treasury Yield,2002-04-30,5.091
US 10 Year Treasury Yield,2002-05-31,5.043
US 10 Year Treasury Yield,2002-06-28,4.824
US 10 Year Treasury Yield,2002-07-31,4.465
US 10 Year Treasury Yield,2002-08-30,4.137
US 10 Year Treasury Yield,2002-09-30,3.607
US 10 Year Treasury Yield,2002-10-31,3.911
US 10 Year Treasury Yield,2002-11-29,4.213
US 10 Year Treasury Yield,2002-12-31,3.818
US 10 Year Treasury Yield,2003-01-31,3.975
US 10 Year Treasury Yield,2003-02-28,3.696
US 10 Year Treasury Yield,2003-03-31,3.823
US 10 Year Treasury Yield,2003-04-30,3.857
US 10 Year Treasury Yield,2003-05-30,3.35
US 10 Year Treasury Yield,2003-06-30,3.528
US 10 Year Treasury Yield,2003-07-31,4.474
US 10 Year Treasury Yield,2003-08-29,4.454
US 10 Year Treasury Yield,2003-09-30,3.937
US 10 Year Treasury Yield,2003-10-31,4.301
US 10 Year Treasury Yield,2003-11-28,4.32
US 10 Year Treasury Yield,2003-12-31,4.257
US 10 Year Treasury Yield,2004-01-30,4.138
US 10 Year Treasury Yield,2004-02-27,3.984
US 10 Year Treasury Yield,2004-03-31,3.837
US 10 Year Treasury Yield,2004-04-30,4.501
US 10 Year Treasury Yield,2004-05-28,4.655
US 10 Year Treasury Yield,2004-06-30,4.617
US 10 Year Treasury Yield,2004-07-30,4.475
US 10 Year Treasury Yield,2004-08-31,4.132
US 10 Year Treasury Yield,2004-09-30,4.119
US 10 Year Treasury Yield,2004-10-29,4.029
US 10 Year Treasury Yield,2004-11-30,4.358
US 10 Year Treasury Yield,2004-12-31,4.216
US 10 Year Treasury Yield,2005-01-31,4.133
US 10 Year Treasury Yield,2005-02-28,4.359
US 10 Year Treasury Yield,2005-03-31,4.496
US 10 Year Treasury Yield,2005-04-29,4.201
US 10 Year Treasury Yield,2005-05-31,4.006
US 10 Year Treasury Yield,2005-06-30,3.945
US 10 Year Treasury Yield,2005-07-29,4.286
US 10 Year Treasury Yield,2005-08-31,4.02
US 10 Year Treasury Yield,2005-09-30,4.328
US 10 Year Treasury Yield,2005-10-31,4.559
US 10 Year Treasury Yield,2005-11-30,4.5
US 10 Year Treasury Yield,2005-12-30,4.395
US 10 Year Treasury Yield,2006-01-31,4.527
US 10 Year Treasury Yield,2006-02-28,4.547
US 10 Year Treasury Yield,2006-03-31,4.853
US 10 Year Treasury Yield,2006-04-28,5.069
US 10 Year Treasury Yield,2006-05-31,5.113
US 10 Year Treasury Yield,2006-06-30,5.138
US 10 Year Treasury Yield,2006-07-31,4.988
US 10 Year Treasury Yield,2006-08-31,4.732
US 10 Year Treasury Yield,2006-09-29,4.633
US 10 Year Treasury Yield,2006-10-31,4.606
US 10 Year Treasury Yield,2006-11-30,4.458
US 10 Year Treasury Yield,2006-12-29,4.71
US 10 Year Treasury Yield,2007-01-31,4.826
US 10 Year Treasury Yield,2007-02-28,4.55
US 10 Year Treasury Yield,2007-03-30,4.648
US 10 Year Treasury Yield,2007-04-30,4.63
US 10 Year Treasury Yield,2007-05-31,4.89
US 10 Year Treasury Yield,2007-06-29,5.033
US 10 Year Treasury Yield,2007-07-31,4.771
US 10 Year Treasury Yield,2007-08-31,4.537
US 10 Year Treasury Yield,2007-09-28,4.579
US 10 Year Treasury Yield,2007-10-31,4.475
US 10 Year Treasury Yield,2007-11-30,3.972
US 10 Year Treasury Yield,2007-12-31,4.035
US 10 Year Treasury Yield,2008-01-31,3.639
US 10 Year Treasury Yield,2008-02-29,3.534
US 10 Year Treasury Yield,2008-03-31,3.432
US 10 Year Treasury Yield,2008-04-30,3.759
US 10 Year Treasury Yield,2008-05-30,4.046
US 10 Year Treasury Yield,2008-06-30,3.979
US 10 Year Treasury Yield,2008-07-31,3.979
US 10 Year Treasury Yield,2008-08-29,3.813
US 10 Year Treasury Yield,2008-09-30,3.827
US 10 Year Treasury Yield,2008-10-31,3.97
US 10 Year Treasury Yield,2008-11-28,2.957
US 10 Year Treasury Yield,2008-12-31,2.244
US 10 Year Treasury Yield,2009-01-30,2.844
US 10 Year Treasury Yield,2009-02-27,3.041
US 10 Year Treasury Yield,2009-03-31,2.685
US 10 Year Treasury Yield,2009-04-30,3.124
US 10 Year Treasury Yield,2009-05-29,3.465
US 10 Year Treasury Yield,2009-06-30,3.523
US 10 Year Treasury Yield,2009-07-31,3.501
US 10 Year Treasury Yield,2009-08-31,3.401
US 10 Year Treasury Yield,2009-09-30,3.307
US 10 Year Treasury Yield,2009-10-30,3.392
US 10 Year Treasury Yield,2009-11-30,3.201
US 10 Year Treasury Yield,2009-12-31,3.843
US 10 Year Treasury Yield,2010-01-29,3.609
US 10 Year Treasury Yield,2010-02-26,3.595
US 10 Year Treasury Yield,2010-03-31,3.833
US 10 Year Treasury Yield,2010-04-30,3.663
US 10 Year Treasury Yield,2010-05-28,3.301
US 10 Year Treasury Yield,2010-06-30,2.951
US 10 Year Treasury Yield,2010-07-30,2.907
US 10 Year Treasury Yield,2010-08-31,2.477
US 10 Year Treasury Yield,2010-09-30,2.517
US 10 Year Treasury Yield,2010-10-29,2.612
US 10 Year Treasury Yield,2010-11-30,2.797
US 10 Year Treasury Yield,2010-12-31,3.305
US 10 Year Treasury Yield,2011-01-31,3.378
US 10 Year Treasury Yield,2011-02-28,3.414
US 10 Year Treasury Yield,2011-03-31,3.454
US 10 Year Treasury Yield,2011-04-29,3.296
US 10 Year Treasury Yield,2011-05-31,3.05
US 10 Year Treasury Yield,2011-06-30,3.158
US 10 Year Treasury Yield,2011-07-29,2.805
US 10 Year Treasury Yield,2011-08-31,2.218
US 10 Year Treasury Yield,2011-09-30,1.924
US 10 Year Treasury Yield,2011-10-31,2.175
US 10 Year Treasury Yield,2011-11-30,2.068
US 10 Year Treasury Yield,2011-12-30,1.871
US 10 Year Treasury Yield,2012-01-31,1.799
US 10 Year Treasury Yield,2012-02-29,1.977
US 10 Year Treasury Yield,2012-03-30,2.216
US 10 Year Treasury Yield,2012-04-30,1.915
US 10 Year Treasury Yield,2012-05-31,1.581
US 10 Year Treasury Yield,2012-06-29,1.659
US 10 Year Treasury Yield,2012-07-31,1.492
US 10 Year Treasury Yield,2012-08-31,1.562
US 10 Year Treasury Yield,2012-09-28,1.637
US 10 Year Treasury Yield,2012-10-31,1.686
US 10 Year Treasury Yield,2012-11-30,1.606
US 10 Year Treasury Yield,2012-12-31,1.756
US 10 Year Treasury Yield,2013-01-31,1.985
US 10 Year Treasury Yield,2013-02-28,1.888
US 10 Year Treasury Yield,2013-03-28,1.852
US 10 Year Treasury Yield,2013-04-30,1.675
US 10 Year Treasury Yield,2013-05-31,2.164
US 10 Year Treasury Yield,2013-06-28,2.478
US 10 Year Treasury Yield,2013-07-31,2.593
US 10 Year Treasury Yield,2013-08-30,2.749
US 10 Year Treasury Yield,2013-09-30,2.615
US 10 Year Treasury Yield,2013-10-31,2.542
US 10 Year Treasury Yield,2013-11-29,2.741
US 10 Year Treasury Yield,2013-12-31,3.026
US 10 Year Treasury Yield,2014-01-31,2.668
US 10 Year Treasury Yield,2014-02-28,2.658
US 10 Year Treasury Yield,2014-03-31,2.723
US 10 Year Treasury Yield,2014-04-30,2.648
US 10 Year Treasury Yield,2014-05-30,2.457
US 10 Year Treasury Yield,2014-06-30,2.516
US 10 Year Treasury Yield,2014-07-31,2.556
US 10 Year Treasury Yield,2014-08-29,2.343
US 10 Year Treasury Yield,2014-09-30,2.508
US 10 Year Treasury Yield,2014-10-31,2.335
US 10 Year Treasury Yield,2014-11-28,2.194
US 10 Year Treasury Yield,2014-12-31,2.17
US 10 Year Treasury Yield,2015-01-30,1.675
US 10 Year Treasury Yield,2015-02-27,2.002
US 10 Year Treasury Yield,2015-03-31,1.934
US 10 Year Treasury Yield,2015-04-30,2.046
US 10 Year Treasury Yield,2015-05-29,2.095
US 10 Year Treasury Yield,2015-06-30,2.335
US 10 Year Treasury Yield,2015-07-31,2.205
US 10 Year Treasury Yield,2015-08-31,2.2
US 10 Year Treasury Yield,2015-09-30,2.06
US 10 Year Treasury Yield,2015-10-30,2.151
US 10 Year Treasury Yield,2015-11-30,2.218
US 10 Year Treasury Yield,2015-12-31,2.269
US 10 Year Treasury Yield,2016-01-29,1.931
US 10 Year Treasury Yield,2016-02-29,1.74
US 10 Year Treasury Yield,2016-03-31,1.786
US 10 Year Treasury Yield,2016-04-29,1.819
US 10 Year Treasury Yield,2016-05-31,1.834
US 10 Year Treasury Yield,2016-06-30,1.488
US 10 Year Treasury Yield,2016-07-29,1.458
US 10 Year Treasury Yield,2016-08-31,1.568
US 10 Year Treasury Yield,2016-09-30,1.608
US 10 Year Treasury Yield,2016-10-31,1.834
US 10 Year Treasury Yield,2016-11-30,2.368
US 10 Year Treasury Yield,2016-12-30,2.446
US 10 Year Treasury Yield,2017-01-31,2.451
US 10 Year Treasury Yield,2017-02-28,2.358
US 10 Year Treasury Yield,2017-03-31,2.396
US 10 Year Treasury Yield,2017-04-28,2.282
US 10 Year Treasury Yield,2017-05-31,2.196
US 10 Year Treasury Yield,2017-06-30,2.302
US 10 Year Treasury Yield,2017-07-31,2.292
US 10 Year Treasury Yield,2017-08-31,2.121
US 10 Year Treasury Yield,2017-09-29,2.326
US 10 Year Treasury Yield,2017-10-31,2.376
US 10 Year Treasury Yield,2017-11-30,2.417
US 10 Year Treasury Yield,2017-12-29,2.405
US 10 Year Treasury Yield,2018-01-31,2.72
US 10 Year Treasury Yield,2018-02-28,2.868
US 10 Year Treasury Yield,2018-03-29,2.741
US 10 Year Treasury Yield,2018-04-30,2.936
US 10 Year Treasury Yield,2018-05-31,2.822
US 10 Year Treasury Yield,2018-06-29,2.849
US 10 Year Treasury Yield,2018-07-31,2.964
US 10 Year Treasury Yield,2018-08-31,2.853
US 10 Year Treasury Yield,2018-09-28,3.056
US 10 Year Treasury Yield,2018-10-31,3.159
US 10 Year Treasury Yield,2018-11-30,3.013
US 10 Year Treasury Yield,2018-12-31,2.686
US 10 Year Treasury Yield,2019-01-31,2.635
US 10 Year Treasury Yield,2019-02-28,2.711
US 10 Year Treasury Yield,2019-03-29,2.414
US 10 Year Treasury Yield,2019-04-30,2.509
US 10 Year Treasury Yield,2019-05-31,2.142
US 10 Year Treasury Yield,2019-06-28,2
US 10 Year Treasury Yield,2019-07-31,2.021
US 10 Year Treasury Yield,2019-08-30,1.506
US 10 Year Treasury Yield,2019-09-30,1.675
US 10 Year Treasury Yield,2019-10-31,1.691
US 10 Year Treasury Yield,2019-11-29,1.776
US 10 Year Treasury Yield,2019-12-31,1.919
US 10 Year Treasury Yield,2020-01-31,1.52
US 10 Year Treasury Yield,2020-02-28,1.127
US 10 Year Treasury Yield,2020-03-31,0.698
US 10 Year Treasury Yield,2020-04-30,0.622
US 10 Year Treasury Yield,2020-05-29,0.648
US 10 Year Treasury Yield,2020-06-30,0.653
US 10 Year Treasury Yield,2020-07-31,0.536
US 10 Year Treasury Yield,2020-08-31,0.693
US 10 Year Treasury Yield,2020-09-30,0.677
US 10 Year Treasury Yield,2020-10-30,0.86
US 10 Year Treasury Yield,2020-11-30,0.844
US 10 Year Treasury Yield,2020-12-31,0.917
US 10 Year Treasury Yield,2021-01-29,1.093
US 10 Year Treasury Yield,2021-02-26,1.46
US 10 Year Treasury Yield,2021-03-31,1.746
US 10 Year Treasury Yield,2021-04-30,1.631
US 10 Year Treasury Yield,2021-05-28,1.581
US 10 Year Treasury Yield,2021-06-30,1.443
US 10 Year Treasury Yield,2021-07-30,1.239
US 10 Year Treasury Yield,2021-08-31,1.304
US 10 Year Treasury Yield,2021-09-30,1.529
US 10 Year Treasury Yield,2021-10-29,1.557
US 10 Year Treasury Yield,2021-11-30,1.443
US 10 Year Treasury Yield,2021-12-31,1.512
US 10 Year Treasury Yield,2022-01-31,1.782
US 10 Year Treasury Yield,2022-02-28,1.839
US 10 Year Treasury Yield,2022-03-31,2.327
US 10 Year Treasury Yield,2022-04-29,2.887
US 10 Year Treasury Yield,2022-05-31,2.844
US 10 Year Treasury Yield,2022-06-30,2.972
US 10 Year Treasury Yield,2022-07-29,2.642
US 10 Year Treasury Yield,2022-08-31,3.133
US 10 Year Treasury Yield,2022-09-30,3.804
US 10 Year Treasury Yield,2022-10-31,4.077
US 10 Year Treasury Yield,2022-11-30,3.703
US 10 Year Treasury Yield,2022-12-30,3.879
US 10 Year Treasury Yield,2023-01-31,3.529
US 10 Year Treasury Yield,2023-02-28,3.916
US 10 Year Treasury Yield,2023-03-31,3.494
US 10 Year Treasury Yield,2023-04-28,3.452
US 10 Year Treasury Yield,2023-05-31,3.637
US 10 Year Treasury Yield,2023-06-30,3.819
US 10 Year Treasury Yield,2023-07-31,3.959
US 10 Year Treasury Yield,2023-08-31,4.093
US 10 Year Treasury Yield,2023-09-29,4.573
US 10 Year Treasury Yield,2023-10-31,4.875
US 10 Year Treasury Yield,2023-11-30,4.352
US 10 Year Treasury Yield,2023-12-29,3.866
US 10 Year Treasury Yield,2024-01-31,3.967
US 10 Year Treasury Yield,2024-02-29,4.252
US 10 Year Treasury Yield,2024-03-28,4.206
US 10 Year Treasury Yield,2024-04-30,4.686
US 10 Year Treasury Yield,2024-05-31,4.514
US 10 Year Treasury Yield,2024-06-28,4.343
US 10 Year Treasury Yield,2024-07-31,4.109
US 10 Year Treasury Yield,2024-08-30,3.911
US 10 Year Treasury Yield,2024-09-30,3.802
US 10 Year Treasury Yield,2024-10-31,4.284
US 10 Year Treasury Yield,2024-11-29,4.178
US 10 Year Treasury Yield,2024-12-31,4.573
US 10 Year Treasury Yield,2025-01-31,4.569
US 10 Year Treasury Yield,2025-02-28,4.231
US 10 Year Treasury Yield,2025-03-31,4.246
US 10 Year Treasury Yield,2025-04-30,4.177
US 10 Year Treasury Yield,2025-05-30,4.416
US 10 Year Treasury Yield,2025-06-30,4.23
US 10 Year Treasury Yield,2025-07-31,4.36
US 10 Year Treasury Yield,2025-08-29,4.227
US 10 Year Treasury Yield,2025-09-30,4.148
US 10 Year Treasury Yield,2025-10-31,4.101
US 10 Year Treasury Yield,2025-11-28,4.017
US 10 Year Treasury Yield,2025-12-31,4.163
US 10 Year Treasury Yield,2026-01-30,4.241
US 10 Year Treasury Yield,2026-02-27,3.962
US 10 Year Treasury Yield,2026-03-31,4.311
US 10 Year Treasury Yield,2026-04-30,4.39
US 10 Year Treasury Yield,2026-05-29,4.453
US 10 Year Treasury Yield,2026-06-30,4.418
US 10 Year Treasury Yield,2026-07-28,4.604
US 13 Week Treasury Yield,1990-01-31,7.74
US 13 Week Treasury Yield,1990-02-28,7.77
US 13 Week Treasury Yield,1990-03-30,7.8
US 13 Week Treasury Yield,1990-04-30,7.79
US 13 Week Treasury Yield,1990-05-31,7.75
US 13 Week Treasury Yield,1990-06-29,7.74
US 13 Week Treasury Yield,1990-07-31,7.49
US 13 Week Treasury Yield,1990-08-31,7.39
US 13 Week Treasury Yield,1990-09-28,7.14
US 13 Week Treasury Yield,1990-10-31,7.11
US 13 Week Treasury Yield,1990-11-30,7.02
US 13 Week Treasury Yield,1990-12-31,6.44
US 13 Week Treasury Yield,1991-01-31,6.19
US 13 Week Treasury Yield,1991-02-28,6.04
US 13 Week Treasury Yield,1991-03-28,5.74
US 13 Week Treasury Yield,1991-04-30,5.51
US 13 Week Treasury Yield,1991-05-31,5.53
US 13 Week Treasury Yield,1991-06-28,5.54
US 13 Week Treasury Yield,1991-07-31,5.53
US 13 Week Treasury Yield,1991-08-30,5.33
US 13 Week Treasury Yield,1991-09-30,5.11
US 13 Week Treasury Yield,1991-10-31,4.82
US 13 Week Treasury Yield,1991-11-29,4.35
US 13 Week Treasury Yield,1991-12-31,3.88
US 13 Week Treasury Yield,1992-01-31,3.84
US 13 Week Treasury Yield,1992-02-28,3.93
US 13 Week Treasury Yield,1992-03-31,4.05
US 13 Week Treasury Yield,1992-04-30,3.7
US 13 Week Treasury Yield,1992-05-29,3.7
US 13 Week Treasury Yield,1992-06-30,3.57
US 13 Week Treasury Yield,1992-07-31,3.18
US 13 Week Treasury Yield,1992-08-31,3.16
US 13 Week Treasury Yield,1992-09-30,2.69
US 13 Week Treasury Yield,1992-10-30,2.96
US 13 Week Treasury Yield,1992-11-30,3.27
US 13 Week Treasury Yield,1992-12-31,3.08
US 13 Week Treasury Yield,1993-01-29,2.9
US 13 Week Treasury Yield,1993-02-26,2.95
US 13 Week Treasury Yield,1993-03-31,2.89
US 13 Week Treasury Yield,1993-04-30,2.91
US 13 Week Treasury Yield,1993-05-28,3.06
US 13 Week Treasury Yield,1993-06-30,3.03
US 13 Week Treasury Yield,1993-07-30,3.03
US 13 Week Treasury Yield,1993-08-31,3.01
US 13 Week Treasury Yield,1993-09-30,2.92
US 13 Week Treasury Yield,1993-10-29,3.03
US 13 Week Treasury Yield,1993-11-30,3.14
US 13 Week Treasury Yield,1993-12-31,3
US 13 Week Treasury Yield,1994-01-31,2.97
US 13 Week Treasury Yield,1994-02-28,3.36
US 13 Week Treasury Yield,1994-03-31,3.47
US 13 Week Treasury Yield,1994-04-29,3.86
US 13 Week Treasury Yield,1994-05-31,4.17
US 13 Week Treasury Yield,1994-06-30,4.14
US 13 Week Treasury Yield,1994-07-29,4.27
US 13 Week Treasury Yield,1994-08-31,4.56
US 13 Week Treasury Yield,1994-09-30,4.67
US 13 Week Treasury Yield,1994-10-31,5.02
US 13 Week Treasury Yield,1994-11-30,5.55
US 13 Week Treasury Yield,1994-12-30,5.53
US 13 Week Treasury Yield,1995-01-31,5.84
US 13 Week Treasury Yield,1995-02-28,5.75
US 13 Week Treasury Yield,1995-03-31,5.7
US 13 Week Treasury Yield,1995-04-28,5.69
US 13 Week Treasury Yield,1995-05-31,5.63
US 13 Week Treasury Yield,1995-06-30,5.43
US 13 Week Treasury Yield,1995-07-31,5.42
US 13 Week Treasury Yield,1995-08-31,5.27
US 13 Week Treasury Yield,1995-09-29,5.24
US 13 Week Treasury Yield,1995-10-31,5.31
US 13 Week Treasury Yield,1995-11-30,5.32
US 13 Week Treasury Yield,1995-12-29,4.96
US 13 Week Treasury Yield,1996-01-31,4.91
US 13 Week Treasury Yield,1996-02-29,4.88
US 13 Week Treasury Yield,1996-03-29,5
US 13 Week Treasury Yield,1996-04-30,5.01
US 13 Week Treasury Yield,1996-05-31,5.04
US 13 Week Treasury Yield,1996-06-28,5.03
US 13 Week Treasury Yield,1996-07-31,5.18
US 13 Week Treasury Yield,1996-08-30,5.14
US 13 Week Treasury Yield,1996-09-30,4.91
US 13 Week Treasury Yield,1996-10-31,5.01
US 13 Week Treasury Yield,1996-11-29,4.99
US 13 Week Treasury Yield,1996-12-31,5.05
US 13 Week Treasury Yield,1997-01-31,5.01
US 13 Week Treasury Yield,1997-02-28,5.07
US 13 Week Treasury Yield,1997-03-31,5.17
US 13 Week Treasury Yield,1997-04-30,5.1
US 13 Week Treasury Yield,1997-05-30,4.82
US 13 Week Treasury Yield,1997-06-30,5.05
US 13 Week Treasury Yield,1997-07-31,5.1
US 13 Week Treasury Yield,1997-08-29,5.09
US 13 Week Treasury Yield,1997-09-30,4.97
US 13 Week Treasury Yield,1997-10-31,5.06
US 13 Week Treasury Yield,1997-11-28,5.06
US 13 Week Treasury Yield,1997-12-31,5.2
US 13 Week Treasury Yield,1998-01-30,5.04
US 13 Week Treasury Yield,1998-02-27,5.18
US 13 Week Treasury Yield,1998-03-31,4.99
US 13 Week Treasury Yield,1998-04-30,4.85
US 13 Week Treasury Yield,1998-05-29,4.89
US 13 Week Treasury Yield,1998-06-30,4.97
US 13 Week Treasury Yield,1998-07-31,4.95
US 13 Week Treasury Yield,1998-08-31,4.76
US 13 Week Treasury Yield,1998-09-30,4.25
US 13 Week Treasury Yield,1998-10-30,4.21
US 13 Week Treasury Yield,1998-11-30,4.42
US 13 Week Treasury Yield,1998-12-31,4.35
US 13 Week Treasury Yield,1999-01-29,4.36
US 13 Week Treasury Yield,1999-02-26,4.55
US 13 Week Treasury Yield,1999-03-31,4.36
US 13 Week Treasury Yield,1999-04-30,4.43
US 13 Week Treasury Yield,1999-05-28,4.51
US 13 Week Treasury Yield,1999-06-30,4.67
US 13 Week Treasury Yield,1999-07-30,4.62
US 13 Week Treasury Yield,1999-08-31,4.85
US 13 Week Treasury Yield,1999-09-30,4.71
US 13 Week Treasury Yield,1999-10-29,4.96
US 13 Week Treasury Yield,1999-11-30,5.15
US 13 Week Treasury Yield,1999-12-31,5.17
US 13 Week Treasury Yield,2000-01-31,5.53
US 13 Week Treasury Yield,2000-02-29,5.64
US 13 Week Treasury Yield,2000-03-31,5.72
US 13 Week Treasury Yield,2000-04-28,5.65
US 13 Week Treasury Yield,2000-05-31,5.49
US 13 Week Treasury Yield,2000-06-30,5.7
US 13 Week Treasury Yield,2000-07-31,6.02
US 13 Week Treasury Yield,2000-08-31,6.11
US 13 Week Treasury Yield,2000-09-29,6.03
US 13 Week Treasury Yield,2000-10-31,6.15
US 13 Week Treasury Yield,2000-11-30,6.01
US 13 Week Treasury Yield,2000-12-29,5.73
US 13 Week Treasury Yield,2001-01-31,4.84
US 13 Week Treasury Yield,2001-02-28,4.72
US 13 Week Treasury Yield,2001-03-30,4.18
US 13 Week Treasury Yield,2001-04-30,3.83
US 13 Week Treasury Yield,2001-05-31,3.54
US 13 Week Treasury Yield,2001-06-29,3.56
US 13 Week Treasury Yield,2001-07-31,3.44
US 13 Week Treasury Yield,2001-08-31,3.28
US 13 Week Treasury Yield,2001-09-28,2.3
US 13 Week Treasury Yield,2001-10-31,2.01
US 13 Week Treasury Yield,2001-11-30,1.73
US 13 Week Treasury Yield,2001-12-31,1.67
US 13 Week Treasury Yield,2002-01-31,1.72
US 13 Week Treasury Yield,2002-02-28,1.72
US 13 Week Treasury Yield,2002-03-28,1.74
US 13 Week Treasury Yield,2002-04-30,1.73
US 13 Week Treasury Yield,2002-05-31,1.705
US 13 Week Treasury Yield,2002-06-28,1.659
US 13 Week Treasury Yield,2002-07-31,1.665
US 13 Week Treasury Yield,2002-08-30,1.645
US 13 Week Treasury Yield,2002-09-30,1.527
US 13 Week Treasury Yield,2002-10-31,1.417
US 13 Week Treasury Yield,2002-11-29,1.202
US 13 Week Treasury Yield,2002-12-31,1.182
US 13 Week Treasury Yield,2003-01-31,1.148
US 13 Week Treasury Yield,2003-02-28,1.175
US 13 Week Treasury Yield,2003-03-31,1.09
US 13 Week Treasury Yield,2003-04-30,1.101
US 13 Week Treasury Yield,2003-05-30,1.085
US 13 Week Treasury Yield,2003-06-30,0.838
US 13 Week Treasury Yield,2003-07-31,0.927
US 13 Week Treasury Yield,2003-08-29,0.96
US 13 Week Treasury Yield,2003-09-30,0.926
US 13 Week Treasury Yield,2003-10-31,0.932
US 13 Week Treasury Yield,2003-11-28,0.908
US 13 Week Treasury Yield,2003-12-31,0.907
US 13 Week Treasury Yield,2004-01-30,0.897
US 13 Week Treasury Yield,2004-02-27,0.927
US 13 Week Treasury Yield,2004-03-31,0.923
US 13 Week Treasury Yield,2004-04-30,0.952
US 13 Week Treasury Yield,2004-05-28,1.052
US 13 Week Treasury Yield,2004-06-30,1.303
US 13 Week Treasury Yield,2004-07-30,1.412
US 13 Week Treasury Yield,2004-08-31,1.568
US 13 Week Treasury Yield,2004-09-30,1.674
US 13 Week Treasury Yield,2004-10-29,1.867
US 13 Week Treasury Yield,2004-11-30,2.182
US 13 Week Treasury Yield,2004-12-31,2.182
US 13 Week Treasury Yield,2005-01-31,2.422
US 13 Week Treasury Yield,2005-02-28,2.69
US 13 Week Treasury Yield,2005-03-31,2.722
US 13 Week Treasury Yield,2005-04-29,2.837
US 13 Week Treasury Yield,2005-05-31,2.882
US 13 Week Treasury Yield,2005-06-30,3.06
US 13 Week Treasury Yield,2005-07-29,3.332
US 13 Week Treasury Yield,2005-08-31,3.43
US 13 Week Treasury Yield,2005-09-30,3.47
US 13 Week Treasury Yield,2005-10-31,3.805
US 13 Week Treasury Yield,2005-11-30,3.857
US 13 Week Treasury Yield,2005-12-30,3.985
US 13 Week Treasury Yield,2006-01-31,4.37
US 13 Week Treasury Yield,2006-02-28,4.507
US 13 Week Treasury Yield,2006-03-31,4.515
US 13 Week Treasury Yield,2006-04-28,4.65
US 13 Week Treasury Yield,2006-05-31,4.715
US 13 Week Treasury Yield,2006-06-30,4.86
US 13 Week Treasury Yield,2006-07-31,4.935
US 13 Week Treasury Yield,2006-08-31,4.905
US 13 Week Treasury Yield,2006-09-29,4.76
US 13 Week Treasury Yield,2006-10-31,4.94
US 13 Week Treasury Yield,2006-11-30,4.89
US 13 Week Treasury Yield,2006-12-29,4.885
US 13 Week Treasury Yield,2007-01-31,4.975
US 13 Week Treasury Yield,2007-02-28,4.995
US 13 Week Treasury Yield,2007-03-30,4.895
US 13 Week Treasury Yield,2007-04-30,4.725
US 13 Week Treasury Yield,2007-05-31,4.59
US 13 Week Treasury Yield,2007-06-29,4.67
US 13 Week Treasury Yield,2007-07-31,4.81
US 13 Week Treasury Yield,2007-08-31,3.99
US 13 Week Treasury Yield,2007-09-28,3.7
US 13 Week Treasury Yield,2007-10-31,3.82
US 13 Week Treasury Yield,2007-11-30,3.07
US 13 Week Treasury Yield,2007-12-31,3.14
US 13 Week Treasury Yield,2008-01-31,1.87
US 13 Week Treasury Yield,2008-02-29,1.785
US 13 Week Treasury Yield,2008-03-31,1.275
US 13 Week Treasury Yield,2008-04-30,1.34
US 13 Week Treasury Yield,2008-05-30,1.85
US 13 Week Treasury Yield,2008-06-30,1.705
US 13 Week Treasury Yield,2008-07-31,1.635
US 13 Week Treasury Yield,2008-08-29,1.69
US 13 Week Treasury Yield,2008-09-30,0.9
US 13 Week Treasury Yield,2008-10-31,0.435
US 13 Week Treasury Yield,2008-11-28,0.02
US 13 Week Treasury Yield,2008-12-31,0.115
US 13 Week Treasury Yield,2009-01-30,0.22
US 13 Week Treasury Yield,2009-02-27,0.25
US 13 Week Treasury Yield,2009-03-31,0.2
US 13 Week Treasury Yield,2009-04-30,0.125
US 13 Week Treasury Yield,2009-05-29,0.13
US 13 Week Treasury Yield,2009-06-30,0.18
US 13 Week Treasury Yield,2009-07-31,0.175
US 13 Week Treasury Yield,2009-08-31,0.13
US 13 Week Treasury Yield,2009-09-30,0.115
US 13 Week Treasury Yield,2009-10-30,0.045
US 13 Week Treasury Yield,2009-11-30,0.05
US 13 Week Treasury Yield,2009-12-31,0.05
US 13 Week Treasury Yield,2010-01-29,0.07
US 13 Week Treasury Yield,2010-02-26,0.115
US 13 Week Treasury Yield,2010-03-31,0.15
US 13 Week Treasury Yield,2010-04-30,0.155
US 13 Week Treasury Yield,2010-05-28,0.15
US 13 Week Treasury Yield,2010-06-30,0.17
US 13 Week Treasury Yield,2010-07-30,0.14
US 13 Week Treasury Yield,2010-08-31,0.135
US 13 Week Treasury Yield,2010-09-30,0.155
US 13 Week Treasury Yield,2010-10-29,0.11
US 13 Week Treasury Yield,2010-11-30,0.16
US 13 Week Treasury Yield,2010-12-31,0.115
US 13 Week Treasury Yield,2011-01-31,0.145
US 13 Week Treasury Yield,2011-02-28,0.135
US 13 Week Treasury Yield,2011-03-31,0.09
US 13 Week Treasury Yield,2011-04-29,0.04
US 13 Week Treasury Yield,2011-05-31,0.04
US 13 Week Treasury Yield,2011-06-30,0.015
US 13 Week Treasury Yield,2011-07-29,0.09
US 13 Week Treasury Yield,2011-08-31,0.015
US 13 Week Treasury Yield,2011-09-30,0.01
US 13 Week Treasury Yield,2011-10-31,0.005
US 13 Week Treasury Yield,2011-11-30,0.015
US 13 Week Treasury Yield,2011-12-30,0.005
US 13 Week Treasury Yield,2012-01-31,0.055
US 13 Week Treasury Yield,2012-02-29,0.075
US 13 Week Treasury Yield,2012-03-30,0.065
US 13 Week Treasury Yield,2012-04-30,0.09
US 13 Week Treasury Yield,2012-05-31,0.06
US 13 Week Treasury Yield,2012-06-29,0.08
US 13 Week Treasury Yield,2012-07-31,0.1
US 13 Week Treasury Yield,2012-08-31,0.085
US 13 Week Treasury Yield,2012-09-28,0.09
US 13 Week Treasury Yield,2012-10-31,0.105
US 13 Week Treasury Yield,2012-11-30,0.075
US 13 Week Treasury Yield,2012-12-31,0.035
US 13 Week Treasury Yield,2013-01-31,0.065
US 13 Week Treasury Yield,2013-02-28,0.1
US 13 Week Treasury Yield,2013-03-28,0.065
US 13 Week Treasury Yield,2013-04-30,0.045
US 13 Week Treasury Yield,2013-05-31,0.03
US 13 Week Treasury Yield,2013-06-28,0.03
US 13 Week Treasury Yield,2013-07-31,0.03
US 13 Week Treasury Yield,2013-08-30,0.02
US 13 Week Treasury Yield,2013-09-30,0.005
US 13 Week Treasury Yield,2013-10-31,0.033
US 13 Week Treasury Yield,2013-11-29,0.055
US 13 Week Treasury Yield,2013-12-31,0.063
US 13 Week Treasury Yield,2014-01-31,0.01
US 13 Week Treasury Yield,2014-02-28,0.043
US 13 Week Treasury Yield,2014-03-31,0.028
US 13 Week Treasury Yield,2014-04-30,0.02
US 13 Week Treasury Yield,2014-05-30,0.03
US 13 Week Treasury Yield,2014-06-30,0.02
US 13 Week Treasury Yield,2014-07-31,0.018
US 13 Week Treasury Yield,2014-08-29,0.018
US 13 Week Treasury Yield,2014-09-30,0.013
US 13 Week Treasury Yield,2014-10-31,0.003
US 13 Week Treasury Yield,2014-11-28,0.005
US 13 Week Treasury Yield,2014-12-31,0.037
US 13 Week Treasury Yield,2015-01-30,0.005
US 13 Week Treasury Yield,2015-02-27,0.008
US 13 Week Treasury Yield,2015-03-31,0.025
US 13 Week Treasury Yield,2015-04-30,0.005
US 13 Week Treasury Yield,2015-05-29,0.003
US 13 Week Treasury Yield,2015-06-30,0.01
US 13 Week Treasury Yield,2015-07-31,0.058
US 13 Week Treasury Yield,2015-08-31,0.003
US 13 Week Treasury Yield,2015-09-30,0.005
US 13 Week Treasury Yield,2015-10-30,0.068
US 13 Week Treasury Yield,2015-11-30,0.17
US 13 Week Treasury Yield,2015-12-31,0.148
US 13 Week Treasury Yield,2016-01-29,0.3
US 13 Week Treasury Yield,2016-02-29,0.308
US 13 Week Treasury Yield,2016-03-31,0.193
US 13 Week Treasury Yield,2016-04-29,0.193
US 13 Week Treasury Yield,2016-05-31,0.283
US 13 Week Treasury Yield,2016-06-30,0.248
US 13 Week Treasury Yield,2016-07-29,0.24
US 13 Week Treasury Yield,2016-08-31,0.32
US 13 Week Treasury Yield,2016-09-30,0.26
US 13 Week Treasury Yield,2016-10-31,0.295
US 13 Week Treasury Yield,2016-11-30,0.468
US 13 Week Treasury Yield,2016-12-30,0.48
US 13 Week Treasury Yield,2017-01-31,0.5
US 13 Week Treasury Yield,2017-02-28,0.523
US 13 Week Treasury Yield,2017-03-31,0.738
US 13 Week Treasury Yield,2017-04-28,0.78
US 13 Week Treasury Yield,2017-05-31,0.95
US 13 Week Treasury Yield,2017-06-30,0.993
US 13 Week Treasury Yield,2017-07-31,1.053
US 13 Week Treasury Yield,2017-08-31,0.978
US 13 Week Treasury Yield,2017-09-29,1.028
US 13 Week Treasury Yield,2017-10-31,1.123
US 13 Week Treasury Yield,2017-11-30,1.238
US 13 Week Treasury Yield,2017-12-29,1.355
US 13 Week Treasury Yield,2018-01-31,1.43
US 13 Week Treasury Yield,2018-02-28,1.618
US 13 Week Treasury Yield,2018-03-29,1.67
US 13 Week Treasury Yield,2018-04-30,1.763
US 13 Week Treasury Yield,2018-05-31,1.87
US 13 Week Treasury Yield,2018-06-29,1.88
US 13 Week Treasury Yield,2018-07-31,1.985
US 13 Week Treasury Yield,2018-08-31,2.055
US 13 Week Treasury Yield,2018-09-28,2.15
US 13 Week Treasury Yield,2018-10-31,2.278
US 13 Week Treasury Yield,2018-11-30,2.308
US 13 Week Treasury Yield,2018-12-31,2.3
US 13 Week Treasury Yield,2019-01-31,2.34
US 13 Week Treasury Yield,2019-02-28,2.383
US 13 Week Treasury Yield,2019-03-29,2.328
US 13 Week Treasury Yield,2019-04-30,2.368
US 13 Week Treasury Yield,2019-05-31,2.293
US 13 Week Treasury Yield,2019-06-28,2.035
US 13 Week Treasury Yield,2019-07-31,2.03
US 13 Week Treasury Yield,2019-08-30,1.933
US 13 Week Treasury Yield,2019-09-30,1.77
US 13 Week Treasury Yield,2019-10-31,1.498
US 13 Week Treasury Yield,2019-11-29,1.54
US 13 Week Treasury Yield,2019-12-31,1.505
US 13 Week Treasury Yield,2020-01-31,1.51
US 13 Week Treasury Yield,2020-02-28,1.23
US 13 Week Treasury Yield,2020-03-31,0.03
US 13 Week Treasury Yield,2020-04-30,0.09
US 13 Week Treasury Yield,2020-05-29,0.128
US 13 Week Treasury Yield,2020-06-30,0.135
US 13 Week Treasury Yield,2020-07-31,0.083
US 13 Week Treasury Yield,2020-08-31,0.095
US 13 Week Treasury Yield,2020-09-30,0.085
US 13 Week Treasury Yield,2020-10-30,0.083
US 13 Week Treasury Yield,2020-11-30,0.075
US 13 Week Treasury Yield,2020-12-31,0.065
US 13 Week Treasury Yield,2021-01-29,0.048
US 13 Week Treasury Yield,2021-02-26,0.035
US 13 Week Treasury Yield,2021-03-31,0.013
US 13 Week Treasury Yield,2021-04-30,0.003
US 13 Week Treasury Yield,2021-05-28,0.008
US 13 Week Treasury Yield,2021-06-30,0.04
US 13 Week Treasury Yield,2021-07-30,0.04
US 13 Week Treasury Yield,2021-08-31,0.04
US 13 Week Treasury Yield,2021-09-30,0.028
US 13 Week Treasury Yield,2021-10-29,0.048
US 13 Week Treasury Yield,2021-11-30,0.048
US 13 Week Treasury Yield,2021-12-31,0.033
US 13 Week Treasury Yield,2022-01-31,0.173
US 13 Week Treasury Yield,2022-02-28,0.288
US 13 Week Treasury Yield,2022-03-31,0.493
US 13 Week Treasury Yield,2022-04-29,0.808
US 13 Week Treasury Yield,2022-05-31,1.03
US 13 Week Treasury Yield,2022-06-30,1.6
US 13 Week Treasury Yield,2022-07-29,2.298
US 13 Week Treasury Yield,2022-08-31,2.86
US 13 Week Treasury Yield,2022-09-30,3.18
US 13 Week Treasury Yield,2022-10-31,3.975
US 13 Week Treasury Yield,2022-11-30,4.253
US 13 Week Treasury Yield,2022-12-30,4.26
US 13 Week Treasury Yield,2023-01-31,4.57
US 13 Week Treasury Yield,2023-02-28,4.71
US 13 Week Treasury Yield,2023-03-31,4.585
US 13 Week Treasury Yield,2023-04-28,4.923
US 13 Week Treasury Yield,2023-05-31,5.248
US 13 Week Treasury Yield,2023-06-30,5.153
US 13 Week Treasury Yield,2023-07-31,5.248
US 13 Week Treasury Yield,2023-08-31,5.298
US 13 Week Treasury Yield,2023-09-29,5.3
US 13 Week Treasury Yield,2023-10-31,5.32
US 13 Week Treasury Yield,2023-11-30,5.238
US 13 Week Treasury Yield,2023-12-29,5.18
US 13 Week Treasury Yield,2024-01-31,5.188
US 13 Week Treasury Yield,2024-02-29,5.223
US 13 Week Treasury Yield,2024-03-28,5.203
US 13 Week Treasury Yield,2024-04-30,5.245
US 13 Week Treasury Yield,2024-05-31,5.245
US 13 Week Treasury Yield,2024-06-28,5.213
US 13 Week Treasury Yield,2024-07-31,5.135
US 13 Week Treasury Yield,2024-08-30,4.968
US 13 Week Treasury Yield,2024-09-30,4.498
US 13 Week Treasury Yield,2024-10-31,4.432
US 13 Week Treasury Yield,2024-11-29,4.373
US 13 Week Treasury Yield,2024-12-31,4.208
US 13 Week Treasury Yield,2025-01-31,4.188
US 13 Week Treasury Yield,2025-02-28,4.193
US 13 Week Treasury Yield,2025-03-31,4.193
US 13 Week Treasury Yield,2025-04-30,4.19
US 13 Week Treasury Yield,2025-05-30,4.232
US 13 Week Treasury Yield,2025-06-30,4.19
US 13 Week Treasury Yield,2025-07-31,4.235
US 13 Week Treasury Yield,2025-08-29,4.043
US 13 Week Treasury Yield,2025-09-30,3.845
US 13 Week Treasury Yield,2025-10-31,3.718
US 13 Week Treasury Yield,2025-11-28,3.697
US 13 Week Treasury Yield,2025-12-31,3.547
US 13 Week Treasury Yield,2026-01-30,3.572
US 13 Week Treasury Yield,2026-02-27,3.578
US 13 Week Treasury Yield,2026-03-31,3.6
US 13 Week Treasury Yield,2026-04-30,3.585
US 13 Week Treasury Yield,2026-05-29,3.588
US 13 Week Treasury Yield,2026-06-30,3.732
US 13 Week Treasury Yield,2026-07-28,3.76
US 30 Year Treasury Yield,1990-01-31,8.46
US 30 Year Treasury Yield,1990-02-28,8.54
US 30 Year Treasury Yield,1990-03-30,8.63
US 30 Year Treasury Yield,1990-04-30,9
US 30 Year Treasury Yield,1990-05-31,8.58
US 30 Year Treasury Yield,1990-06-29,8.41
US 30 Year Treasury Yield,1990-07-31,8.42
US 30 Year Treasury Yield,1990-08-31,8.99
US 30 Year Treasury Yield,1990-09-28,8.96
US 30 Year Treasury Yield,1990-10-31,8.78
US 30 Year Treasury Yield,1990-11-30,8.4
US 30 Year Treasury Yield,1990-12-31,8.26
US 30 Year Treasury Yield,1991-01-31,8.21
US 30 Year Treasury Yield,1991-02-28,8.19
US 30 Year Treasury Yield,1991-03-28,8.24
US 30 Year Treasury Yield,1991-04-30,8.2
US 30 Year Treasury Yield,1991-05-31,8.26
US 30 Year Treasury Yield,1991-06-28,8.42
US 30 Year Treasury Yield,1991-07-31,8.36
US 30 Year Treasury Yield,1991-08-30,8.06
US 30 Year Treasury Yield,1991-09-30,7.82
US 30 Year Treasury Yield,1991-10-31,7.91
US 30 Year Treasury Yield,1991-11-29,7.94
US 30 Year Treasury Yield,1991-12-31,7.41
US 30 Year Treasury Yield,1992-01-31,7.77
US 30 Year Treasury Yield,1992-02-28,7.8
US 30 Year Treasury Yield,1992-03-31,7.96
US 30 Year Treasury Yield,1992-04-30,8.06
US 30 Year Treasury Yield,1992-05-29,7.84
US 30 Year Treasury Yield,1992-06-30,7.79
US 30 Year Treasury Yield,1992-07-31,7.46
US 30 Year Treasury Yield,1992-08-31,7.42
US 30 Year Treasury Yield,1992-09-30,7.38
US 30 Year Treasury Yield,1992-10-30,7.63
US 30 Year Treasury Yield,1992-11-30,7.59
US 30 Year Treasury Yield,1992-12-31,7.4
US 30 Year Treasury Yield,1993-01-29,7.21
US 30 Year Treasury Yield,1993-02-26,6.9
US 30 Year Treasury Yield,1993-03-31,6.93
US 30 Year Treasury Yield,1993-04-30,6.95
US 30 Year Treasury Yield,1993-05-28,6.98
US 30 Year Treasury Yield,1993-06-30,6.68
US 30 Year Treasury Yield,1993-07-30,6.57
US 30 Year Treasury Yield,1993-08-31,6.09
US 30 Year Treasury Yield,1993-09-30,6.04
US 30 Year Treasury Yield,1993-10-29,5.965
US 30 Year Treasury Yield,1993-11-30,6.286
US 30 Year Treasury Yield,1993-12-31,6.339
US 30 Year Treasury Yield,1994-01-31,6.224
US 30 Year Treasury Yield,1994-02-28,6.671
US 30 Year Treasury Yield,1994-03-31,7.125
US 30 Year Treasury Yield,1994-04-29,7.302
US 30 Year Treasury Yield,1994-05-31,7.435
US 30 Year Treasury Yield,1994-06-30,7.612
US 30 Year Treasury Yield,1994-07-29,7.379
US 30 Year Treasury Yield,1994-08-31,7.441
US 30 Year Treasury Yield,1994-09-30,7.819
US 30 Year Treasury Yield,1994-10-31,7.962
US 30 Year Treasury Yield,1994-11-30,7.977
US 30 Year Treasury Yield,1994-12-30,7.87
US 30 Year Treasury Yield,1995-01-31,7.69
US 30 Year Treasury Yield,1995-02-28,7.445
US 30 Year Treasury Yield,1995-03-31,7.43
US 30 Year Treasury Yield,1995-04-28,7.333
US 30 Year Treasury Yield,1995-05-31,6.644
US 30 Year Treasury Yield,1995-06-30,6.624
US 30 Year Treasury Yield,1995-07-31,6.855
US 30 Year Treasury Yield,1995-08-31,6.645
US 30 Year Treasury Yield,1995-09-29,6.482
US 30 Year Treasury Yield,1995-10-31,6.317
US 30 Year Treasury Yield,1995-11-30,6.132
US 30 Year Treasury Yield,1995-12-29,5.949
US 30 Year Treasury Yield,1996-01-31,6.023
US 30 Year Treasury Yield,1996-02-29,6.492
US 30 Year Treasury Yield,1996-03-29,6.679
US 30 Year Treasury Yield,1996-04-30,6.877
US 30 Year Treasury Yield,1996-05-31,6.991
US 30 Year Treasury Yield,1996-06-28,6.898
US 30 Year Treasury Yield,1996-07-31,6.966
US 30 Year Treasury Yield,1996-08-30,7.107
US 30 Year Treasury Yield,1996-09-30,6.923
US 30 Year Treasury Yield,1996-10-31,6.65
US 30 Year Treasury Yield,1996-11-29,6.352
US 30 Year Treasury Yield,1996-12-31,6.635
US 30 Year Treasury Yield,1997-01-31,6.797
US 30 Year Treasury Yield,1997-02-28,6.787
US 30 Year Treasury Yield,1997-03-31,7.101
US 30 Year Treasury Yield,1997-04-30,6.951
US 30 Year Treasury Yield,1997-05-30,6.913
US 30 Year Treasury Yield,1997-06-30,6.794
US 30 Year Treasury Yield,1997-07-31,6.294
US 30 Year Treasury Yield,1997-08-29,6.601
US 30 Year Treasury Yield,1997-09-30,6.407
US 30 Year Treasury Yield,1997-10-31,6.144
US 30 Year Treasury Yield,1997-11-28,6.036
US 30 Year Treasury Yield,1997-12-31,5.925
US 30 Year Treasury Yield,1998-01-30,5.805
US 30 Year Treasury Yield,1998-02-27,5.918
US 30 Year Treasury Yield,1998-03-31,5.937
US 30 Year Treasury Yield,1998-04-30,5.946
US 30 Year Treasury Yield,1998-05-29,5.8
US 30 Year Treasury Yield,1998-06-30,5.618
US 30 Year Treasury Yield,1998-07-31,5.717
US 30 Year Treasury Yield,1998-08-31,5.291
US 30 Year Treasury Yield,1998-09-30,4.976
US 30 Year Treasury Yield,1998-10-30,5.143
US 30 Year Treasury Yield,1998-11-30,5.07
US 30 Year Treasury Yield,1998-12-31,5.084
US 30 Year Treasury Yield,1999-01-29,5.086
US 30 Year Treasury Yield,1999-02-26,5.553
US 30 Year Treasury Yield,1999-03-31,5.621
US 30 Year Treasury Yield,1999-04-30,5.673
US 30 Year Treasury Yield,1999-05-28,5.823
US 30 Year Treasury Yield,1999-06-30,5.988
US 30 Year Treasury Yield,1999-07-30,6.104
US 30 Year Treasury Yield,1999-08-31,6.066
US 30 Year Treasury Yield,1999-09-30,6.056
US 30 Year Treasury Yield,1999-10-29,6.149
US 30 Year Treasury Yield,1999-11-30,6.281
US 30 Year Treasury Yield,1999-12-31,6.477
US 30 Year Treasury Yield,2000-01-31,6.491
US 30 Year Treasury Yield,2000-02-29,6.133
US 30 Year Treasury Yield,2000-03-31,5.846
US 30 Year Treasury Yield,2000-04-28,5.962
US 30 Year Treasury Yield,2000-05-31,6.017
US 30 Year Treasury Yield,2000-06-30,5.881
US 30 Year Treasury Yield,2000-07-31,5.78
US 30 Year Treasury Yield,2000-08-31,5.674
US 30 Year Treasury Yield,2000-09-29,5.869
US 30 Year Treasury Yield,2000-10-31,5.784
US 30 Year Treasury Yield,2000-11-30,5.586
US 30 Year Treasury Yield,2000-12-29,5.459
US 30 Year Treasury Yield,2001-01-31,5.536
US 30 Year Treasury Yield,2001-02-28,5.337
US 30 Year Treasury Yield,2001-03-30,5.453
US 30 Year Treasury Yield,2001-04-30,5.772
US 30 Year Treasury Yield,2001-05-31,5.779
US 30 Year Treasury Yield,2001-06-29,5.736
US 30 Year Treasury Yield,2001-07-31,5.502
US 30 Year Treasury Yield,2001-08-31,5.368
US 30 Year Treasury Yield,2001-09-28,5.415
US 30 Year Treasury Yield,2001-10-31,4.873
US 30 Year Treasury Yield,2001-11-30,5.265
US 30 Year Treasury Yield,2001-12-31,5.478
US 30 Year Treasury Yield,2002-01-31,5.426
US 30 Year Treasury Yield,2002-02-28,5.409
US 30 Year Treasury Yield,2002-03-28,5.815
US 30 Year Treasury Yield,2002-04-30,5.594
US 30 Year Treasury Yield,2002-05-31,5.612
US 30 Year Treasury Yield,2002-06-28,5.517
US 30 Year Treasury Yield,2002-07-31,5.305
US 30 Year Treasury Yield,2002-08-30,4.937
US 30 Year Treasury Yield,2002-09-30,4.662
US 30 Year Treasury Yield,2002-10-31,5.007
US 30 Year Treasury Yield,2002-11-29,5.048
US 30 Year Treasury Yield,2002-12-31,4.783
US 30 Year Treasury Yield,2003-01-31,4.847
US 30 Year Treasury Yield,2003-02-28,4.676
US 30 Year Treasury Yield,2003-03-31,4.837
US 30 Year Treasury Yield,2003-04-30,4.778
US 30 Year Treasury Yield,2003-05-30,4.362
US 30 Year Treasury Yield,2003-06-30,4.566
US 30 Year Treasury Yield,2003-07-31,5.41
US 30 Year Treasury Yield,2003-08-29,5.224
US 30 Year Treasury Yield,2003-09-30,4.884
US 30 Year Treasury Yield,2003-10-31,5.145
US 30 Year Treasury Yield,2003-11-28,5.126
US 30 Year Treasury Yield,2003-12-31,5.068
US 30 Year Treasury Yield,2004-01-30,4.965
US 30 Year Treasury Yield,2004-02-27,4.857
US 30 Year Treasury Yield,2004-03-31,4.777
US 30 Year Treasury Yield,2004-04-30,5.282
US 30 Year Treasury Yield,2004-05-28,5.348
US 30 Year Treasury Yield,2004-06-30,5.313
US 30 Year Treasury Yield,2004-07-30,5.205
US 30 Year Treasury Yield,2004-08-31,4.938
US 30 Year Treasury Yield,2004-09-30,4.891
US 30 Year Treasury Yield,2004-10-29,4.794
US 30 Year Treasury Yield,2004-11-30,5.012
US 30 Year Treasury Yield,2004-12-31,4.822
US 30 Year Treasury Yield,2005-01-31,4.59
US 30 Year Treasury Yield,2005-02-28,4.706
US 30 Year Treasury Yield,2005-03-31,4.766
US 30 Year Treasury Yield,2005-04-29,4.519
US 30 Year Treasury Yield,2005-05-31,4.347
US 30 Year Treasury Yield,2005-06-30,4.219
US 30 Year Treasury Yield,2005-07-29,4.474
US 30 Year Treasury Yield,2005-08-31,4.261
US 30 Year Treasury Yield,2005-09-30,4.568
US 30 Year Treasury Yield,2005-10-31,4.755
US 30 Year Treasury Yield,2005-11-30,4.703
US 30 Year Treasury Yield,2005-12-30,4.547
US 30 Year Treasury Yield,2006-01-31,4.685
US 30 Year Treasury Yield,2006-02-28,4.503
US 30 Year Treasury Yield,2006-03-31,4.893
US 30 Year Treasury Yield,2006-04-28,5.169
US 30 Year Treasury Yield,2006-05-31,5.207
US 30 Year Treasury Yield,2006-06-30,5.186
US 30 Year Treasury Yield,2006-07-31,5.07
US 30 Year Treasury Yield,2006-08-31,4.878
US 30 Year Treasury Yield,2006-09-29,4.767
US 30 Year Treasury Yield,2006-10-31,4.719
US 30 Year Treasury Yield,2006-11-30,4.561
US 30 Year Treasury Yield,2006-12-29,4.818
US 30 Year Treasury Yield,2007-01-31,4.926
US 30 Year Treasury Yield,2007-02-28,4.669
US 30 Year Treasury Yield,2007-03-30,4.848
US 30 Year Treasury Yield,2007-04-30,4.817
US 30 Year Treasury Yield,2007-05-31,5.011
US 30 Year Treasury Yield,2007-06-29,5.126
US 30 Year Treasury Yield,2007-07-31,4.922
US 30 Year Treasury Yield,2007-08-31,4.831
US 30 Year Treasury Yield,2007-09-28,4.833
US 30 Year Treasury Yield,2007-10-31,4.751
US 30 Year Treasury Yield,2007-11-30,4.403
US 30 Year Treasury Yield,2007-12-31,4.459
US 30 Year Treasury Yield,2008-01-31,4.354
US 30 Year Treasury Yield,2008-02-29,4.421
US 30 Year Treasury Yield,2008-03-31,4.306
US 30 Year Treasury Yield,2008-04-30,4.497
US 30 Year Treasury Yield,2008-05-30,4.707
US 30 Year Treasury Yield,2008-06-30,4.531
US 30 Year Treasury Yield,2008-07-31,4.603
US 30 Year Treasury Yield,2008-08-29,4.412
US 30 Year Treasury Yield,2008-09-30,4.305
US 30 Year Treasury Yield,2008-10-31,4.369
US 30 Year Treasury Yield,2008-11-28,3.487
US 30 Year Treasury Yield,2008-12-31,2.691
US 30 Year Treasury Yield,2009-01-30,3.603
US 30 Year Treasury Yield,2009-02-27,3.722
US 30 Year Treasury Yield,2009-03-31,3.561
US 30 Year Treasury Yield,2009-04-30,4.044
US 30 Year Treasury Yield,2009-05-29,4.338
US 30 Year Treasury Yield,2009-06-30,4.311
US 30 Year Treasury Yield,2009-07-31,4.311
US 30 Year Treasury Yield,2009-08-31,4.181
US 30 Year Treasury Yield,2009-09-30,4.048
US 30 Year Treasury Yield,2009-10-30,4.236
US 30 Year Treasury Yield,2009-11-30,4.194
US 30 Year Treasury Yield,2009-12-31,4.641
US 30 Year Treasury Yield,2010-01-29,4.51
US 30 Year Treasury Yield,2010-02-26,4.529
US 30 Year Treasury Yield,2010-03-31,4.715
US 30 Year Treasury Yield,2010-04-30,4.527
US 30 Year Treasury Yield,2010-05-28,4.214
US 30 Year Treasury Yield,2010-06-30,3.909
US 30 Year Treasury Yield,2010-07-30,3.977
US 30 Year Treasury Yield,2010-08-31,3.533
US 30 Year Treasury Yield,2010-09-30,3.687
US 30 Year Treasury Yield,2010-10-29,4
US 30 Year Treasury Yield,2010-11-30,4.102
US 30 Year Treasury Yield,2010-12-31,4.362
US 30 Year Treasury Yield,2011-01-31,4.571
US 30 Year Treasury Yield,2011-02-28,4.49
US 30 Year Treasury Yield,2011-03-31,4.508
US 30 Year Treasury Yield,2011-04-29,4.406
US 30 Year Treasury Yield,2011-05-31,4.216
US 30 Year Treasury Yield,2011-06-30,4.382
US 30 Year Treasury Yield,2011-07-29,4.132
US 30 Year Treasury Yield,2011-08-31,3.592
US 30 Year Treasury Yield,2011-09-30,2.921
US 30 Year Treasury Yield,2011-10-31,3.199
US 30 Year Treasury Yield,2011-11-30,3.062
US 30 Year Treasury Yield,2011-12-30,2.889
US 30 Year Treasury Yield,2012-01-31,2.934
US 30 Year Treasury Yield,2012-02-29,3.086
US 30 Year Treasury Yield,2012-03-30,3.345
US 30 Year Treasury Yield,2012-04-30,3.109
US 30 Year Treasury Yield,2012-05-31,2.672
US 30 Year Treasury Yield,2012-06-29,2.763
US 30 Year Treasury Yield,2012-07-31,2.577
US 30 Year Treasury Yield,2012-08-31,2.684
US 30 Year Treasury Yield,2012-09-28,2.834
US 30 Year Treasury Yield,2012-10-31,2.851
US 30 Year Treasury Yield,2012-11-30,2.794
US 30 Year Treasury Yield,2012-12-31,2.952
US 30 Year Treasury Yield,2013-01-31,3.17
US 30 Year Treasury Yield,2013-02-28,3.094
US 30 Year Treasury Yield,2013-03-28,3.104
US 30 Year Treasury Yield,2013-04-30,2.884
US 30 Year Treasury Yield,2013-05-31,3.308
US 30 Year Treasury Yield,2013-06-28,3.498
US 30 Year Treasury Yield,2013-07-31,3.646
US 30 Year Treasury Yield,2013-08-30,3.676
US 30 Year Treasury Yield,2013-09-30,3.686
US 30 Year Treasury Yield,2013-10-31,3.631
US 30 Year Treasury Yield,2013-11-29,3.808
US 30 Year Treasury Yield,2013-12-31,3.964
US 30 Year Treasury Yield,2014-01-31,3.622
US 30 Year Treasury Yield,2014-02-28,3.592
US 30 Year Treasury Yield,2014-03-31,3.561
US 30 Year Treasury Yield,2014-04-30,3.458
US 30 Year Treasury Yield,2014-05-30,3.314
US 30 Year Treasury Yield,2014-06-30,3.338
US 30 Year Treasury Yield,2014-07-31,3.311
US 30 Year Treasury Yield,2014-08-29,3.08
US 30 Year Treasury Yield,2014-09-30,3.212
US 30 Year Treasury Yield,2014-10-31,3.06
US 30 Year Treasury Yield,2014-11-28,2.91
US 30 Year Treasury Yield,2014-12-31,2.749
US 30 Year Treasury Yield,2015-01-30,2.251
US 30 Year Treasury Yield,2015-02-27,2.6
US 30 Year Treasury Yield,2015-03-31,2.544
US 30 Year Treasury Yield,2015-04-30,2.753
US 30 Year Treasury Yield,2015-05-29,2.847
US 30 Year Treasury Yield,2015-06-30,3.104
US 30 Year Treasury Yield,2015-07-31,2.927
US 30 Year Treasury Yield,2015-08-31,2.931
US 30 Year Treasury Yield,2015-09-30,2.88
US 30 Year Treasury Yield,2015-10-30,2.933
US 30 Year Treasury Yield,2015-11-30,2.99
US 30 Year Treasury Yield,2015-12-31,3.015
US 30 Year Treasury Yield,2016-01-29,2.758
US 30 Year Treasury Yield,2016-02-29,2.615
US 30 Year Treasury Yield,2016-03-31,2.62
US 30 Year Treasury Yield,2016-04-29,2.666
US 30 Year Treasury Yield,2016-05-31,2.629
US 30 Year Treasury Yield,2016-06-30,2.307
US 30 Year Treasury Yield,2016-07-29,2.182
US 30 Year Treasury Yield,2016-08-31,2.231
US 30 Year Treasury Yield,2016-09-30,2.336
US 30 Year Treasury Yield,2016-10-31,2.589
US 30 Year Treasury Yield,2016-11-30,3.017
US 30 Year Treasury Yield,2016-12-30,3.063
US 30 Year Treasury Yield,2017-01-31,3.051
US 30 Year Treasury Yield,2017-02-28,2.968
US 30 Year Treasury Yield,2017-03-31,3.018
US 30 Year Treasury Yield,2017-04-28,2.952
US 30 Year Treasury Yield,2017-05-31,2.857
US 30 Year Treasury Yield,2017-06-30,2.84
US 30 Year Treasury Yield,2017-07-31,2.898
US 30 Year Treasury Yield,2017-08-31,2.725
US 30 Year Treasury Yield,2017-09-29,2.857
US 30 Year Treasury Yield,2017-10-31,2.875
US 30 Year Treasury Yield,2017-11-30,2.832
US 30 Year Treasury Yield,2017-12-29,2.739
US 30 Year Treasury Yield,2018-01-31,2.942
US 30 Year Treasury Yield,2018-02-28,3.127
US 30 Year Treasury Yield,2018-03-29,2.972
US 30 Year Treasury Yield,2018-04-30,3.097
US 30 Year Treasury Yield,2018-05-31,2.986
US 30 Year Treasury Yield,2018-06-29,2.983
US 30 Year Treasury Yield,2018-07-31,3.083
US 30 Year Treasury Yield,2018-08-31,3.01
US 30 Year Treasury Yield,2018-09-28,3.197
US 30 Year Treasury Yield,2018-10-31,3.402
US 30 Year Treasury Yield,2018-11-30,3.311
US 30 Year Treasury Yield,2018-12-31,3.02
US 30 Year Treasury Yield,2019-01-31,3.005
US 30 Year Treasury Yield,2019-02-28,3.083
US 30 Year Treasury Yield,2019-03-29,2.822
US 30 Year Treasury Yield,2019-04-30,2.94
US 30 Year Treasury Yield,2019-05-31,2.583
US 30 Year Treasury Yield,2019-06-28,2.528
US 30 Year Treasury Yield,2019-07-31,2.527
US 30 Year Treasury Yield,2019-08-30,1.97
US 30 Year Treasury Yield,2019-09-30,2.121
US 30 Year Treasury Yield,2019-10-31,2.176
US 30 Year Treasury Yield,2019-11-29,2.202
US 30 Year Treasury Yield,2019-12-31,2.389
US 30 Year Treasury Yield,2020-01-31,2.015
US 30 Year Treasury Yield,2020-02-28,1.671
US 30 Year Treasury Yield,2020-03-31,1.351
US 30 Year Treasury Yield,2020-04-30,1.266
US 30 Year Treasury Yield,2020-05-29,1.407
US 30 Year Treasury Yield,2020-06-30,1.409
US 30 Year Treasury Yield,2020-07-31,1.198
US 30 Year Treasury Yield,2020-08-31,1.452
US 30 Year Treasury Yield,2020-09-30,1.451
US 30 Year Treasury Yield,2020-10-30,1.64
US 30 Year Treasury Yield,2020-11-30,1.573
US 30 Year Treasury Yield,2020-12-31,1.646
US 30 Year Treasury Yield,2021-01-29,1.858
US 30 Year Treasury Yield,2021-02-26,2.182
US 30 Year Treasury Yield,2021-03-31,2.425
US 30 Year Treasury Yield,2021-04-30,2.301
US 30 Year Treasury Yield,2021-05-28,2.263
US 30 Year Treasury Yield,2021-06-30,2.065
US 30 Year Treasury Yield,2021-07-30,1.897
US 30 Year Treasury Yield,2021-08-31,1.927
US 30 Year Treasury Yield,2021-09-30,2.092
US 30 Year Treasury Yield,2021-10-29,1.942
US 30 Year Treasury Yield,2021-11-30,1.787
US 30 Year Treasury Yield,2021-12-31,1.905
US 30 Year Treasury Yield,2022-01-31,2.098
US 30 Year Treasury Yield,2022-02-28,2.182
US 30 Year Treasury Yield,2022-03-31,2.448
US 30 Year Treasury Yield,2022-04-29,2.947
US 30 Year Treasury Yield,2022-05-31,3.057
US 30 Year Treasury Yield,2022-06-30,3.119
US 30 Year Treasury Yield,2022-07-29,2.974
US 30 Year Treasury Yield,2022-08-31,3.255
US 30 Year Treasury Yield,2022-09-30,3.765
US 30 Year Treasury Yield,2022-10-31,4.204
US 30 Year Treasury Yield,2022-11-30,3.822
US 30 Year Treasury Yield,2022-12-30,3.975
US 30 Year Treasury Yield,2023-01-31,3.661
US 30 Year Treasury Yield,2023-02-28,3.931
US 30 Year Treasury Yield,2023-03-31,3.689
US 30 Year Treasury Yield,2023-04-28,3.678
US 30 Year Treasury Yield,2023-05-31,3.856
US 30 Year Treasury Yield,2023-06-30,3.855
US 30 Year Treasury Yield,2023-07-31,4.019
US 30 Year Treasury Yield,2023-08-31,4.204
US 30 Year Treasury Yield,2023-09-29,4.711
US 30 Year Treasury Yield,2023-10-31,5.022
US 30 Year Treasury Yield,2023-11-30,4.513
US 30 Year Treasury Yield,2023-12-29,4.019
US 30 Year Treasury Yield,2024-01-31,4.215
US 30 Year Treasury Yield,2024-02-29,4.375
US 30 Year Treasury Yield,2024-03-28,4.349
US 30 Year Treasury Yield,2024-04-30,4.79
US 30 Year Treasury Yield,2024-05-31,4.652
US 30 Year Treasury Yield,2024-06-28,4.502
US 30 Year Treasury Yield,2024-07-31,4.369
US 30 Year Treasury Yield,2024-08-30,4.196
US 30 Year Treasury Yield,2024-09-30,4.134
US 30 Year Treasury Yield,2024-10-31,4.473
US 30 Year Treasury Yield,2024-11-29,4.366
US 30 Year Treasury Yield,2024-12-31,4.786
US 30 Year Treasury Yield,2025-01-31,4.813
US 30 Year Treasury Yield,2025-02-28,4.516
US 30 Year Treasury Yield,2025-03-31,4.613
US 30 Year Treasury Yield,2025-04-30,4.681
US 30 Year Treasury Yield,2025-05-30,4.929
US 30 Year Treasury Yield,2025-06-30,4.779
US 30 Year Treasury Yield,2025-07-31,4.886
US 30 Year Treasury Yield,2025-08-29,4.917
US 30 Year Treasury Yield,2025-09-30,4.732
US 30 Year Treasury Yield,2025-10-31,4.67
US 30 Year Treasury Yield,2025-11-28,4.665
US 30 Year Treasury Yield,2025-12-31,4.84
US 30 Year Treasury Yield,2026-01-30,4.872
US 30 Year Treasury Yield,2026-02-27,4.633
US 30 Year Treasury Yield,2026-03-31,4.891
US 30 Year Treasury Yield,2026-04-30,4.987
US 30 Year Treasury Yield,2026-05-29,4.993
US 30 Year Treasury Yield,2026-06-30,4.902
US 30 Year Treasury Yield,2026-07-28,5.096
US 5 Year Treasury Yield,1990-01-31,8.35
US 5 Year Treasury Yield,1990-02-28,8.44
US 5 Year Treasury Yield,1990-03-30,8.65
US 5 Year Treasury Yield,1990-04-30,9.04
US 5 Year Treasury Yield,1990-05-31,8.56
US 5 Year Treasury Yield,1990-06-29,8.35
US 5 Year Treasury Yield,1990-07-31,8.13
US 5 Year Treasury Yield,1990-08-31,8.5
US 5 Year Treasury Yield,1990-09-28,8.47
US 5 Year Treasury Yield,1990-10-31,8.24
US 5 Year Treasury Yield,1990-11-30,7.91
US 5 Year Treasury Yield,1990-12-31,7.68
US 5 Year Treasury Yield,1991-01-31,7.62
US 5 Year Treasury Yield,1991-02-28,7.66
US 5 Year Treasury Yield,1991-03-28,7.73
US 5 Year Treasury Yield,1991-04-30,7.63
US 5 Year Treasury Yield,1991-05-31,7.69
US 5 Year Treasury Yield,1991-06-28,7.9
US 5 Year Treasury Yield,1991-07-31,7.77
US 5 Year Treasury Yield,1991-08-30,7.34
US 5 Year Treasury Yield,1991-09-30,6.92
US 5 Year Treasury Yield,1991-10-31,6.74
US 5 Year Treasury Yield,1991-11-29,6.48
US 5 Year Treasury Yield,1991-12-31,5.93
US 5 Year Treasury Yield,1992-01-31,6.44
US 5 Year Treasury Yield,1992-02-28,6.58
US 5 Year Treasury Yield,1992-03-31,6.94
US 5 Year Treasury Yield,1992-04-30,6.91
US 5 Year Treasury Yield,1992-05-29,6.61
US 5 Year Treasury Yield,1992-06-30,6.29
US 5 Year Treasury Yield,1992-07-31,5.84
US 5 Year Treasury Yield,1992-08-31,5.6
US 5 Year Treasury Yield,1992-09-30,5.33
US 5 Year Treasury Yield,1992-10-30,5.9
US 5 Year Treasury Yield,1992-11-30,6.23
US 5 Year Treasury Yield,1992-12-31,6.04
US 5 Year Treasury Yield,1993-01-29,5.57
US 5 Year Treasury Yield,1993-02-26,5.21
US 5 Year Treasury Yield,1993-03-31,5.24
US 5 Year Treasury Yield,1993-04-30,5.14
US 5 Year Treasury Yield,1993-05-28,5.37
US 5 Year Treasury Yield,1993-06-30,5.05
US 5 Year Treasury Yield,1993-07-30,5.16
US 5 Year Treasury Yield,1993-08-31,4.8
US 5 Year Treasury Yield,1993-09-30,4.79
US 5 Year Treasury Yield,1993-10-29,4.807
US 5 Year Treasury Yield,1993-11-30,5.146
US 5 Year Treasury Yield,1993-12-31,5.204
US 5 Year Treasury Yield,1994-01-31,5.014
US 5 Year Treasury Yield,1994-02-28,5.594
US 5 Year Treasury Yield,1994-03-31,6.244
US 5 Year Treasury Yield,1994-04-29,6.634
US 5 Year Treasury Yield,1994-05-31,6.765
US 5 Year Treasury Yield,1994-06-30,6.953
US 5 Year Treasury Yield,1994-07-29,6.726
US 5 Year Treasury Yield,1994-08-31,6.793
US 5 Year Treasury Yield,1994-09-30,7.276
US 5 Year Treasury Yield,1994-10-31,7.469
US 5 Year Treasury Yield,1994-11-30,7.788
US 5 Year Treasury Yield,1994-12-30,7.835
US 5 Year Treasury Yield,1995-01-31,7.529
US 5 Year Treasury Yield,1995-02-28,7.05
US 5 Year Treasury Yield,1995-03-31,7.063
US 5 Year Treasury Yield,1995-04-28,6.862
US 5 Year Treasury Yield,1995-05-31,6.066
US 5 Year Treasury Yield,1995-06-30,5.97
US 5 Year Treasury Yield,1995-07-31,6.154
US 5 Year Treasury Yield,1995-08-31,6.059
US 5 Year Treasury Yield,1995-09-29,5.986
US 5 Year Treasury Yield,1995-10-31,5.794
US 5 Year Treasury Yield,1995-11-30,5.516
US 5 Year Treasury Yield,1995-12-29,5.392
US 5 Year Treasury Yield,1996-01-31,5.236
US 5 Year Treasury Yield,1996-02-29,5.742
US 5 Year Treasury Yield,1996-03-29,6.086
US 5 Year Treasury Yield,1996-04-30,6.383
US 5 Year Treasury Yield,1996-05-31,6.627
US 5 Year Treasury Yield,1996-06-28,6.462
US 5 Year Treasury Yield,1996-07-31,6.558
US 5 Year Treasury Yield,1996-08-30,6.724
US 5 Year Treasury Yield,1996-09-30,6.449
US 5 Year Treasury Yield,1996-10-31,6.081
US 5 Year Treasury Yield,1996-11-29,5.824
US 5 Year Treasury Yield,1996-12-31,6.199
US 5 Year Treasury Yield,1997-01-31,6.25
US 5 Year Treasury Yield,1997-02-28,6.368
US 5 Year Treasury Yield,1997-03-31,6.759
US 5 Year Treasury Yield,1997-04-30,6.565
US 5 Year Treasury Yield,1997-05-30,6.508
US 5 Year Treasury Yield,1997-06-30,6.383
US 5 Year Treasury Yield,1997-07-31,5.89
US 5 Year Treasury Yield,1997-08-29,6.213
US 5 Year Treasury Yield,1997-09-30,5.992
US 5 Year Treasury Yield,1997-10-31,5.706
US 5 Year Treasury Yield,1997-11-28,5.816
US 5 Year Treasury Yield,1997-12-31,5.705
US 5 Year Treasury Yield,1998-01-30,5.377
US 5 Year Treasury Yield,1998-02-27,5.587
US 5 Year Treasury Yield,1998-03-31,5.631
US 5 Year Treasury Yield,1998-04-30,5.634
US 5 Year Treasury Yield,1998-05-29,5.544
US 5 Year Treasury Yield,1998-06-30,5.454
US 5 Year Treasury Yield,1998-07-31,5.499
US 5 Year Treasury Yield,1998-08-31,4.891
US 5 Year Treasury Yield,1998-09-30,4.224
US 5 Year Treasury Yield,1998-10-30,4.229
US 5 Year Treasury Yield,1998-11-30,4.498
US 5 Year Treasury Yield,1998-12-31,4.523
US 5 Year Treasury Yield,1999-01-29,4.55
US 5 Year Treasury Yield,1999-02-26,5.205
US 5 Year Treasury Yield,1999-03-31,5.093
US 5 Year Treasury Yield,1999-04-30,5.218
US 5 Year Treasury Yield,1999-05-28,5.571
US 5 Year Treasury Yield,1999-06-30,5.657
US 5 Year Treasury Yield,1999-07-30,5.793
US 5 Year Treasury Yield,1999-08-31,5.875
US 5 Year Treasury Yield,1999-09-30,5.76
US 5 Year Treasury Yield,1999-10-29,5.937
US 5 Year Treasury Yield,1999-11-30,6.096
US 5 Year Treasury Yield,1999-12-31,6.342
US 5 Year Treasury Yield,2000-01-31,6.692
US 5 Year Treasury Yield,2000-02-29,6.593
US 5 Year Treasury Yield,2000-03-31,6.332
US 5 Year Treasury Yield,2000-04-28,6.552
US 5 Year Treasury Yield,2000-05-31,6.532
US 5 Year Treasury Yield,2000-06-30,6.175
US 5 Year Treasury Yield,2000-07-31,6.144
US 5 Year Treasury Yield,2000-08-31,5.975
US 5 Year Treasury Yield,2000-09-29,5.833
US 5 Year Treasury Yield,2000-10-31,5.813
US 5 Year Treasury Yield,2000-11-30,5.393
US 5 Year Treasury Yield,2000-12-29,4.981
US 5 Year Treasury Yield,2001-01-31,4.838
US 5 Year Treasury Yield,2001-02-28,4.65
US 5 Year Treasury Yield,2001-03-30,4.544
US 5 Year Treasury Yield,2001-04-30,4.888
US 5 Year Treasury Yield,2001-05-31,4.941
US 5 Year Treasury Yield,2001-06-29,4.93
US 5 Year Treasury Yield,2001-07-31,4.506
US 5 Year Treasury Yield,2001-08-31,4.356
US 5 Year Treasury Yield,2001-09-28,3.77
US 5 Year Treasury Yield,2001-10-31,3.506
US 5 Year Treasury Yield,2001-11-30,4.055
US 5 Year Treasury Yield,2001-12-31,4.333
US 5 Year Treasury Yield,2002-01-31,4.369
US 5 Year Treasury Yield,2002-02-28,4.178
US 5 Year Treasury Yield,2002-03-28,4.808
US 5 Year Treasury Yield,2002-04-30,4.413
US 5 Year Treasury Yield,2002-05-31,4.359
US 5 Year Treasury Yield,2002-06-28,4.058
US 5 Year Treasury Yield,2002-07-31,3.458
US 5 Year Treasury Yield,2002-08-30,3.208
US 5 Year Treasury Yield,2002-09-30,2.578
US 5 Year Treasury Yield,2002-10-31,2.743
US 5 Year Treasury Yield,2002-11-29,3.261
US 5 Year Treasury Yield,2002-12-31,2.73
US 5 Year Treasury Yield,2003-01-31,2.957
US 5 Year Treasury Yield,2003-02-28,2.666
US 5 Year Treasury Yield,2003-03-31,2.738
US 5 Year Treasury Yield,2003-04-30,2.768
US 5 Year Treasury Yield,2003-05-30,2.271
US 5 Year Treasury Yield,2003-06-30,2.423
US 5 Year Treasury Yield,2003-07-31,3.291
US 5 Year Treasury Yield,2003-08-29,3.447
US 5 Year Treasury Yield,2003-09-30,2.823
US 5 Year Treasury Yield,2003-10-31,3.247
US 5 Year Treasury Yield,2003-11-28,3.351
US 5 Year Treasury Yield,2003-12-31,3.218
US 5 Year Treasury Yield,2004-01-30,3.15
US 5 Year Treasury Yield,2004-02-27,2.945
US 5 Year Treasury Yield,2004-03-31,2.781
US 5 Year Treasury Yield,2004-04-30,3.612
US 5 Year Treasury Yield,2004-05-28,3.8
US 5 Year Treasury Yield,2004-06-30,3.808
US 5 Year Treasury Yield,2004-07-30,3.69
US 5 Year Treasury Yield,2004-08-31,3.324
US 5 Year Treasury Yield,2004-09-30,3.37
US 5 Year Treasury Yield,2004-10-29,3.29
US 5 Year Treasury Yield,2004-11-30,3.701
US 5 Year Treasury Yield,2004-12-31,3.607
US 5 Year Treasury Yield,2005-01-31,3.694
US 5 Year Treasury Yield,2005-02-28,3.995
US 5 Year Treasury Yield,2005-03-31,4.174
US 5 Year Treasury Yield,2005-04-29,3.896
US 5 Year Treasury Yield,2005-05-31,3.753
US 5 Year Treasury Yield,2005-06-30,3.725
US 5 Year Treasury Yield,2005-07-29,4.125
US 5 Year Treasury Yield,2005-08-31,3.869
US 5 Year Treasury Yield,2005-09-30,4.195
US 5 Year Treasury Yield,2005-10-31,4.447
US 5 Year Treasury Yield,2005-11-30,4.425
US 5 Year Treasury Yield,2005-12-30,4.355
US 5 Year Treasury Yield,2006-01-31,4.463
US 5 Year Treasury Yield,2006-02-28,4.601
US 5 Year Treasury Yield,2006-03-31,4.814
US 5 Year Treasury Yield,2006-04-28,4.92
US 5 Year Treasury Yield,2006-05-31,5.03
US 5 Year Treasury Yield,2006-06-30,5.098
US 5 Year Treasury Yield,2006-07-31,4.905
US 5 Year Treasury Yield,2006-08-31,4.692
US 5 Year Treasury Yield,2006-09-29,4.587
US 5 Year Treasury Yield,2006-10-31,4.568
US 5 Year Treasury Yield,2006-11-30,4.442
US 5 Year Treasury Yield,2006-12-29,4.701
US 5 Year Treasury Yield,2007-01-31,4.819
US 5 Year Treasury Yield,2007-02-28,4.503
US 5 Year Treasury Yield,2007-03-30,4.537
US 5 Year Treasury Yield,2007-04-30,4.516
US 5 Year Treasury Yield,2007-05-31,4.853
US 5 Year Treasury Yield,2007-06-29,4.936
US 5 Year Treasury Yield,2007-07-31,4.602
US 5 Year Treasury Yield,2007-08-31,4.251
US 5 Year Treasury Yield,2007-09-28,4.229
US 5 Year Treasury Yield,2007-10-31,4.167
US 5 Year Treasury Yield,2007-11-30,3.418
US 5 Year Treasury Yield,2007-12-31,3.455
US 5 Year Treasury Yield,2008-01-31,2.826
US 5 Year Treasury Yield,2008-02-29,2.509
US 5 Year Treasury Yield,2008-03-31,2.467
US 5 Year Treasury Yield,2008-04-30,3.033
US 5 Year Treasury Yield,2008-05-30,3.407
US 5 Year Treasury Yield,2008-06-30,3.341
US 5 Year Treasury Yield,2008-07-31,3.266
US 5 Year Treasury Yield,2008-08-29,3.089
US 5 Year Treasury Yield,2008-09-30,2.986
US 5 Year Treasury Yield,2008-10-31,2.821
US 5 Year Treasury Yield,2008-11-28,1.944
US 5 Year Treasury Yield,2008-12-31,1.551
US 5 Year Treasury Yield,2009-01-30,1.873
US 5 Year Treasury Yield,2009-02-27,2.02
US 5 Year Treasury Yield,2009-03-31,1.675
US 5 Year Treasury Yield,2009-04-30,2.017
US 5 Year Treasury Yield,2009-05-29,2.347
US 5 Year Treasury Yield,2009-06-30,2.558
US 5 Year Treasury Yield,2009-07-31,2.533
US 5 Year Treasury Yield,2009-08-31,2.39
US 5 Year Treasury Yield,2009-09-30,2.318
US 5 Year Treasury Yield,2009-10-30,2.322
US 5 Year Treasury Yield,2009-11-30,2.006
US 5 Year Treasury Yield,2009-12-31,2.686
US 5 Year Treasury Yield,2010-01-29,2.348
US 5 Year Treasury Yield,2010-02-26,2.284
US 5 Year Treasury Yield,2010-03-31,2.56
US 5 Year Treasury Yield,2010-04-30,2.42
US 5 Year Treasury Yield,2010-05-28,2.097
US 5 Year Treasury Yield,2010-06-30,1.795
US 5 Year Treasury Yield,2010-07-30,1.598
US 5 Year Treasury Yield,2010-08-31,1.342
US 5 Year Treasury Yield,2010-09-30,1.281
US 5 Year Treasury Yield,2010-10-29,1.179
US 5 Year Treasury Yield,2010-11-30,1.464
US 5 Year Treasury Yield,2010-12-31,2.016
US 5 Year Treasury Yield,2011-01-31,1.952
US 5 Year Treasury Yield,2011-02-28,2.137
US 5 Year Treasury Yield,2011-03-31,2.225
US 5 Year Treasury Yield,2011-04-29,1.975
US 5 Year Treasury Yield,2011-05-31,1.688
US 5 Year Treasury Yield,2011-06-30,1.754
US 5 Year Treasury Yield,2011-07-29,1.373
US 5 Year Treasury Yield,2011-08-31,0.952
US 5 Year Treasury Yield,2011-09-30,0.965
US 5 Year Treasury Yield,2011-10-31,1.011
US 5 Year Treasury Yield,2011-11-30,0.952
US 5 Year Treasury Yield,2011-12-30,0.83
US 5 Year Treasury Yield,2012-01-31,0.711
US 5 Year Treasury Yield,2012-02-29,0.875
US 5 Year Treasury Yield,2012-03-30,1.043
US 5 Year Treasury Yield,2012-04-30,0.811
US 5 Year Treasury Yield,2012-05-31,0.671
US 5 Year Treasury Yield,2012-06-29,0.729
US 5 Year Treasury Yield,2012-07-31,0.599
US 5 Year Treasury Yield,2012-08-31,0.596
US 5 Year Treasury Yield,2012-09-28,0.63
US 5 Year Treasury Yield,2012-10-31,0.715
US 5 Year Treasury Yield,2012-11-30,0.614
US 5 Year Treasury Yield,2012-12-31,0.725
US 5 Year Treasury Yield,2013-01-31,0.881
US 5 Year Treasury Yield,2013-02-28,0.769
US 5 Year Treasury Yield,2013-03-28,0.769
US 5 Year Treasury Yield,2013-04-30,0.678
US 5 Year Treasury Yield,2013-05-31,1.053
US 5 Year Treasury Yield,2013-06-28,1.385
US 5 Year Treasury Yield,2013-07-31,1.391
US 5 Year Treasury Yield,2013-08-30,1.601
US 5 Year Treasury Yield,2013-09-30,1.388
US 5 Year Treasury Yield,2013-10-31,1.315
US 5 Year Treasury Yield,2013-11-29,1.367
US 5 Year Treasury Yield,2013-12-31,1.748
US 5 Year Treasury Yield,2014-01-31,1.51
US 5 Year Treasury Yield,2014-02-28,1.511
US 5 Year Treasury Yield,2014-03-31,1.732
US 5 Year Treasury Yield,2014-04-30,1.681
US 5 Year Treasury Yield,2014-05-30,1.528
US 5 Year Treasury Yield,2014-06-30,1.625
US 5 Year Treasury Yield,2014-07-31,1.763
US 5 Year Treasury Yield,2014-08-29,1.628
US 5 Year Treasury Yield,2014-09-30,1.78
US 5 Year Treasury Yield,2014-10-31,1.613
US 5 Year Treasury Yield,2014-11-28,1.511
US 5 Year Treasury Yield,2014-12-31,1.653
US 5 Year Treasury Yield,2015-01-30,1.187
US 5 Year Treasury Yield,2015-02-27,1.505
US 5 Year Treasury Yield,2015-03-31,1.375
US 5 Year Treasury Yield,2015-04-30,1.442
US 5 Year Treasury Yield,2015-05-29,1.467
US 5 Year Treasury Yield,2015-06-30,1.628
US 5 Year Treasury Yield,2015-07-31,1.548
US 5 Year Treasury Yield,2015-08-31,1.541
US 5 Year Treasury Yield,2015-09-30,1.375
US 5 Year Treasury Yield,2015-10-30,1.528
US 5 Year Treasury Yield,2015-11-30,1.654
US 5 Year Treasury Yield,2015-12-31,1.758
US 5 Year Treasury Yield,2016-01-29,1.335
US 5 Year Treasury Yield,2016-02-29,1.22
US 5 Year Treasury Yield,2016-03-31,1.224
US 5 Year Treasury Yield,2016-04-29,1.279
US 5 Year Treasury Yield,2016-05-31,1.359
US 5 Year Treasury Yield,2016-06-30,1.011
US 5 Year Treasury Yield,2016-07-29,1.033
US 5 Year Treasury Yield,2016-08-31,1.18
US 5 Year Treasury Yield,2016-09-30,1.156
US 5 Year Treasury Yield,2016-10-31,1.313
US 5 Year Treasury Yield,2016-11-30,1.834
US 5 Year Treasury Yield,2016-12-30,1.934
US 5 Year Treasury Yield,2017-01-31,1.908
US 5 Year Treasury Yield,2017-02-28,1.88
US 5 Year Treasury Yield,2017-03-31,1.929
US 5 Year Treasury Yield,2017-04-28,1.816
US 5 Year Treasury Yield,2017-05-31,1.748
US 5 Year Treasury Yield,2017-06-30,1.885
US 5 Year Treasury Yield,2017-07-31,1.832
US 5 Year Treasury Yield,2017-08-31,1.707
US 5 Year Treasury Yield,2017-09-29,1.928
US 5 Year Treasury Yield,2017-10-31,2.01
US 5 Year Treasury Yield,2017-11-30,2.144
US 5 Year Treasury Yield,2017-12-29,2.206
US 5 Year Treasury Yield,2018-01-31,2.524
US 5 Year Treasury Yield,2018-02-28,2.65
US 5 Year Treasury Yield,2018-03-29,2.562
US 5 Year Treasury Yield,2018-04-30,2.789
US 5 Year Treasury Yield,2018-05-31,2.664
US 5 Year Treasury Yield,2018-06-29,2.731
US 5 Year Treasury Yield,2018-07-31,2.848
US 5 Year Treasury Yield,2018-08-31,2.735
US 5 Year Treasury Yield,2018-09-28,2.948
US 5 Year Treasury Yield,2018-10-31,2.987
US 5 Year Treasury Yield,2018-11-30,2.845
US 5 Year Treasury Yield,2018-12-31,2.51
US 5 Year Treasury Yield,2019-01-31,2.44
US 5 Year Treasury Yield,2019-02-28,2.509
US 5 Year Treasury Yield,2019-03-29,2.243
US 5 Year Treasury Yield,2019-04-30,2.282
US 5 Year Treasury Yield,2019-05-31,1.927
US 5 Year Treasury Yield,2019-06-28,1.758
US 5 Year Treasury Yield,2019-07-31,1.844
US 5 Year Treasury Yield,2019-08-30,1.391
US 5 Year Treasury Yield,2019-09-30,1.551
US 5 Year Treasury Yield,2019-10-31,1.523
US 5 Year Treasury Yield,2019-11-29,1.621
US 5 Year Treasury Yield,2019-12-31,1.693
US 5 Year Treasury Yield,2020-01-31,1.326
US 5 Year Treasury Yield,2020-02-28,0.913
US 5 Year Treasury Yield,2020-03-31,0.375
US 5 Year Treasury Yield,2020-04-30,0.345
US 5 Year Treasury Yield,2020-05-29,0.304
US 5 Year Treasury Yield,2020-06-30,0.289
US 5 Year Treasury Yield,2020-07-31,0.215
US 5 Year Treasury Yield,2020-08-31,0.264
US 5 Year Treasury Yield,2020-09-30,0.272
US 5 Year Treasury Yield,2020-10-30,0.381
US 5 Year Treasury Yield,2020-11-30,0.362
US 5 Year Treasury Yield,2020-12-31,0.361
US 5 Year Treasury Yield,2021-01-29,0.443
US 5 Year Treasury Yield,2021-02-26,0.776
US 5 Year Treasury Yield,2021-03-31,0.938
US 5 Year Treasury Yield,2021-04-30,0.857
US 5 Year Treasury Yield,2021-05-28,0.788
US 5 Year Treasury Yield,2021-06-30,0.873
US 5 Year Treasury Yield,2021-07-30,0.703
US 5 Year Treasury Yield,2021-08-31,0.772
US 5 Year Treasury Yield,2021-09-30,0.997
US 5 Year Treasury Yield,2021-10-29,1.188
US 5 Year Treasury Yield,2021-11-30,1.15
US 5 Year Treasury Yield,2021-12-31,1.263
US 5 Year Treasury Yield,2022-01-31,1.614
US 5 Year Treasury Yield,2022-02-28,1.721
US 5 Year Treasury Yield,2022-03-31,2.422
US 5 Year Treasury Yield,2022-04-29,2.912
US 5 Year Treasury Yield,2022-05-31,2.811
US 5 Year Treasury Yield,2022-06-30,3.004
US 5 Year Treasury Yield,2022-07-29,2.695
US 5 Year Treasury Yield,2022-08-31,3.284
US 5 Year Treasury Yield,2022-09-30,4.041
US 5 Year Treasury Yield,2022-10-31,4.248
US 5 Year Treasury Yield,2022-11-30,3.832
US 5 Year Treasury Yield,2022-12-30,4
US 5 Year Treasury Yield,2023-01-31,3.638
US 5 Year Treasury Yield,2023-02-28,4.168
US 5 Year Treasury Yield,2023-03-31,3.611
US 5 Year Treasury Yield,2023-04-28,3.536
US 5 Year Treasury Yield,2023-05-31,3.743
US 5 Year Treasury Yield,2023-06-30,4.133
US 5 Year Treasury Yield,2023-07-31,4.179
US 5 Year Treasury Yield,2023-08-31,4.244
US 5 Year Treasury Yield,2023-09-29,4.606
US 5 Year Treasury Yield,2023-10-31,4.816
US 5 Year Treasury Yield,2023-11-30,4.298
US 5 Year Treasury Yield,2023-12-29,3.84
US 5 Year Treasury Yield,2024-01-31,3.882
US 5 Year Treasury Yield,2024-02-29,4.262
US 5 Year Treasury Yield,2024-03-28,4.22
US 5 Year Treasury Yield,2024-04-30,4.723
US 5 Year Treasury Yield,2024-05-31,4.528
US 5 Year Treasury Yield,2024-06-28,4.329
US 5 Year Treasury Yield,2024-07-31,4
US 5 Year Treasury Yield,2024-08-30,3.715
US 5 Year Treasury Yield,2024-09-30,3.577
US 5 Year Treasury Yield,2024-10-31,4.155
US 5 Year Treasury Yield,2024-11-29,4.055
US 5 Year Treasury Yield,2024-12-31,4.38
US 5 Year Treasury Yield,2025-01-31,4.364
US 5 Year Treasury Yield,2025-02-28,4.028
US 5 Year Treasury Yield,2025-03-31,3.983
US 5 Year Treasury Yield,2025-04-30,3.752
US 5 Year Treasury Yield,2025-05-30,3.979
US 5 Year Treasury Yield,2025-06-30,3.795
US 5 Year Treasury Yield,2025-07-31,3.96
US 5 Year Treasury Yield,2025-08-29,3.699
US 5 Year Treasury Yield,2025-09-30,3.732
US 5 Year Treasury Yield,2025-10-31,3.717
US 5 Year Treasury Yield,2025-11-28,3.6
US 5 Year Treasury Yield,2025-12-31,3.722
US 5 Year Treasury Yield,2026-01-30,3.797
US 5 Year Treasury Yield,2026-02-27,3.512
US 5 Year Treasury Yield,2026-03-31,3.945
US 5 Year Treasury Yield,2026-04-30,4.023
US 5 Year Treasury Yield,2026-05-29,4.149
US 5 Year Treasury Yield,2026-06-30,4.186
US 5 Year Treasury Yield,2026-07-29,4.352
Uranium,2021-07-30,9.18
Uranium,2021-08-31,9.176
Uranium,2021-09-30,11.34
Uranium,2021-10-29,11.14
Uranium,2021-11-30,11.28
Uranium,2021-12-31,11.02
Uranium,2022-01-31,11.175
Uranium,2022-02-28,12.29
Uranium,2022-03-31,14.99
Uranium,2022-04-29,13.19
Uranium,2022-05-31,11.87
Uranium,2022-06-30,10.77
Uranium,2022-07-29,11.69
Uranium,2022-08-31,12.53
Uranium,2022-09-30,11.75
Uranium,2022-10-31,12.94
Uranium,2022-11-30,11.27
Uranium,2022-12-30,11.7
Uranium,2023-01-31,12.88
Uranium,2023-02-28,12.41
Uranium,2023-03-31,11.72
Uranium,2023-04-28,11.99
Uranium,2023-05-31,12.84
Uranium,2023-06-30,12.64
Uranium,2023-07-31,12.99
Uranium,2023-08-31,14.73
Uranium,2023-09-29,17.05
Uranium,2023-10-31,18.1
Uranium,2023-11-30,19.078
Uranium,2023-12-29,21.305
Uranium,2024-01-31,23.09
Uranium,2024-02-29,20.3
Uranium,2024-03-28,20.6
Uranium,2024-04-30,21.32
Uranium,2024-05-31,20.6
Uranium,2024-06-28,18.57
Uranium,2024-07-31,18.76
Uranium,2024-08-30,18.29
Uranium,2024-09-30,19.365
Uranium,2024-10-31,18.49
Uranium,2024-11-29,18.07
Uranium,2024-12-31,17.28
Uranium,2025-01-31,16.15
Uranium,2025-02-28,14.325
Uranium,2025-03-31,14.25
Uranium,2025-04-30,14.97
Uranium,2025-05-30,16.18
Uranium,2025-06-30,18.74
Uranium,2025-07-31,16.101
Uranium,2025-08-29,18.27
Uranium,2025-09-30,20.03
Uranium,2025-10-31,19.81
Uranium,2025-11-28,17.98
Uranium,2025-12-31,19.468
Uranium,2026-01-30,22.51
Uranium,2026-02-27,20.31
Uranium,2026-03-31,20.2
Uranium,2026-04-30,20.95
Uranium,2026-05-29,19.78
Uranium,2026-06-30,18.4
Uranium,2026-07-29,18.31
VIX Index,1990-01-31,25.36
VIX Index,1990-02-28,21.99
VIX Index,1990-03-30,19.73
VIX Index,1990-04-30,19.52
VIX Index,1990-05-31,17.37
VIX Index,1990-06-29,15.5
VIX Index,1990-07-31,21.11
VIX Index,1990-08-31,29.9
VIX Index,1990-09-28,29.11
VIX Index,1990-10-31,30.04
VIX Index,1990-11-30,22.16
VIX Index,1990-12-31,26.38
VIX Index,1991-01-31,20.91
VIX Index,1991-02-28,21.23
VIX Index,1991-03-28,16.88
VIX Index,1991-04-30,18.24
VIX Index,1991-05-31,15.93
VIX Index,1991-06-28,19.55
VIX Index,1991-07-31,15.18
VIX Index,1991-08-30,14.46
VIX Index,1991-09-30,15.85
VIX Index,1991-10-31,15.48
VIX Index,1991-11-29,20.26
VIX Index,1991-12-31,19.31
VIX Index,1992-01-31,17.4
VIX Index,1992-02-28,16.68
VIX Index,1992-03-31,16.18
VIX Index,1992-04-30,15.53
VIX Index,1992-05-29,13.86
VIX Index,1992-06-30,13.35
VIX Index,1992-07-31,13.17
VIX Index,1992-08-31,13.58
VIX Index,1992-09-30,14.28
VIX Index,1992-10-30,16.15
VIX Index,1992-11-30,13.01
VIX Index,1992-12-31,12.57
VIX Index,1993-01-29,12.42
VIX Index,1993-02-26,13.16
VIX Index,1993-03-31,12.53
VIX Index,1993-04-30,12.42
VIX Index,1993-05-28,13.47
VIX Index,1993-06-30,11.26
VIX Index,1993-07-30,11.73
VIX Index,1993-08-31,11.85
VIX Index,1993-09-30,12.99
VIX Index,1993-10-29,11.46
VIX Index,1993-11-30,13.76
VIX Index,1993-12-31,11.66
VIX Index,1994-01-31,10.63
VIX Index,1994-02-28,14.87
VIX Index,1994-03-31,20.45
VIX Index,1994-04-29,13.77
VIX Index,1994-05-31,13.03
VIX Index,1994-06-30,14.97
VIX Index,1994-07-29,11.13
VIX Index,1994-08-31,11.97
VIX Index,1994-09-30,14.28
VIX Index,1994-10-31,14.56
VIX Index,1994-11-30,15.95
VIX Index,1994-12-30,13.2
VIX Index,1995-01-31,11.96
VIX Index,1995-02-28,11.75
VIX Index,1995-03-31,13.37
VIX Index,1995-04-28,11.75
VIX Index,1995-05-31,12.85
VIX Index,1995-06-30,11.38
VIX Index,1995-07-31,13.49
VIX Index,1995-08-31,11.52
VIX Index,1995-09-29,12.74
VIX Index,1995-10-31,13.83
VIX Index,1995-11-30,11.58
VIX Index,1995-12-29,12.52
VIX Index,1996-01-31,12.53
VIX Index,1996-02-29,17.04
VIX Index,1996-03-29,18.88
VIX Index,1996-04-30,15.83
VIX Index,1996-05-31,16.07
VIX Index,1996-06-28,13.68
VIX Index,1996-07-31,19.46
VIX Index,1996-08-30,17.01
VIX Index,1996-09-30,16.95
VIX Index,1996-10-31,18.11
VIX Index,1996-11-29,17.14
VIX Index,1996-12-31,20.92
VIX Index,1997-01-31,19.47
VIX Index,1997-02-28,21.1
VIX Index,1997-03-31,22.14
VIX Index,1997-04-30,20.06
VIX Index,1997-05-30,19.19
VIX Index,1997-06-30,21.53
VIX Index,1997-07-31,21.48
VIX Index,1997-08-29,24.76
VIX Index,1997-09-30,22.91
VIX Index,1997-10-31,35.09
VIX Index,1997-11-28,27.43
VIX Index,1997-12-31,24.01
VIX Index,1998-01-30,21.47
VIX Index,1998-02-27,18.55
VIX Index,1998-03-31,24.22
VIX Index,1998-04-30,21.18
VIX Index,1998-05-29,21.32
VIX Index,1998-06-30,19.71
VIX Index,1998-07-31,24.8
VIX Index,1998-08-31,44.28
VIX Index,1998-09-30,40.95
VIX Index,1998-10-30,28.05
VIX Index,1998-11-30,26.01
VIX Index,1998-12-31,24.42
VIX Index,1999-01-29,26.25
VIX Index,1999-02-26,27.88
VIX Index,1999-03-31,23.26
VIX Index,1999-04-30,25.07
VIX Index,1999-05-28,25.39
VIX Index,1999-06-30,21.09
VIX Index,1999-07-30,24.64
VIX Index,1999-08-31,24.45
VIX Index,1999-09-30,25.41
VIX Index,1999-10-29,22.2
VIX Index,1999-11-30,24.18
VIX Index,1999-12-31,24.64
VIX Index,2000-01-31,24.95
VIX Index,2000-02-29,23.37
VIX Index,2000-03-31,24.11
VIX Index,2000-04-28,26.2
VIX Index,2000-05-31,23.65
VIX Index,2000-06-30,19.54
VIX Index,2000-07-31,20.74
VIX Index,2000-08-31,16.84
VIX Index,2000-09-29,20.57
VIX Index,2000-10-31,23.63
VIX Index,2000-11-30,29.65
VIX Index,2000-12-29,26.85
VIX Index,2001-01-31,22.02
VIX Index,2001-02-28,28.35
VIX Index,2001-03-30,28.64
VIX Index,2001-04-30,25.48
VIX Index,2001-05-31,22.64
VIX Index,2001-06-29,19.06
VIX Index,2001-07-31,21.62
VIX Index,2001-08-31,24.92
VIX Index,2001-09-28,31.93
VIX Index,2001-10-31,33.56
VIX Index,2001-11-30,23.84
VIX Index,2001-12-31,23.8
VIX Index,2002-01-31,21.09
VIX Index,2002-02-28,21.59
VIX Index,2002-03-28,17.4
VIX Index,2002-04-30,21.91
VIX Index,2002-05-31,19.98
VIX Index,2002-06-28,25.4
VIX Index,2002-07-31,32.03
VIX Index,2002-08-30,32.64
VIX Index,2002-09-30,39.69
VIX Index,2002-10-31,31.14
VIX Index,2002-11-29,27.5
VIX Index,2002-12-31,28.62
VIX Index,2003-01-31,31.17
VIX Index,2003-02-28,29.63
VIX Index,2003-03-31,29.15
VIX Index,2003-04-30,21.21
VIX Index,2003-05-30,19.47
VIX Index,2003-06-30,19.52
VIX Index,2003-07-31,19.49
VIX Index,2003-08-29,18.63
VIX Index,2003-09-30,22.72
VIX Index,2003-10-31,16.1
VIX Index,2003-11-28,16.32
VIX Index,2003-12-31,18.31
VIX Index,2004-01-30,16.63
VIX Index,2004-02-27,14.55
VIX Index,2004-03-31,16.74
VIX Index,2004-04-30,17.19
VIX Index,2004-05-28,15.5
VIX Index,2004-06-30,14.34
VIX Index,2004-07-30,15.32
VIX Index,2004-08-31,15.29
VIX Index,2004-09-30,13.34
VIX Index,2004-10-29,16.27
VIX Index,2004-11-30,13.24
VIX Index,2004-12-31,13.29
VIX Index,2005-01-31,12.82
VIX Index,2005-02-28,12.08
VIX Index,2005-03-31,14.02
VIX Index,2005-04-29,15.31
VIX Index,2005-05-31,13.29
VIX Index,2005-06-30,12.04
VIX Index,2005-07-29,11.57
VIX Index,2005-08-31,12.6
VIX Index,2005-09-30,11.92
VIX Index,2005-10-31,15.32
VIX Index,2005-11-30,12.06
VIX Index,2005-12-30,12.07
VIX Index,2006-01-31,12.95
VIX Index,2006-02-28,12.34
VIX Index,2006-03-31,11.39
VIX Index,2006-04-28,11.59
VIX Index,2006-05-31,16.44
VIX Index,2006-06-30,13.08
VIX Index,2006-07-31,14.95
VIX Index,2006-08-31,12.31
VIX Index,2006-09-29,11.98
VIX Index,2006-10-31,11.1
VIX Index,2006-11-30,10.91
VIX Index,2006-12-29,11.56
VIX Index,2007-01-31,10.42
VIX Index,2007-02-28,15.42
VIX Index,2007-03-30,14.64
VIX Index,2007-04-30,14.22
VIX Index,2007-05-31,13.05
VIX Index,2007-06-29,16.23
VIX Index,2007-07-31,23.52
VIX Index,2007-08-31,23.38
VIX Index,2007-09-28,18
VIX Index,2007-10-31,18.53
VIX Index,2007-11-30,22.87
VIX Index,2007-12-31,22.5
VIX Index,2008-01-31,26.2
VIX Index,2008-02-29,26.54
VIX Index,2008-03-31,25.61
VIX Index,2008-04-30,20.79
VIX Index,2008-05-30,17.83
VIX Index,2008-06-30,23.95
VIX Index,2008-07-31,22.94
VIX Index,2008-08-29,20.65
VIX Index,2008-09-30,39.39
VIX Index,2008-10-31,59.89
VIX Index,2008-11-28,55.28
VIX Index,2008-12-31,40
VIX Index,2009-01-30,44.84
VIX Index,2009-02-27,46.35
VIX Index,2009-03-31,44.14
VIX Index,2009-04-30,36.5
VIX Index,2009-05-29,28.92
VIX Index,2009-06-30,26.35
VIX Index,2009-07-31,25.92
VIX Index,2009-08-31,26.01
VIX Index,2009-09-30,25.61
VIX Index,2009-10-30,30.69
VIX Index,2009-11-30,24.51
VIX Index,2009-12-31,21.68
VIX Index,2010-01-29,24.62
VIX Index,2010-02-26,19.5
VIX Index,2010-03-31,17.59
VIX Index,2010-04-30,22.05
VIX Index,2010-05-28,32.07
VIX Index,2010-06-30,34.54
VIX Index,2010-07-30,23.5
VIX Index,2010-08-31,26.05
VIX Index,2010-09-30,23.7
VIX Index,2010-10-29,21.2
VIX Index,2010-11-30,23.54
VIX Index,2010-12-31,17.75
VIX Index,2011-01-31,19.53
VIX Index,2011-02-28,18.35
VIX Index,2011-03-31,17.74
VIX Index,2011-04-29,14.75
VIX Index,2011-05-31,15.45
VIX Index,2011-06-30,16.52
VIX Index,2011-07-29,25.25
VIX Index,2011-08-31,31.62
VIX Index,2011-09-30,42.96
VIX Index,2011-10-31,29.96
VIX Index,2011-11-30,27.8
VIX Index,2011-12-30,23.4
VIX Index,2012-01-31,19.44
VIX Index,2012-02-29,18.43
VIX Index,2012-03-30,15.5
VIX Index,2012-04-30,17.15
VIX Index,2012-05-31,24.06
VIX Index,2012-06-29,17.08
VIX Index,2012-07-31,18.93
VIX Index,2012-08-31,17.47
VIX Index,2012-09-28,15.73
VIX Index,2012-10-31,18.6
VIX Index,2012-11-30,15.87
VIX Index,2012-12-31,18.02
VIX Index,2013-01-31,14.28
VIX Index,2013-02-28,15.51
VIX Index,2013-03-28,12.7
VIX Index,2013-04-30,13.52
VIX Index,2013-05-31,16.3
VIX Index,2013-06-28,16.86
VIX Index,2013-07-31,13.45
VIX Index,2013-08-30,17.01
VIX Index,2013-09-30,16.6
VIX Index,2013-10-31,13.75
VIX Index,2013-11-29,13.7
VIX Index,2013-12-31,13.72
VIX Index,2014-01-31,18.41
VIX Index,2014-02-28,14
VIX Index,2014-03-31,13.88
VIX Index,2014-04-30,13.41
VIX Index,2014-05-30,11.4
VIX Index,2014-06-30,11.57
VIX Index,2014-07-31,16.95
VIX Index,2014-08-29,12.09
VIX Index,2014-09-30,16.31
VIX Index,2014-10-31,14.03
VIX Index,2014-11-28,13.33
VIX Index,2014-12-31,19.2
VIX Index,2015-01-30,20.97
VIX Index,2015-02-27,13.34
VIX Index,2015-03-31,15.29
VIX Index,2015-04-30,14.55
VIX Index,2015-05-29,13.84
VIX Index,2015-06-30,18.23
VIX Index,2015-07-31,12.12
VIX Index,2015-08-31,28.43
VIX Index,2015-09-30,24.5
VIX Index,2015-10-30,15.07
VIX Index,2015-11-30,16.13
VIX Index,2015-12-31,18.21
VIX Index,2016-01-29,20.2
VIX Index,2016-02-29,20.55
VIX Index,2016-03-31,13.95
VIX Index,2016-04-29,15.7
VIX Index,2016-05-31,14.19
VIX Index,2016-06-30,15.63
VIX Index,2016-07-29,11.87
VIX Index,2016-08-31,13.42
VIX Index,2016-09-30,13.29
VIX Index,2016-10-31,17.06
VIX Index,2016-11-30,13.33
VIX Index,2016-12-30,14.04
VIX Index,2017-01-31,11.99
VIX Index,2017-02-28,12.92
VIX Index,2017-03-31,12.37
VIX Index,2017-04-28,10.82
VIX Index,2017-05-31,10.41
VIX Index,2017-06-30,11.18
VIX Index,2017-07-31,10.26
VIX Index,2017-08-31,10.59
VIX Index,2017-09-29,9.51
VIX Index,2017-10-31,10.18
VIX Index,2017-11-30,11.28
VIX Index,2017-12-29,11.04
VIX Index,2018-01-31,13.54
VIX Index,2018-02-28,19.85
VIX Index,2018-03-29,19.97
VIX Index,2018-04-30,15.93
VIX Index,2018-05-31,15.43
VIX Index,2018-06-29,16.09
VIX Index,2018-07-31,12.83
VIX Index,2018-08-31,12.86
VIX Index,2018-09-28,12.12
VIX Index,2018-10-31,21.23
VIX Index,2018-11-30,18.07
VIX Index,2018-12-31,25.42
VIX Index,2019-01-31,16.57
VIX Index,2019-02-28,14.78
VIX Index,2019-03-29,13.71
VIX Index,2019-04-30,13.12
VIX Index,2019-05-31,18.71
VIX Index,2019-06-28,15.08
VIX Index,2019-07-31,16.12
VIX Index,2019-08-30,18.98
VIX Index,2019-09-30,16.24
VIX Index,2019-10-31,13.22
VIX Index,2019-11-29,12.62
VIX Index,2019-12-31,13.78
VIX Index,2020-01-31,18.84
VIX Index,2020-02-28,40.11
VIX Index,2020-03-31,53.54
VIX Index,2020-04-30,34.15
VIX Index,2020-05-29,27.51
VIX Index,2020-06-30,30.43
VIX Index,2020-07-31,24.46
VIX Index,2020-08-31,26.41
VIX Index,2020-09-30,26.37
VIX Index,2020-10-30,38.02
VIX Index,2020-11-30,20.57
VIX Index,2020-12-31,22.75
VIX Index,2021-01-29,33.09
VIX Index,2021-02-26,27.95
VIX Index,2021-03-31,19.4
VIX Index,2021-04-30,18.61
VIX Index,2021-05-28,16.76
VIX Index,2021-06-30,15.83
VIX Index,2021-07-30,18.24
VIX Index,2021-08-31,16.48
VIX Index,2021-09-30,23.14
VIX Index,2021-10-29,16.26
VIX Index,2021-11-30,27.19
VIX Index,2021-12-31,17.22
VIX Index,2022-01-31,24.83
VIX Index,2022-02-28,30.15
VIX Index,2022-03-31,20.56
VIX Index,2022-04-29,33.4
VIX Index,2022-05-31,26.19
VIX Index,2022-06-30,28.71
VIX Index,2022-07-29,21.33
VIX Index,2022-08-31,25.87
VIX Index,2022-09-30,31.62
VIX Index,2022-10-31,25.88
VIX Index,2022-11-30,20.58
VIX Index,2022-12-30,21.67
VIX Index,2023-01-31,19.4
VIX Index,2023-02-28,20.7
VIX Index,2023-03-31,18.7
VIX Index,2023-04-28,15.78
VIX Index,2023-05-31,17.94
VIX Index,2023-06-30,13.59
VIX Index,2023-07-31,13.63
VIX Index,2023-08-31,13.57
VIX Index,2023-09-29,17.52
VIX Index,2023-10-31,18.14
VIX Index,2023-11-30,12.92
VIX Index,2023-12-29,12.45
VIX Index,2024-01-31,14.35
VIX Index,2024-02-29,13.4
VIX Index,2024-03-28,13.01
VIX Index,2024-04-30,15.65
VIX Index,2024-05-31,12.92
VIX Index,2024-06-28,12.44
VIX Index,2024-07-31,16.36
VIX Index,2024-08-30,15
VIX Index,2024-09-30,16.73
VIX Index,2024-10-31,23.16
VIX Index,2024-11-29,13.51
VIX Index,2024-12-31,17.35
VIX Index,2025-01-31,16.43
VIX Index,2025-02-28,19.63
VIX Index,2025-03-31,22.28
VIX Index,2025-04-30,24.7
VIX Index,2025-05-30,18.57
VIX Index,2025-06-30,16.73
VIX Index,2025-07-31,16.72
VIX Index,2025-08-29,15.36
VIX Index,2025-09-30,16.28
VIX Index,2025-10-31,17.44
VIX Index,2025-11-28,16.35
VIX Index,2025-12-31,14.95
VIX Index,2026-01-30,17.44
VIX Index,2026-02-27,19.86
VIX Index,2026-03-31,25.25
VIX Index,2026-04-30,16.89
VIX Index,2026-05-29,15.32
VIX Index,2026-06-30,16.45
VIX Index,2026-07-29,18.34
WTI Crude Oil,2000-08-31,33.1
WTI Crude Oil,2000-09-29,30.86
WTI Crude Oil,2000-10-31,32.69
WTI Crude Oil,2000-11-30,33.8
WTI Crude Oil,2000-12-29,26.8
WTI Crude Oil,2001-01-31,28.7
WTI Crude Oil,2001-02-28,27.42
WTI Crude Oil,2001-03-30,26.4
WTI Crude Oil,2001-04-30,28.46
WTI Crude Oil,2001-05-31,28.37
WTI Crude Oil,2001-06-29,26.25
WTI Crude Oil,2001-07-31,26.35
WTI Crude Oil,2001-08-31,27.2
WTI Crude Oil,2001-09-28,23.43
WTI Crude Oil,2001-10-31,21.18
WTI Crude Oil,2001-11-30,19.44
WTI Crude Oil,2001-12-31,19.84
WTI Crude Oil,2002-01-31,19.48
WTI Crude Oil,2002-02-28,21.85
WTI Crude Oil,2002-03-28,26.23
WTI Crude Oil,2002-04-30,27.29
WTI Crude Oil,2002-05-31,25.35
WTI Crude Oil,2002-06-28,26.86
WTI Crude Oil,2002-07-31,27.02
WTI Crude Oil,2002-08-30,28.98
WTI Crude Oil,2002-09-30,30.47
WTI Crude Oil,2002-10-31,27.22
WTI Crude Oil,2002-11-27,26.89
WTI Crude Oil,2002-12-31,31.2
WTI Crude Oil,2003-01-31,33.51
WTI Crude Oil,2003-02-28,36.6
WTI Crude Oil,2003-03-31,31.04
WTI Crude Oil,2003-04-30,25.8
WTI Crude Oil,2003-05-30,29.56
WTI Crude Oil,2003-06-30,30.19
WTI Crude Oil,2003-07-31,30.54
WTI Crude Oil,2003-08-29,31.57
WTI Crude Oil,2003-09-30,29.2
WTI Crude Oil,2003-10-31,29.11
WTI Crude Oil,2003-11-26,30.41
WTI Crude Oil,2003-12-31,32.52
WTI Crude Oil,2004-01-30,33.05
WTI Crude Oil,2004-02-27,36.16
WTI Crude Oil,2004-03-31,35.76
WTI Crude Oil,2004-04-30,37.38
WTI Crude Oil,2004-05-28,39.88
WTI Crude Oil,2004-06-30,37.05
WTI Crude Oil,2004-07-30,43.8
WTI Crude Oil,2004-08-31,42.12
WTI Crude Oil,2004-09-30,49.64
WTI Crude Oil,2004-10-29,51.76
WTI Crude Oil,2004-11-30,49.13
WTI Crude Oil,2004-12-30,43.45
WTI Crude Oil,2005-01-31,48.2
WTI Crude Oil,2005-02-28,51.75
WTI Crude Oil,2005-03-31,55.4
WTI Crude Oil,2005-04-29,49.72
WTI Crude Oil,2005-05-31,51.97
WTI Crude Oil,2005-06-30,56.5
WTI Crude Oil,2005-07-29,60.57
WTI Crude Oil,2005-08-31,68.94
WTI Crude Oil,2005-09-30,66.24
WTI Crude Oil,2005-10-31,59.76
WTI Crude Oil,2005-11-30,57.32
WTI Crude Oil,2005-12-30,61.04
WTI Crude Oil,2006-01-31,67.92
WTI Crude Oil,2006-02-28,61.41
WTI Crude Oil,2006-03-31,66.63
WTI Crude Oil,2006-04-28,71.88
WTI Crude Oil,2006-05-31,71.29
WTI Crude Oil,2006-06-30,73.98
WTI Crude Oil,2006-07-31,74.4
WTI Crude Oil,2006-08-31,70.26
WTI Crude Oil,2006-09-29,62.91
WTI Crude Oil,2006-10-31,58.73
WTI Crude Oil,2006-11-30,63.13
WTI Crude Oil,2006-12-29,61.05
WTI Crude Oil,2007-01-31,58.14
WTI Crude Oil,2007-02-28,61.79
WTI Crude Oil,2007-03-30,65.87
WTI Crude Oil,2007-04-30,65.71
WTI Crude Oil,2007-05-31,64.01
WTI Crude Oil,2007-06-29,70.68
WTI Crude Oil,2007-07-31,78.21
WTI Crude Oil,2007-08-31,74.04
WTI Crude Oil,2007-09-28,81.66
WTI Crude Oil,2007-10-31,94.53
WTI Crude Oil,2007-11-30,88.71
WTI Crude Oil,2007-12-31,95.98
WTI Crude Oil,2008-01-31,91.75
WTI Crude Oil,2008-02-29,101.84
WTI Crude Oil,2008-03-31,101.58
WTI Crude Oil,2008-04-30,113.46
WTI Crude Oil,2008-05-30,127.35
WTI Crude Oil,2008-06-30,140
WTI Crude Oil,2008-07-31,124.08
WTI Crude Oil,2008-08-29,115.46
WTI Crude Oil,2008-09-30,100.64
WTI Crude Oil,2008-10-31,67.81
WTI Crude Oil,2008-11-28,54.43
WTI Crude Oil,2008-12-31,44.6
WTI Crude Oil,2009-01-30,41.68
WTI Crude Oil,2009-02-27,44.76
WTI Crude Oil,2009-03-31,49.66
WTI Crude Oil,2009-04-30,51.12
WTI Crude Oil,2009-05-29,66.31
WTI Crude Oil,2009-06-30,69.89
WTI Crude Oil,2009-07-31,69.45
WTI Crude Oil,2009-08-31,69.96
WTI Crude Oil,2009-09-30,70.61
WTI Crude Oil,2009-10-30,77
WTI Crude Oil,2009-11-30,77.28
WTI Crude Oil,2009-12-31,79.36
WTI Crude Oil,2010-01-29,72.89
WTI Crude Oil,2010-02-26,79.66
WTI Crude Oil,2010-03-31,83.76
WTI Crude Oil,2010-04-30,86.15
WTI Crude Oil,2010-05-28,73.97
WTI Crude Oil,2010-06-30,75.63
WTI Crude Oil,2010-07-30,78.95
WTI Crude Oil,2010-08-31,71.92
WTI Crude Oil,2010-09-30,79.97
WTI Crude Oil,2010-10-29,81.43
WTI Crude Oil,2010-11-30,84.11
WTI Crude Oil,2010-12-31,91.38
WTI Crude Oil,2011-01-31,92.19
WTI Crude Oil,2011-02-28,96.97
WTI Crude Oil,2011-03-31,106.72
WTI Crude Oil,2011-04-29,113.93
WTI Crude Oil,2011-05-31,102.7
WTI Crude Oil,2011-06-30,95.42
WTI Crude Oil,2011-07-29,95.7
WTI Crude Oil,2011-08-31,88.81
WTI Crude Oil,2011-09-30,79.2
WTI Crude Oil,2011-10-31,93.19
WTI Crude Oil,2011-11-30,100.36
WTI Crude Oil,2011-12-30,98.83
WTI Crude Oil,2012-01-31,98.48
WTI Crude Oil,2012-02-29,107.07
WTI Crude Oil,2012-03-30,103.02
WTI Crude Oil,2012-04-30,104.87
WTI Crude Oil,2012-05-31,86.53
WTI Crude Oil,2012-06-29,84.96
WTI Crude Oil,2012-07-31,88.06
WTI Crude Oil,2012-08-31,96.47
WTI Crude Oil,2012-09-28,92.19
WTI Crude Oil,2012-10-31,86.24
WTI Crude Oil,2012-11-30,88.91
WTI Crude Oil,2012-12-31,91.82
WTI Crude Oil,2013-01-31,97.49
WTI Crude Oil,2013-02-28,92.05
WTI Crude Oil,2013-03-28,97.23
WTI Crude Oil,2013-04-30,93.46
WTI Crude Oil,2013-05-31,91.97
WTI Crude Oil,2013-06-28,96.56
WTI Crude Oil,2013-07-31,105.03
WTI Crude Oil,2013-08-30,107.65
WTI Crude Oil,2013-09-30,102.33
WTI Crude Oil,2013-10-31,96.38
WTI Crude Oil,2013-11-29,92.72
WTI Crude Oil,2013-12-31,98.42
WTI Crude Oil,2014-01-31,97.49
WTI Crude Oil,2014-02-28,102.59
WTI Crude Oil,2014-03-31,101.58
WTI Crude Oil,2014-04-30,99.74
WTI Crude Oil,2014-05-30,102.71
WTI Crude Oil,2014-06-30,105.37
WTI Crude Oil,2014-07-31,98.17
WTI Crude Oil,2014-08-29,95.96
WTI Crude Oil,2014-09-30,91.16
WTI Crude Oil,2014-10-31,80.54
WTI Crude Oil,2014-11-28,66.15
WTI Crude Oil,2014-12-31,53.27
WTI Crude Oil,2015-01-30,48.24
WTI Crude Oil,2015-02-27,49.76
WTI Crude Oil,2015-03-31,47.6
WTI Crude Oil,2015-04-30,59.63
WTI Crude Oil,2015-05-29,60.3
WTI Crude Oil,2015-06-30,59.47
WTI Crude Oil,2015-07-31,47.12
WTI Crude Oil,2015-08-31,49.2
WTI Crude Oil,2015-09-30,45.09
WTI Crude Oil,2015-10-30,46.59
WTI Crude Oil,2015-11-30,41.65
WTI Crude Oil,2015-12-31,37.04
WTI Crude Oil,2016-01-29,33.62
WTI Crude Oil,2016-02-29,33.75
WTI Crude Oil,2016-03-31,38.34
WTI Crude Oil,2016-04-29,45.92
WTI Crude Oil,2016-05-31,49.1
WTI Crude Oil,2016-06-30,48.33
WTI Crude Oil,2016-07-29,41.6
WTI Crude Oil,2016-08-31,44.7
WTI Crude Oil,2016-09-30,48.24
WTI Crude Oil,2016-10-31,46.86
WTI Crude Oil,2016-11-30,49.44
WTI Crude Oil,2016-12-30,53.72
WTI Crude Oil,2017-01-31,52.81
WTI Crude Oil,2017-02-28,54.01
WTI Crude Oil,2017-03-31,50.6
WTI Crude Oil,2017-04-28,49.33
WTI Crude Oil,2017-05-31,48.32
WTI Crude Oil,2017-06-30,46.04
WTI Crude Oil,2017-07-31,50.17
WTI Crude Oil,2017-08-31,47.23
WTI Crude Oil,2017-09-29,51.67
WTI Crude Oil,2017-10-31,54.38
WTI Crude Oil,2017-11-30,57.4
WTI Crude Oil,2017-12-29,60.42
WTI Crude Oil,2018-01-31,64.73
WTI Crude Oil,2018-02-28,61.64
WTI Crude Oil,2018-03-29,64.94
WTI Crude Oil,2018-04-30,68.57
WTI Crude Oil,2018-05-31,67.04
WTI Crude Oil,2018-06-29,74.15
WTI Crude Oil,2018-07-31,68.76
WTI Crude Oil,2018-08-31,69.8
WTI Crude Oil,2018-09-28,73.25
WTI Crude Oil,2018-10-31,65.31
WTI Crude Oil,2018-11-30,50.93
WTI Crude Oil,2018-12-31,45.41
WTI Crude Oil,2019-01-31,53.79
WTI Crude Oil,2019-02-28,57.22
WTI Crude Oil,2019-03-29,60.14
WTI Crude Oil,2019-04-30,63.91
WTI Crude Oil,2019-05-31,53.5
WTI Crude Oil,2019-06-28,58.47
WTI Crude Oil,2019-07-31,58.58
WTI Crude Oil,2019-08-30,55.1
WTI Crude Oil,2019-09-30,54.07
WTI Crude Oil,2019-10-31,54.18
WTI Crude Oil,2019-11-29,55.17
WTI Crude Oil,2019-12-31,61.06
WTI Crude Oil,2020-01-31,51.56
WTI Crude Oil,2020-02-28,44.76
WTI Crude Oil,2020-03-31,20.48
WTI Crude Oil,2020-04-30,18.84
WTI Crude Oil,2020-05-29,35.49
WTI Crude Oil,2020-06-30,39.27
WTI Crude Oil,2020-07-31,40.27
WTI Crude Oil,2020-08-31,42.61
WTI Crude Oil,2020-09-30,40.22
WTI Crude Oil,2020-10-30,35.79
WTI Crude Oil,2020-11-30,45.34
WTI Crude Oil,2020-12-31,48.52
WTI Crude Oil,2021-01-29,52.2
WTI Crude Oil,2021-02-26,61.5
WTI Crude Oil,2021-03-31,59.16
WTI Crude Oil,2021-04-30,63.58
WTI Crude Oil,2021-05-28,66.32
WTI Crude Oil,2021-06-30,73.47
WTI Crude Oil,2021-07-30,73.95
WTI Crude Oil,2021-08-31,68.5
WTI Crude Oil,2021-09-30,75.03
WTI Crude Oil,2021-10-29,83.57
WTI Crude Oil,2021-11-30,66.18
WTI Crude Oil,2021-12-31,75.21
WTI Crude Oil,2022-01-31,88.15
WTI Crude Oil,2022-02-28,95.72
WTI Crude Oil,2022-03-31,100.28
WTI Crude Oil,2022-04-29,104.69
WTI Crude Oil,2022-05-31,114.67
WTI Crude Oil,2022-06-30,105.76
WTI Crude Oil,2022-07-29,98.62
WTI Crude Oil,2022-08-31,89.55
WTI Crude Oil,2022-09-30,79.49
WTI Crude Oil,2022-10-31,86.53
WTI Crude Oil,2022-11-30,80.55
WTI Crude Oil,2022-12-30,80.26
WTI Crude Oil,2023-01-31,78.87
WTI Crude Oil,2023-02-28,77.05
WTI Crude Oil,2023-03-31,75.67
WTI Crude Oil,2023-04-28,76.78
WTI Crude Oil,2023-05-31,68.09
WTI Crude Oil,2023-06-30,70.64
WTI Crude Oil,2023-07-31,81.8
WTI Crude Oil,2023-08-31,83.63
WTI Crude Oil,2023-09-29,90.79
WTI Crude Oil,2023-10-31,81.02
WTI Crude Oil,2023-11-30,75.96
WTI Crude Oil,2023-12-29,71.65
WTI Crude Oil,2024-01-31,75.85
WTI Crude Oil,2024-02-29,78.26
WTI Crude Oil,2024-03-28,83.17
WTI Crude Oil,2024-04-30,81.93
WTI Crude Oil,2024-05-31,76.99
WTI Crude Oil,2024-06-28,81.54
WTI Crude Oil,2024-07-31,77.91
WTI Crude Oil,2024-08-30,73.55
WTI Crude Oil,2024-09-30,68.17
WTI Crude Oil,2024-10-31,69.26
WTI Crude Oil,2024-11-29,68
WTI Crude Oil,2024-12-31,71.72
WTI Crude Oil,2025-01-31,72.53
WTI Crude Oil,2025-02-28,69.76
WTI Crude Oil,2025-03-31,71.48
WTI Crude Oil,2025-04-30,58.21
WTI Crude Oil,2025-05-30,60.79
WTI Crude Oil,2025-06-30,65.11
WTI Crude Oil,2025-07-31,69.26
WTI Crude Oil,2025-08-29,64.01
WTI Crude Oil,2025-09-30,62.37
WTI Crude Oil,2025-10-31,60.98
WTI Crude Oil,2025-11-28,58.55
WTI Crude Oil,2025-12-31,57.42
WTI Crude Oil,2026-01-30,65.21
WTI Crude Oil,2026-02-27,67.02
WTI Crude Oil,2026-03-31,101.38
WTI Crude Oil,2026-04-30,105.07
WTI Crude Oil,2026-05-29,87.36
WTI Crude Oil,2026-06-30,69.5
WTI Crude Oil,2026-07-29,82.79
Wheat,2000-07-31,246
Wheat,2000-08-31,251
Wheat,2000-09-29,258
Wheat,2000-10-31,253.5
Wheat,2000-11-30,252.5
Wheat,2000-12-29,272.75
Wheat,2001-01-31,271
Wheat,2001-02-28,257.5
Wheat,2001-03-29,265
Wheat,2001-04-30,265.75
Wheat,2001-05-31,264.75
Wheat,2001-06-29,244.75
Wheat,2001-07-31,275
Wheat,2001-08-30,274.25
Wheat,2001-09-28,275
Wheat,2001-10-31,295.25
Wheat,2001-11-30,278
Wheat,2001-12-31,291
Wheat,2002-01-31,286.5
Wheat,2002-02-28,271.5
Wheat,2002-03-28,294.5
Wheat,2002-04-30,261.75
Wheat,2002-05-31,282.25
Wheat,2002-06-28,307
Wheat,2002-07-31,334
Wheat,2002-08-30,362.25
Wheat,2002-09-30,396.5
Wheat,2002-10-31,402.25
Wheat,2002-11-29,373
Wheat,2002-12-31,325
Wheat,2003-01-31,320.5
Wheat,2003-02-28,312.5
Wheat,2003-03-31,286.75
Wheat,2003-04-30,279.5
Wheat,2003-05-30,324.25
Wheat,2003-06-30,301.75
Wheat,2003-07-31,348.5
Wheat,2003-08-29,367.5
Wheat,2003-09-30,360.25
Wheat,2003-10-31,369.5
Wheat,2003-11-28,406.75
Wheat,2003-12-31,377
Wheat,2004-01-30,389
Wheat,2004-02-27,380.75
Wheat,2004-03-31,408
Wheat,2004-04-30,381.5
Wheat,2004-05-28,362
Wheat,2004-06-30,338
Wheat,2004-07-30,312.25
Wheat,2004-08-31,309.75
Wheat,2004-09-30,306.75
Wheat,2004-10-29,316.5
Wheat,2004-11-30,289.75
Wheat,2004-12-31,307.5
Wheat,2005-01-31,291
Wheat,2005-02-28,337.25
Wheat,2005-03-31,331
Wheat,2005-04-29,318
Wheat,2005-05-31,331.75
Wheat,2005-06-30,321.5
Wheat,2005-07-29,327.75
Wheat,2005-08-31,301.5
Wheat,2005-09-30,346.25
Wheat,2005-10-31,317
Wheat,2005-11-30,304
Wheat,2005-12-30,339.25
Wheat,2006-01-31,343.25
Wheat,2006-02-28,370.25
Wheat,2006-03-31,347.75
Wheat,2006-04-28,346.25
Wheat,2006-05-31,393.5
Wheat,2006-06-30,371.5
Wheat,2006-07-31,397.5
Wheat,2006-08-31,404
Wheat,2006-09-29,443
Wheat,2006-10-31,483
Wheat,2006-11-30,502
Wheat,2006-12-29,501
Wheat,2007-01-31,467.5
Wheat,2007-02-28,474.5
Wheat,2007-03-30,438
Wheat,2007-04-30,485.5
Wheat,2007-05-31,517
Wheat,2007-06-29,582
Wheat,2007-07-31,630
Wheat,2007-08-31,767
Wheat,2007-09-28,939
Wheat,2007-10-31,808
Wheat,2007-11-30,867
Wheat,2007-12-31,885
Wheat,2008-01-31,929.5
Wheat,2008-02-29,1073
Wheat,2008-03-31,929
Wheat,2008-04-30,787.25
Wheat,2008-05-30,761.5
Wheat,2008-06-30,843.5
Wheat,2008-07-31,783.75
Wheat,2008-08-29,779.25
Wheat,2008-09-30,680
Wheat,2008-10-31,536.25
Wheat,2008-11-28,542.5
Wheat,2008-12-31,610.75
Wheat,2009-01-30,568
Wheat,2009-02-27,510.5
Wheat,2009-03-31,532.75
Wheat,2009-04-30,524.25
Wheat,2009-05-29,637.25
Wheat,2009-06-30,511.25
Wheat,2009-07-31,528.25
Wheat,2009-08-31,471
Wheat,2009-09-30,457.5
Wheat,2009-10-30,494.25
Wheat,2009-11-30,567.5
Wheat,2009-12-31,541.5
Wheat,2010-01-29,474
Wheat,2010-02-26,506.5
Wheat,2010-03-31,450.5
Wheat,2010-04-30,491.75
Wheat,2010-05-28,457.75
Wheat,2010-06-30,464.75
Wheat,2010-07-30,661.5
Wheat,2010-08-31,652.5
Wheat,2010-09-30,674
Wheat,2010-10-29,717.25
Wheat,2010-11-30,650.25
Wheat,2010-12-31,794.25
Wheat,2011-01-31,840.75
Wheat,2011-02-28,782.5
Wheat,2011-03-31,763.25
Wheat,2011-04-29,769.25
Wheat,2011-05-31,782.25
Wheat,2011-06-30,584.75
Wheat,2011-07-29,672.5
Wheat,2011-08-31,745.25
Wheat,2011-09-30,609.25
Wheat,2011-10-31,628.25
Wheat,2011-11-30,595.75
Wheat,2011-12-30,652.75
Wheat,2012-01-31,666
Wheat,2012-02-29,664.25
Wheat,2012-03-30,660.75
Wheat,2012-04-30,647.75
Wheat,2012-05-31,643.75
Wheat,2012-06-29,739
Wheat,2012-07-31,888.25
Wheat,2012-08-31,870
Wheat,2012-09-28,902.5
Wheat,2012-10-31,864.5
Wheat,2012-11-30,844.75
Wheat,2012-12-31,778
Wheat,2013-01-31,779.5
Wheat,2013-02-28,707.75
Wheat,2013-03-28,687.75
Wheat,2013-04-30,721.75
Wheat,2013-05-31,705.5
Wheat,2013-06-28,648.5
Wheat,2013-07-31,664.25
Wheat,2013-08-30,643.25
Wheat,2013-09-30,678.5
Wheat,2013-10-31,667.5
Wheat,2013-11-29,655
Wheat,2013-12-31,605.25
Wheat,2014-01-31,555.75
Wheat,2014-02-28,599
Wheat,2014-03-31,697.25
Wheat,2014-04-30,713
Wheat,2014-05-30,627.25
Wheat,2014-06-30,564.75
Wheat,2014-07-31,530.25
Wheat,2014-08-29,550.25
Wheat,2014-09-30,477.75
Wheat,2014-10-31,532.5
Wheat,2014-11-28,577.25
Wheat,2014-12-31,589.75
Wheat,2015-01-30,502.75
Wheat,2015-02-27,517.5
Wheat,2015-03-31,511.75
Wheat,2015-04-30,467
Wheat,2015-05-29,477
Wheat,2015-06-30,614.75
Wheat,2015-07-31,499.25
Wheat,2015-08-31,482.5
Wheat,2015-09-30,512.75
Wheat,2015-10-30,522
Wheat,2015-11-30,460
Wheat,2015-12-31,470
Wheat,2016-01-29,479.25
Wheat,2016-02-29,445
Wheat,2016-03-31,473.5
Wheat,2016-04-29,478
Wheat,2016-05-31,464.5
Wheat,2016-06-30,431.25
Wheat,2016-07-29,407.75
Wheat,2016-08-31,361
Wheat,2016-09-30,402
Wheat,2016-10-31,416.25
Wheat,2016-11-30,380.5
Wheat,2016-12-30,408
Wheat,2017-01-31,420.75
Wheat,2017-02-28,424.75
Wheat,2017-03-31,426.5
Wheat,2017-04-28,418.5
Wheat,2017-05-31,429.25
Wheat,2017-06-30,511
Wheat,2017-07-31,474.5
Wheat,2017-08-31,410.25
Wheat,2017-09-29,448.25
Wheat,2017-10-31,418.5
Wheat,2017-11-30,409.25
Wheat,2017-12-29,427
Wheat,2018-01-31,451.75
Wheat,2018-02-28,484.5
Wheat,2018-03-29,451
Wheat,2018-04-30,512.5
Wheat,2018-05-31,526.25
Wheat,2018-06-29,497.5
Wheat,2018-07-31,553.75
Wheat,2018-08-31,518.5
Wheat,2018-09-28,509
Wheat,2018-10-31,500.5
Wheat,2018-11-30,515.75
Wheat,2018-12-31,503.25
Wheat,2019-01-31,516.5
Wheat,2019-02-28,452.5
Wheat,2019-03-29,457.75
Wheat,2019-04-30,418.5
Wheat,2019-05-31,503
Wheat,2019-06-28,528
Wheat,2019-07-31,487.25
Wheat,2019-08-30,451.25
Wheat,2019-09-30,495.75
Wheat,2019-10-31,508.75
Wheat,2019-11-29,547.5
Wheat,2019-12-31,558.75
Wheat,2020-01-31,553.75
Wheat,2020-02-28,529
Wheat,2020-03-31,568.75
Wheat,2020-04-30,529.75
Wheat,2020-05-29,520.75
Wheat,2020-06-30,490
Wheat,2020-07-31,531.25
Wheat,2020-08-31,544.25
Wheat,2020-09-30,578
Wheat,2020-10-30,598.5
Wheat,2020-11-30,580.25
Wheat,2020-12-31,640.5
Wheat,2021-01-29,663
Wheat,2021-02-26,655
Wheat,2021-03-31,618
Wheat,2021-04-30,742.5
Wheat,2021-05-28,663.5
Wheat,2021-06-30,671.5
Wheat,2021-07-30,703.75
Wheat,2021-08-31,706.75
Wheat,2021-09-30,725.5
Wheat,2021-10-29,772.75
Wheat,2021-11-30,773.75
Wheat,2021-12-31,770.75
Wheat,2022-01-31,761.25
Wheat,2022-02-28,928
Wheat,2022-03-31,1006
Wheat,2022-04-29,1043.75
Wheat,2022-05-31,1087.5
Wheat,2022-06-30,868.75
Wheat,2022-07-29,807.75
Wheat,2022-08-31,809
Wheat,2022-09-30,921.5
Wheat,2022-10-31,882.25
Wheat,2022-11-30,771.5
Wheat,2022-12-30,792
Wheat,2023-01-31,761.25
Wheat,2023-02-28,691.5
Wheat,2023-03-31,692.25
Wheat,2023-04-28,619.75
Wheat,2023-05-31,594.25
Wheat,2023-06-30,636.25
Wheat,2023-07-31,665.75
Wheat,2023-08-31,573
Wheat,2023-09-29,541.5
Wheat,2023-10-31,556.25
Wheat,2023-11-30,570.25
Wheat,2023-12-29,628
Wheat,2024-01-31,595.25
Wheat,2024-02-29,577.5
Wheat,2024-03-28,560.25
Wheat,2024-04-30,585
Wheat,2024-05-31,678.5
Wheat,2024-06-28,553.5
Wheat,2024-07-31,527.25
Wheat,2024-08-30,532.75
Wheat,2024-09-30,584
Wheat,2024-10-31,570.5
Wheat,2024-11-29,532.25
Wheat,2024-12-31,551.5
Wheat,2025-01-31,559.5
Wheat,2025-02-28,537
Wheat,2025-03-31,537
Wheat,2025-04-30,513
Wheat,2025-05-30,534
Wheat,2025-06-30,528.75
Wheat,2025-07-31,523.25
Wheat,2025-08-29,518
Wheat,2025-09-30,508
Wheat,2025-10-31,534
Wheat,2025-11-28,531
Wheat,2025-12-31,507
Wheat,2026-01-30,538
Wheat,2026-02-27,591.25
Wheat,2026-03-31,616.25
Wheat,2026-04-30,623.75
Wheat,2026-05-29,610.5
Wheat,2026-06-30,580.75
Wheat,2026-07-29,660
XRP,2017-11-30,0.2509
XRP,2017-12-31,2.3006
XRP,2018-01-31,1.1624
XRP,2018-02-28,0.9046
XRP,2018-03-31,0.5124
XRP,2018-04-30,0.8379
XRP,2018-05-31,0.6126
XRP,2018-06-30,0.4662
XRP,2018-07-31,0.4352
XRP,2018-08-31,0.3353
XRP,2018-09-30,0.5816
XRP,2018-10-31,0.4484
XRP,2018-11-30,0.3625
XRP,2018-12-31,0.3527
XRP,2019-01-31,0.31
XRP,2019-02-28,0.3151
XRP,2019-03-31,0.3092
XRP,2019-04-30,0.3095
XRP,2019-05-31,0.4386
XRP,2019-06-30,0.3964
XRP,2019-07-31,0.3209
XRP,2019-08-31,0.2592
XRP,2019-09-30,0.2559
XRP,2019-10-31,0.2964
XRP,2019-11-30,0.2265
XRP,2019-12-31,0.1929
XRP,2020-01-31,0.2392
XRP,2020-02-29,0.2312
XRP,2020-03-31,0.1746
XRP,2020-04-30,0.2128
XRP,2020-05-31,0.2029
XRP,2020-06-30,0.1759
XRP,2020-07-31,0.2589
XRP,2020-08-31,0.2818
XRP,2020-09-30,0.2418
XRP,2020-10-31,0.2397
XRP,2020-11-30,0.6643
XRP,2020-12-31,0.2198
XRP,2021-01-31,0.4923
XRP,2021-02-28,0.415
XRP,2021-03-31,0.5739
XRP,2021-04-30,1.5917
XRP,2021-05-31,1.0466
XRP,2021-06-30,0.7064
XRP,2021-07-31,0.7478
XRP,2021-08-31,1.1876
XRP,2021-09-30,0.9526
XRP,2021-10-31,1.1132
XRP,2021-11-30,0.9988
XRP,2021-12-31,0.8312
XRP,2022-01-31,0.6191
XRP,2022-02-28,0.782
XRP,2022-03-31,0.8146
XRP,2022-04-30,0.5871
XRP,2022-05-31,0.4219
XRP,2022-06-30,0.3314
XRP,2022-07-31,0.3805
XRP,2022-08-31,0.3279
XRP,2022-09-30,0.4798
XRP,2022-10-31,0.4659
XRP,2022-11-30,0.4087
XRP,2022-12-31,0.3399
XRP,2023-01-31,0.4064
XRP,2023-02-28,0.3771
XRP,2023-03-31,0.5385
XRP,2023-04-30,0.4723
XRP,2023-05-31,0.5174
XRP,2023-06-30,0.474
XRP,2023-07-31,0.6985
XRP,2023-08-31,0.5108
XRP,2023-09-30,0.5154
XRP,2023-10-31,0.6003
XRP,2023-11-30,0.6064
XRP,2023-12-31,0.6149
XRP,2024-01-31,0.5032
XRP,2024-02-29,0.5863
XRP,2024-03-31,0.6292
XRP,2024-04-30,0.5001
XRP,2024-05-31,0.5178
XRP,2024-06-30,0.4755
XRP,2024-07-31,0.6239
XRP,2024-08-31,0.5663
XRP,2024-09-30,0.6115
XRP,2024-10-31,0.5092
XRP,2024-11-30,1.9441
XRP,2024-12-31,2.0801
XRP,2025-01-31,3.0354
XRP,2025-02-28,2.1456
XRP,2025-03-31,2.0899
XRP,2025-04-30,2.1916
XRP,2025-05-31,2.1751
XRP,2025-06-30,2.2387
XRP,2025-07-31,3.0252
XRP,2025-08-31,2.7766
XRP,2025-09-30,2.8469
XRP,2025-10-31,2.5087
XRP,2025-11-30,2.161
XRP,2025-12-31,1.84
XRP,2026-01-31,1.6455
XRP,2026-02-28,1.3772
XRP,2026-03-31,1.3403
XRP,2026-04-30,1.3674
XRP,2026-05-31,1.3313
XRP,2026-06-30,1.0384
XRP,2026-07-29,1.0727
